{
  "total_runs": {
    "target": "total_runs",
    "pooled": {
      "champion": {
        "n": 13354,
        "level": 0.8,
        "coverage": 0.781863112176127,
        "coverage_gap": -0.018136887823873016,
        "pit_ks": 0.0717541224920446,
        "pit_hist": [
          1457,
          1793,
          1575,
          1448,
          1296,
          1186,
          1061,
          1046,
          1036,
          1456
        ],
        "nll_mean": 2.870948619362453,
        "crps_mean": 2.371970510595121,
        "mean_pred": 9.255673194406153,
        "mean_actual": 9.054215965253857,
        "bias": 0.2014572291522967,
        "pct_over": {
          "n_lined": 7689,
          "model_pct_over": 0.5638187826157633,
          "actual_pct_over": 0.48328781375991675
        }
      },
      "challenger": {
        "n": 13354,
        "level": 0.8,
        "coverage": 0.7885277819379961,
        "coverage_gap": -0.011472218062003936,
        "pit_ks": 0.0820108562106403,
        "pit_hist": [
          1484,
          1793,
          1644,
          1508,
          1273,
          1214,
          1026,
          1045,
          1027,
          1340
        ],
        "nll_mean": 2.8679949566351954,
        "crps_mean": 2.376509584328683,
        "mean_pred": 9.37899492605207,
        "mean_actual": 9.054215965253857,
        "bias": 0.3247789607982128,
        "pct_over": {
          "n_lined": 7689,
          "model_pct_over": 0.5665040662283284,
          "actual_pct_over": 0.48328781375991675
        }
      }
    },
    "per_season": [
      {
        "season": 2019,
        "champion": {
          "n": 1996,
          "level": 0.8,
          "coverage": 0.7474949899799599,
          "coverage_gap": -0.052505010020040155,
          "pit_ks": 0.07314021480767652,
          "pit_hist": [
            240,
            260,
            216,
            222,
            175,
            183,
            142,
            147,
            147,
            264
          ],
          "nll_mean": 2.937985096719422,
          "crps_mean": 2.492355618404304,
          "mean_pred": 9.787503156714306,
          "mean_actual": 9.696392785571142,
          "bias": 0.09111037114316467
        },
        "challenger": {
          "n": 1996,
          "level": 0.8,
          "coverage": 0.7580160320641283,
          "coverage_gap": -0.04198396793587178,
          "pit_ks": 0.10308565761413474,
          "pit_hist": [
            268,
            256,
            240,
            235,
            173,
            175,
            153,
            131,
            150,
            215
          ],
          "nll_mean": 2.91712764112063,
          "crps_mean": 2.4876179395305926,
          "mean_pred": 10.139576252730025,
          "mean_actual": 9.696392785571142,
          "bias": 0.44318346715888346
        }
      },
      {
        "season": 2020,
        "champion": {
          "n": 540,
          "level": 0.8,
          "coverage": 0.7703703703703704,
          "coverage_gap": -0.029629629629629672,
          "pit_ks": 0.11934233906812824,
          "pit_hist": [
            80,
            80,
            63,
            47,
            56,
            39,
            53,
            42,
            36,
            44
          ],
          "nll_mean": 2.8693058225711274,
          "crps_mean": 2.40031796271098,
          "mean_pred": 10.172073331584276,
          "mean_actual": 9.414814814814815,
          "bias": 0.7572585167694612
        },
        "challenger": {
          "n": 540,
          "level": 0.8,
          "coverage": 0.762962962962963,
          "coverage_gap": -0.03703703703703709,
          "pit_ks": 0.14507104490790423,
          "pit_hist": [
            90,
            78,
            68,
            50,
            51,
            47,
            44,
            40,
            34,
            38
          ],
          "nll_mean": 2.8737451419484885,
          "crps_mean": 2.426278337759615,
          "mean_pred": 10.444687528131766,
          "mean_actual": 9.414814814814815,
          "bias": 1.0298727133169514
        }
      },
      {
        "season": 2021,
        "champion": {
          "n": 1954,
          "level": 0.8,
          "coverage": 0.7932446264073695,
          "coverage_gap": -0.006755373592630565,
          "pit_ks": 0.0925391739373786,
          "pit_hist": [
            204,
            269,
            251,
            225,
            198,
            159,
            177,
            123,
            148,
            200
          ],
          "nll_mean": 2.8534359962036464,
          "crps_mean": 2.334013437228981,
          "mean_pred": 9.4636368947602,
          "mean_actual": 9.107471852610031,
          "bias": 0.35616504215016853
        },
        "challenger": {
          "n": 1954,
          "level": 0.8,
          "coverage": 0.8239508700102354,
          "coverage_gap": 0.023950870010235326,
          "pit_ks": 0.10248967609921772,
          "pit_hist": [
            187,
            263,
            271,
            246,
            201,
            182,
            159,
            136,
            152,
            157
          ],
          "nll_mean": 2.8592924021347432,
          "crps_mean": 2.3449369944138083,
          "mean_pred": 9.620963463006904,
          "mean_actual": 9.107471852610031,
          "bias": 0.5134916103968727
        }
      },
      {
        "season": 2022,
        "champion": {
          "n": 2010,
          "level": 0.8,
          "coverage": 0.7890547263681592,
          "coverage_gap": -0.010945273631840835,
          "pit_ks": 0.040852871639306954,
          "pit_hist": [
            184,
            245,
            230,
            212,
            204,
            202,
            164,
            175,
            154,
            240
          ],
          "nll_mean": 2.857397137055983,
          "crps_mean": 2.2988906221252883,
          "mean_pred": 8.501859735530372,
          "mean_actual": 8.65771144278607,
          "bias": -0.15585170725569775
        },
        "challenger": {
          "n": 2010,
          "level": 0.8,
          "coverage": 0.7840796019900498,
          "coverage_gap": -0.015920398009950265,
          "pit_ks": 0.04560323558050006,
          "pit_hist": [
            189,
            250,
            219,
            230,
            202,
            190,
            156,
            176,
            153,
            245
          ],
          "nll_mean": 2.849807493854974,
          "crps_mean": 2.2950198857527138,
          "mean_pred": 8.560496580028682,
          "mean_actual": 8.65771144278607,
          "bias": -0.09721486275738833
        }
      },
      {
        "season": 2023,
        "champion": {
          "n": 2010,
          "level": 0.8,
          "coverage": 0.7830845771144279,
          "coverage_gap": -0.01691542288557213,
          "pit_ks": 0.0580660398212019,
          "pit_hist": [
            202,
            247,
            234,
            230,
            180,
            160,
            168,
            170,
            185,
            234
          ],
          "nll_mean": 2.8748946604603827,
          "crps_mean": 2.378595745437731,
          "mean_pred": 9.149779348302038,
          "mean_actual": 9.210945273631841,
          "bias": -0.06116592532980292
        },
        "challenger": {
          "n": 2010,
          "level": 0.8,
          "coverage": 0.7920398009950249,
          "coverage_gap": -0.007960199004975133,
          "pit_ks": 0.05120801014024756,
          "pit_hist": [
            188,
            233,
            264,
            220,
            184,
            173,
            160,
            179,
            179,
            230
          ],
          "nll_mean": 2.868297198877342,
          "crps_mean": 2.373615493899375,
          "mean_pred": 9.152433481505575,
          "mean_actual": 9.210945273631841,