{
  "total_runs": {
    "target": "total_runs",
    "pooled": {
      "champion": {
        "n": 4818,
        "level": 0.8,
        "coverage": 0.7779161477791615,
        "coverage_gap": -0.02208385222083853,
        "pit_ks": 0.07478441122713825,
        "pit_hist": [
          538,
          683,
          564,
          476,
          441,
          444,
          364,
          379,
          397,
          532
        ],
        "nll_mean": 2.863895772082891,
        "crps_mean": 2.3634545314860884,
        "mean_pred": 9.026729718816098,
        "mean_actual": 8.831672893316728,
        "bias": 0.19505682549936942,
        "pct_over": {
          "n_lined": 3480,
          "model_pct_over": 0.5573537045419237,
          "actual_pct_over": 0.4844827586206897
        }
      },
      "challenger": {
        "n": 4818,
        "level": 0.8,
        "coverage": 0.7779161477791615,
        "coverage_gap": -0.02208385222083853,
        "pit_ks": 0.06946182946388907,
        "pit_hist": [
          526,
          673,
          565,
          479,
          470,
          416,
          390,
          383,
          372,
          544
        ],
        "nll_mean": 2.8580273891065864,
        "crps_mean": 2.3480669043301394,
        "mean_pred": 8.987504942624557,
        "mean_actual": 8.831672893316728,
        "bias": 0.15583204930782912,
        "pct_over": {
          "n_lined": 3480,
          "model_pct_over": 0.5514942159623455,
          "actual_pct_over": 0.4844827586206897
        }
      }
    },
    "per_season": [
      {
        "season": 2024,
        "champion": {
          "n": 2000,
          "level": 0.8,
          "coverage": 0.801,
          "coverage_gap": 0.0010000000000000009,
          "pit_ks": 0.03178209996587988,
          "pit_hist": [
            157,
            258,
            241,
            181,
            178,
            199,
            173,
            176,
            196,
            241
          ],
          "nll_mean": 2.8205181067395406,
          "crps_mean": 2.2529509379273924,
          "mean_pred": 8.45361397269359,
          "mean_actual": 8.718,
          "bias": -0.2643860273064096
        },
        "challenger": {
          "n": 2000,
          "level": 0.8,
          "coverage": 0.7845,
          "coverage_gap": -0.01550000000000007,
          "pit_ks": 0.06881381359671501,
          "pit_hist": [
            222,
            274,
            231,
            197,
            194,
            183,
            164,
            157,
            169,
            209
          ],
          "nll_mean": 2.826551225587049,
          "crps_mean": 2.2731179821745737,
          "mean_pred": 8.91521520037926,
          "mean_actual": 8.718,
          "bias": 0.19721520037925977
        }
      },
      {
        "season": 2025,
        "champion": {
          "n": 2026,
          "level": 0.8,
          "coverage": 0.7379072063178678,
          "coverage_gap": -0.062092793682132275,
          "pit_ks": 0.13423942762893593,
          "pit_hist": [
            319,
            316,
            229,
            204,
            184,
            163,
            134,
            135,
            130,
            212
          ],
          "nll_mean": 2.9193486743878805,
          "crps_mean": 2.4920791524313213,
          "mean_pred": 9.595177857679708,
          "mean_actual": 8.884995064165844,
          "bias": 0.710182793513864
        },
        "challenger": {
          "n": 2026,
          "level": 0.8,
          "coverage": 0.7611056268509379,
          "coverage_gap": -0.03889437314906219,
          "pit_ks": 0.08771792421300462,
          "pit_hist": [
            238,
            301,
            243,
            197,
            183,
            161,
            161,
            161,
            135,
            246
          ],
          "nll_mean": 2.8969598217413184,
          "crps_mean": 2.434950466548513,
          "mean_pred": 9.094992254794168,
          "mean_actual": 8.884995064165844,
          "bias": 0.20999719062832334
        }
      },
      {
        "season": 2026,
        "champion": {
          "n": 792,
          "level": 0.8,
          "coverage": 0.821969696969697,
          "coverage_gap": 0.021969696969696972,
          "pit_ks": 0.05635053162768511,
          "pit_hist": [
            62,
            109,
            94,
            91,
            79,
            82,
            57,
            68,
            71,
            79
          ],
          "nll_mean": 2.8315823258919703,
          "crps_mean": 2.313471835882998,
          "mean_pred": 9.019855429557687,
          "mean_actual": 8.982323232323232,
          "bias": 0.03753219723445511
        },
        "challenger": {
          "n": 792,
          "level": 0.8,
          "coverage": 0.8042929292929293,
          "coverage_gap": 0.004292929292929237,
          "pit_ks": 0.04732747137379034,
          "pit_hist": [
            66,
            98,
            91,
            85,
            93,
            72,
            65,
            65,
            68,
            89
          ],
          "nll_mean": 2.8379203417847534,
          "crps_mean": 2.31507668621992,
          "mean_pred": 8.895093566406082,
          "mean_actual": 8.982323232323232,
          "bias": -0.08722966591714965
        }
      }
    ],
    "calibration_ok": true,
    "verdict": "CALIBRATION OK \u2014 coverage_80 + NLL pass; bias + pct_over pass as HARD gates (regime-adjusted, Story 27.7).",
    "hard_gates": {
      "calibrated": true,
      "no_nll_regress": true
    },
    "diagnostics": {
      "bias_ok": true,
      "pct_over_ok": true,
      "note": "regime-confounded; not gating until Story 27.6"
    }
  }
}