{
  "run_diff": {
    "target": "run_diff",
    "metric": "mae",
    "champion_recipe": "ngboost-Normal(champion)",
    "challenger_recipe": "ngboost-Normal(challenger)",
    "n_features": {
      "champion": 374,
      "challenger": 19
    },
    "decision": "HOLD",
    "override_applied": false,
    "correctness_override": null,
    "overall_delta": -0.021469933140765243,
    "boot_ci": [
      -0.046461648810742655,
      0.0024900050014996394
    ],
    "per_season": [
      {
        "season": 2024,
        "n": 2002,
        "champion": 3.013182845602305,
        "challenger": 2.9855050714859126,
        "delta": -0.027677774116392495,
        "complete": true,
        "regressed": false
      },
      {
        "season": 2025,
        "n": 2026,
        "champion": 3.1196010416435898,
        "challenger": 3.104265411381998,
        "delta": -0.015335630261591682,
        "complete": true,
        "regressed": false
      },
      {
        "season": 2026,
        "n": 816,
        "champion": 3.1355046090524374,
        "challenger": 3.128731561652758,
        "delta": -0.006773047399679655,
        "complete": false,
        "regressed": false
      }
    ],
    "reasons": [
      "Pooled improvement -0.0215 clears the 0.02 noise floor.",
      "Paired bootstrap 95% CI upper bound +0.0025 \u2265 0 (not significant).",
      "No completed season regresses beyond tolerance (cross-season consistent).",
      "Current season 2026 corroborates (-0.0068)."
    ]
  }
}