{
  "total_runs": {
    "target": "total_runs",
    "metric": "mae",
    "champion_recipe": "ngboost-Normal(champion)",
    "challenger_recipe": "ngboost-Normal(challenger)",
    "n_features": {
      "champion": 111,
      "challenger": 115
    },
    "decision": "HOLD",
    "override_applied": false,
    "correctness_override": null,
    "overall_delta": -0.006809097378396099,
    "boot_ci": [
      -0.014620941678198841,
      0.0014397573589950662
    ],
    "per_season": [
      {
        "season": 2024,
        "n": 2000,
        "champion": 3.244561565000298,
        "challenger": 3.2275511317637027,
        "delta": -0.017010433236595457,
        "complete": true,
        "regressed": false
      },
      {
        "season": 2025,
        "n": 2026,
        "champion": 3.440196799708963,
        "challenger": 3.443458122723656,
        "delta": 0.0032613230146929517,
        "complete": true,
        "regressed": false
      },
      {
        "season": 2026,
        "n": 792,
        "champion": 3.290403228907409,
        "challenger": 3.261770146499699,
        "delta": -0.02863308240771012,
        "complete": false,
        "regressed": false
      }
    ],
    "reasons": [
      "Pooled improvement -0.0068 does NOT clear the 0.02 noise floor.",
      "Paired bootstrap 95% CI upper bound +0.0014 \u2265 0 (not significant).",
      "No completed season regresses beyond tolerance (cross-season consistent).",
      "Current season 2026 corroborates (-0.0286)."
    ]
  }
}