{
  "story": "E13.1",
  "tier": "post_lineup",
  "seed": 42,
  "smoke": false,
  "n_games": 8161,
  "season_range": [
    2021,
    2026
  ],
  "n_features": 19,
  "n_folds": 3,
  "contract": "betting_ml/models/home_win/feature_columns_xgb_classifier_pruned_clustered_deleaked_2026.json",
  "hold": 0.045,
  "eval_tau": 0.02,
  "noise_floor_brier": 0.002,
  "anchor_brier_mean": 0.2425532320415334,
  "winner": "gbm_d4_lr0.05",
  "accuracy_secondary": {
    "gbm_d3_lr0.05": {
      "brier_mean": 0.2513836287518139,
      "delta_vs_market": 0.00883039671028052,
      "beats_market": false,
      "decision": "HOLD"
    },
    "gbm_d4_lr0.05": {
      "brier_mean": 0.2538878293204659,
      "delta_vs_market": 0.01133459727893249,
      "beats_market": false,
      "decision": "HOLD"
    },
    "gbm_d5_lr0.03": {
      "brier_mean": 0.25145226536724713,
      "delta_vs_market": 0.008899033325713734,
      "beats_market": false,
      "decision": "HOLD"
    },
    "glm_a0.003_l0.5": {
      "brier_mean": 0.24331079869187364,
      "delta_vs_market": 0.0007575666503402412,
      "beats_market": false,
      "decision": "HOLD"
    },
    "glm_a0.01_l0.5": {
      "brier_mean": 0.24284088982891405,
      "delta_vs_market": 0.0002876577873806574,
      "beats_market": false,
      "decision": "HOLD"
    },
    "glm_a0.03_l0.2": {
      "brier_mean": 0.24276201841944545,
      "delta_vs_market": 0.00020878637791205135,
      "beats_market": false,
      "decision": "HOLD"
    },
    "point_model_market_blind": {
      "brier_mean": 0.2475362873647551,
      "delta_vs_market": 0.004983055323221713,
      "beats_market": false,
      "decision": "HOLD"
    },
    "anchor_only_market": {
      "brier_mean": 0.2425532320415334,
      "delta_vs_market": 0.0,
      "beats_market": false,
      "decision": "HOLD"
    }
  },
  "clv_proxy_by_config": {
    "gbm_d3_lr0.05": [
      {
        "tau": 0.0,
        "n_bets": 3798,
        "pct_clv_positive": 0.504739336492891,
        "mean_captured_clv": -8.311343128626122e-05,
        "roi_net_vig": -0.02029644447122671
      },
      {
        "tau": 0.01,
        "n_bets": 3457,
        "pct_clv_positive": 0.5027480474399768,
        "mean_captured_clv": -0.000150449387003242,
        "roi_net_vig": -0.02144468343994258
      },
      {
        "tau": 0.02,
        "n_bets": 3115,
        "pct_clv_positive": 0.5030497592295345,
        "mean_captured_clv": -8.773241320635218e-05,
        "roi_net_vig": -0.02325625773025051
      },
      {
        "tau": 0.03,
        "n_bets": 2815,
        "pct_clv_positive": 0.5058614564831261,
        "mean_captured_clv": -0.00012241365683654315,
        "roi_net_vig": -0.023371598359703722
      },
      {
        "tau": 0.05,
        "n_bets": 2212,
        "pct_clv_positive": 0.5045207956600362,
        "mean_captured_clv": -0.00027266301394220284,
        "roi_net_vig": -0.01793239710193996
      }
    ],
    "gbm_d4_lr0.05": [
      {
        "tau": 0.0,
        "n_bets": 3798,
        "pct_clv_positive": 0.5071090047393365,
        "mean_captured_clv": 0.00020916192448489304,
        "roi_net_vig": -0.01391666594821096
      },
      {
        "tau": 0.01,
        "n_bets": 3505,
        "pct_clv_positive": 0.5072753209700428,
        "mean_captured_clv": 0.0002462867717375503,
        "roi_net_vig": -0.018359616136045424
      },
      {
        "tau": 0.02,
        "n_bets": 3234,
        "pct_clv_positive": 0.5105132962275819,
        "mean_captured_clv": 0.0003162811484776606,
        "roi_net_vig": -0.014758994197895616
      },
      {
        "tau": 0.03,
        "n_bets": 2939,
        "pct_clv_positive": 0.5076556651922423,
        "mean_captured_clv": 9.855577055106076e-05,
        "roi_net_vig": -0.006443702941586317
      },
      {
        "tau": 0.05,
        "n_bets": 2438,
        "pct_clv_positive": 0.5069729286300246,
        "mean_captured_clv": 2.3794843998365187e-05,
        "roi_net_vig": -0.009318691888962748
      }
    ],
    "gbm_d5_lr0.03": [
      {
        "tau": 0.0,
        "n_bets": 3798,
        "pct_clv_positive": 0.5007898894154819,
        "mean_captured_clv": 3.2118600347255292e-06,
        "roi_net_vig": 0.0012658150052374227
      },
      {
        "tau": 0.01,
        "n_bets": 3509,
        "pct_clv_positive": 0.5038472499287546,
        "mean_captured_clv": 0.00016893063990230212,
        "roi_net_vig": -0.008847429353058666
      },
      {
        "tau": 0.02,
        "n_bets": 3188,
        "pct_clv_positive": 0.5065872020075283,
        "mean_captured_clv": 0.0002230421025127888,
        "roi_net_vig": -0.005275132255676155
      },
      {
        "tau": 0.03,
        "n_bets": 2850,
        "pct_clv_positive": 0.5045614035087719,
        "mean_captured_clv": 4.471644267542915e-05,
        "roi_net_vig": -0.014315685948789224
      },
      {
        "tau": 0.05,
        "n_bets": 2262,
        "pct_clv_positive": 0.51105216622458,
        "mean_captured_clv": 5.2658356669367194e-05,
        "roi_net_vig": -0.00296935768680799
      }
    ],
    "glm_a0.003_l0.5": [
      {
        "tau": 0.0,
        "n_bets": 3798,
        "pct_clv_positive": 0.48051606108478145,
        "mean_captured_clv": -0.0008545618786837992,
        "roi_net_vig": 0.016107445313821703
      },
      {
        "tau": 0.01,
        "n_bets": 3141,
        "pct_clv_positive": 0.4740528494110156,
        "mean_captured_clv": -0.001140828040235077,
        "roi_net_vig": 0.013482242073354028
      },
      {
        "tau": 0.02,
        "n_bets": 2424,
        "pct_clv_positive": 0.4777227722772277,
        "mean_captured_clv": -0.0010894056320875094,
        "roi_net_vig": 0.0183100867077847
      },
      {
        "tau": 0.03,
        "n_bets": 1746,
        "pct_clv_positive": 0.47193585337915234,
        "mean_captured_clv": -0.0011859083125651628,
        "roi_net_vig": 0.0015711464451196018
      },
      {
        "tau": 0.05,
        "n_bets": 800,
        "pct_clv_positive": 0.4575,
        "mean_captured_clv": -0.0016545268850058031,
        "roi_net_vig": -0.009731168419269132
      }
    ],
    "glm_a0.01_l0.5": [
      {
        "tau": 0.0,
        "n_bets": 3798,
        "pct_clv_positive": 0.4670879410215903,
        "mean_captured_clv": -0.0013364510331046325,
        "roi_net_vig": 0.006313983913423927
      },
      {
        "tau": 0.01,
        "n_bets": 2905,
        "pct_clv_positive": 0.470223752151463,
        "mean_captured_clv": -0.0014048582926310745,
        "roi_net_vig": 0.02414856753140477
      },
      {
        "tau": 0.02,
        "n_bets": 1883,
        "pct_clv_positive": 0.4726500265533723,
        "mean_captured_clv": -0.0011125363222118322,
        "roi_net_vig": 0.009816041907381626
      },
      {
        "tau": 0.03,
        "n_bets": 1053,
        "pct_clv_positive": 0.452991452991453,
        "mean_captured_clv": -0.0018067014753567821,
        "roi_net_vig": -0.013673277907561062
      },
      {
        "tau": 0.05,
        "n_bets": 260,
        "pct_clv_positive": 0.4307692307692308,
        "mean_captured_clv": -0.003468002240812952,
        "roi_net_vig": -0.0412461228823879
      }
    ],
    "glm_a0.03_l0.2": [
      {
        "tau": 0.0,
        "n_bets": 3798,
        "pct_clv_positive": 0.46656134807793576,
        "mean_captured_clv": -0.0014085395715972683,
        "roi_net_vig": 0.00048503256406979753
      },
      {
        "tau": 0.01,
        "n_bets": 2845,
        "pct_clv_positive": 0.470298769771529,
        "mean_captured_clv": -0.0013458279432137477,
        "roi_net_vig": 0.025434714020550718
      },
      {
        "tau": 0.02,
        "n_bets": 1721,
        "pct_clv_positive": 0.46600813480534575,
        "mean_captured_clv": -0.0014661056903104615,
        "roi_net_vig": 0.0009247786214903218
      },
      {
        "tau": 0.03,
        "n_bets": 808,
        "pct_clv_positive": 0.4504950495049505,
        "mean_captured_clv": -0.0020764453672325284,