{
  "target": "perside_runs",
  "metric": "crps",
  "n_eval": 11404,
  "n_configs": 4,
  "pbo": {
    "pbo": 0.189,
    "n_combos": 1000,
    "n_configs": 4,
    "n_slices": 16,
    "clears_live": true,
    "threshold": 0.2
  },
  "candidates": {
    "candidate": {
      "extra_cols": [
        "opp_starter_tto3_xwoba_penalty"
      ],
      "candidate_eval_std": 0.01592751461411362,
      "lift": {
        "all": {
          "stratum": "all",
          "n": 11404,
          "base_metric": 1.7054855938810771,
          "cand_metric": 1.7048507643625417,
          "lift": 0.0006348295185354402,
          "lift_pct": 0.0003722280157704496
        },
        "non_cold_start": {
          "stratum": "non_cold_start",
          "n": 9631,
          "base_metric": 1.687714110232765,
          "cand_metric": 1.6870957013484689,
          "lift": 0.0006184088842962066,
          "lift_pct": 0.00036641803285683095
        },
        "cold_start": {
          "stratum": "cold_start",
          "n": 1773,
          "base_metric": 1.8020209345561429,
          "cand_metric": 1.8012969075596845,
          "lift": 0.000724026996458349,
          "lift_pct": 0.00040178611833756783
        }
      },
      "dsr": {
        "dsr": 0.3944842470640116,
        "observed_sr": 0.005478763175876482,
        "sr0": 0.007985845008913414,
        "n_trials": 3,
        "n_obs": 11404,
        "passes_live": false,
        "threshold": 0.95
      },
      "orthogonality": {
        "opp_starter_tto3_xwoba_penalty": {
          "max_abs_corr": 0.0921,
          "vs": "off_avg_eb_woba_uncertainty"
        }
      },
      "degenerate": false,
      "degenerate_reason": null,
      "gate": {
        "lift_positive_all_and_noncold": true,
        "pbo_clears_live": true,
        "dsr_passes_live": false,
        "not_degenerate": true,
        "SHIP": false
      },
      "verdict": "NO-SHIP (record null)"
    },
    "sanity_noise": {
      "extra_cols": [
        "__sanity_noise__"
      ],
      "candidate_eval_std": 0.9996648224230092,
      "lift": {
        "all": {
          "stratum": "all",
          "n": 11404,
          "base_metric": 1.7054855938810771,
          "cand_metric": 1.7035922640174566,
          "lift": 0.001893329863620563,
          "lift_pct": 0.001110141223363851
        },
        "non_cold_start": {
          "stratum": "non_cold_start",
          "n": 9631,
          "base_metric": 1.687714110232765,
          "cand_metric": 1.6859997301980774,
          "lift": 0.0017143800346877125,
          "lift_pct": 0.0010158000245973353
        },
        "cold_start": {
          "stratum": "cold_start",
          "n": 1773,
          "base_metric": 1.8020209345561429,
          "cand_metric": 1.7991555427622072,
          "lift": 0.0028653917939356344,
          "lift_pct": 0.0015900990598876762
        }
      },
      "dsr": {
        "dsr": 0.8156712523282034,
        "observed_sr": 0.01640616748660043,
        "sr0": 0.007985845008913414,
        "n_trials": 3,
        "n_obs": 11404,
        "passes_live": false,
        "threshold": 0.95
      },
      "orthogonality": {
        "__sanity_noise__": {
          "max_abs_corr": 0.031,
          "vs": "opp_pit_bb_pct_7d"
        }
      },
      "degenerate": false,
      "degenerate_reason": null,
      "gate": {
        "lift_positive_all_and_noncold": true,
        "pbo_clears_live": true,
        "dsr_passes_live": false,
        "not_degenerate": true,
        "SHIP": false
      },
      "verdict": "NO-SHIP (record null)"
    },
    "sanity_dup": {
      "extra_cols": [
        "__sanity_dup__is_home"
      ],
      "candidate_eval_std": 0.5000219235744301,
      "lift": {
        "all": {
          "stratum": "all",
          "n": 11404,
          "base_metric": 1.7054855938810771,
          "cand_metric": 1.704511918244758,
          "lift": 0.0009736756363192267,
          "lift_pct": 0.0005709081564878471
        },
        "non_cold_start": {
          "stratum": "non_cold_start",
          "n": 9631,
          "base_metric": 1.687714110232765,
          "cand_metric": 1.6870095045184588,
          "lift": 0.0007046057143063056,
          "lift_pct": 0.0004174911556609124
        },
        "cold_start": {
          "stratum": "cold_start",
          "n": 1773,
          "base_metric": 1.8020209345561429,
          "cand_metric": 1.799585661390831,
          "lift": 0.002435273165311891,
          "lift_pct": 0.0013514122497759577
        }
      },
      "dsr": {
        "dsr": 0.5179145660967295,
        "observed_sr": 0.008406708268784256,
        "sr0": 0.007985845008913414,
        "n_trials": 3,
        "n_obs": 11404,
        "passes_live": false,
        "threshold": 0.95
      },
      "orthogonality": {
        "__sanity_dup__is_home": {
          "max_abs_corr": 1.0,
          "vs": "is_home"
        }
      },
      "degenerate": false,
      "degenerate_reason": null,
      "gate": {
        "lift_positive_all_and_noncold": true,
        "pbo_clears_live": true,
        "dsr_passes_live": false,
        "not_degenerate": true,
        "SHIP": false
      },
      "verdict": "NO-SHIP (record null)"
    }
  }
}