{
  "synthetic": true,
  "meta": {
    "n_snaps": 48123,
    "n_games": 700,
    "n_decisions": 71300,
    "seasons": [
      2024,
      2025,
      2026
    ],
    "stale_filter": {
      "n_in": 49000,
      "n_stale_dropped": 877,
      "pct_dropped": 1.79,
      "totals_tol": 0.75,
      "h2h_tol": 0.06,
      "min_books": 3
    },
    "status": {}
  },
  "markets": {
    "totals": {
      "n_games": 700,
      "deflation": {
        "pbo": {
          "pbo": 0.0,
          "n_combos": 2000,
          "n_configs": 176,
          "n_splits": 16,
          "clears_live_pbo": true
        },
        "dsr": {
          "dsr": 0.7591280244094469,
          "observed_sr": 4.621160017048457,
          "sr0": 3.8072193953349274,
          "n_trials": 205,
          "n_obs": 72,
          "passes_live": false,
          "best_config": "reversion|totals|majors|mid|\u03b81|t50",
          "best_roi": 1.428240740740741
        },
        "fdr": {
          "threshold": 0.04884497967307847,
          "n_survive": 101,
          "n_tested": 205,
          "q": 0.1
        },
        "n_selectable": 205
      }
    },
    "h2h": {
      "n_games": 700,
      "deflation": {
        "pbo": {
          "pbo": 0.06,
          "n_combos": 2000,
          "n_configs": 61,
          "n_splits": 16,
          "clears_live_pbo": true
        },
        "dsr": {
          "dsr": 0.7347296162934254,
          "observed_sr": 0.37886410239924806,
          "sr0": 0.30257921735565546,
          "n_trials": 61,
          "n_obs": 72,
          "passes_live": false,
          "best_config": "reversion|h2h|all|all|\u03b80.04|t50",
          "best_roi": 0.006517274355856018
        },
        "fdr": {
          "threshold": 0.007943615980497755,
          "n_survive": 6,
          "n_tested": 61,
          "q": 0.1
        },
        "n_selectable": 61
      }
    }
  },
  "pooled_fdr": {
    "n_survive": 111,
    "n_tested": 266,
    "threshold": 0.0390429597516546,
    "q": 0.1
  },
  "candidates": {
    "candidates": [
      {
        "name": "static_under|totals|all|all|\u03b8na|open",
        "signal": "static_under",
        "market": "totals",
        "n": 700,
        "clv_mean": 0.3156632653061225,
        "clv_p": 2.4815875465316273e-98,
        "realized_roi": 0.033477981975993054,
        "book_groups": [
          "all",
          "bovada",
          "majors",
          "pinnacle",
          "soft"
        ],
        "per_season_clv": {
          "2024": 0.331,
          "2025": 0.2972,
          "2026": 0.3212
        },
        "is_control": false,
        "fragile": false
      },
      {
        "name": "static_under|totals|all|low|\u03b8na|open",
        "signal": "static_under",
        "market": "totals",
        "n": 167,
        "clv_mean": 0.26988166524094664,
        "clv_p": 6.135845390641989e-18,
        "realized_roi": -0.02861367232272716,
        "book_groups": [
          "all",
          "bovada",
          "majors",
          "pinnacle",
          "soft"
        ],
        "per_season_clv": {
          "2024": 0.2708,
          "2025": 0.2071,
          "2026": 0.344
        },
        "is_control": false,
        "fragile": true
      },
      {
        "name": "static_under|totals|all|mid|\u03b8na|open",
        "signal": "static_under",
        "market": "totals",
        "n": 375,
        "clv_mean": 0.30393968253968257,
        "clv_p": 4.570733055042507e-50,
        "realized_roi": 0.04808208135151133,
        "book_groups": [
          "all",
          "bovada",
          "majors",
          "pinnacle",
          "soft"
        ],
        "per_season_clv": {
          "2024": 0.3455,
          "2025": 0.2754,
          "2026": 0.2923
        },
        "is_control": false,
        "fragile": false
      },
      {
        "name": "static_under|totals|all|high|\u03b8na|open",
        "signal": "static_under",
        "market": "totals",
        "n": 180,
        "clv_mean": 0.37150793650793645,
        "clv_p": 2.4913951300747496e-35,
        "realized_roi": 0.029994350351514414,
        "book_groups": [
          "all",
          "bovada",
          "majors",
          "pinnacle",
          "soft"
        ],
        "per_season_clv": {
          "2024": 0.3376,
          "2025": 0.4059,
          "2026": 0.3632
        },
        "is_control": false,
        "fragile": true
      },
      {
        "name": "reversion|totals|all|all|\u03b80.5|t50",
        "signal": "reversion",
        "market": "totals",
        "n": 695,
        "clv_mean": 0.710268927714971,
        "clv_p": 8.484501372193767e-210,
        "realized_roi": 0.07405668164823782,
        "book_groups": [
          "all",
          "bovada",
          "majors",
          "pinnacle",
          "soft"
        ],
        "per_season_clv": {
          "2024": 0.7368,
          "2025": 0.6965,
          "2026": 0.6987
        },
        "is_control": false,
        "fragile": false
      },
      {
        "name": "reversion|totals|all|all|\u03b81|t50",
        "signal": "reversion",
        "market": "totals",
        "n": 208,
        "clv_mean": 1.2826923076923078,
        "clv_p": 1.2097677228650095e-303,
        "realized_roi": 0.16480734769017072,
        "book_groups": [
          "all",
          "bovada",
          "majors",
          "pinnacle",
          "soft"
        ],
        "per_season_clv": {
          "2024": 1.3836,
          "2025": 1.2323,
          "2026": 1.2277
        },
        "is_control": false,
        "fragile": true
      },
      {
        "name": "reversion|totals|all|all|\u03b81|t75",
        "signal": "reversion",
        "market": "totals",
        "n": 66,
        "clv_mean": 0.19949494949494948,
        "clv_p": 1.1584861962130208e-12,
        "realized_roi": 0.2177941324010817,
        "book_groups": [
          "all",
          "soft"
        ],
        "per_season_clv": {
          "2024": 0.2014,
          "2025": 0.2197,
          "2026": 0.175
        },
        "is_control": false,
        "fragile": true
      },
      {
        "name": "reversion|totals|all|low|\u03b80.5|t50",
        "signal": "reversion",
        "market": "totals",
        "n": 121,
        "clv_mean": 0.2976092089728453,
        "clv_p": 1.914811326192563e-17,
        "realized_roi": 0.003218077146705848,
        "book_groups": [
          "all",
          "bovada",
          "majors",
          "soft"
        ],
        "per_season_clv": {
          "2024": 0.2675,
          "2025": 0.2917,
          "2026": 0.342
        },
        "is_control": false,
        "fragile": true
      },
      {
        "name": "reversion|totals|all|mid|\u03b80.5|t50",
        "signal": "reversion",
        "market": "totals",
        "n": 428,
        "clv_mean": 0.6629700712060526,
        "clv_p": 5.644264898629336e-113,
        "realized_roi": 0.08920233123291002,
        "book_groups": [
          "all",
          "bovada",
          "majors",
          "pinnacle",
          "soft"
        ],
        "per_season_clv": {
          "2024": 0.7169,
          "2025": 0.6419,
          "2026": 0.6312
        },
        "is_control": false,
        "fragile": false
      },
      {
        "name": "reversion|totals|all|mid|\u03b81|t50",
        "signal": "reversion",
        "market": "totals",
        "n": 100,
        "clv_mean": 1.3238333333333332,
        "clv_p": 8.05328003997057e-180,
        "realized_roi": 0.16994700489767087,
        "book_groups": [
          "all",
          "majors",
          "soft"
        ],
        "per_season_clv": {
          "2024": 1.3811,
          "2025": 1.2541,
          "2026": 1.34
        },
        "is_control": false,
        "fragile": true
      },
      {
        "name": "reversion|totals|all|high|\u03b80.5|t50",
        "signal": "reversion",
        "market": "totals",
        "n": 285,
        "clv_mean": 0.843968253968254,
        "clv_p": 6.2117326539275594e-117,
        "realized_roi": 0.09459412497546014,