market,name,book_group,line_bucket,tau,n,roi,sharpe,roi_p,mean_edge,roi_fdr_survive,season_sign_consistent
team_totals,team_totals|all|all|tau0.02,all,all,0.02,4750,-0.04332795433933551,-0.07036663893242676,0.9999993817143731,-0.00863202736651793,False,True
team_totals,team_totals|all|all|tau0.03,all,all,0.03,4659,-0.043180626905857174,-0.06546060540639878,0.9999960547910728,-0.010415684071478915,False,True
team_totals,team_totals|all|all|tau0.04,all,all,0.04,4417,-0.04287825354500066,-0.060900784817337246,0.999974115932413,-0.012747963606601789,False,False
team_totals,team_totals|all|all|tau0.06,all,all,0.06,3721,-0.05520781483061671,-0.07133793909958723,0.9999932430575317,-0.019540577046002816,False,True
team_totals,team_totals|all|all|tau0.08,all,all,0.08,2964,-0.04844948936976714,-0.05844725012108946,0.9992687465413377,-0.026841032743263164,False,False
team_totals,team_totals|all|low|tau0.02,all,low,0.02,4749,-0.04308141070449278,-0.06828479147048476,0.9999987350744913,-0.008775506428485607,False,True
team_totals,team_totals|all|low|tau0.03,all,low,0.03,4655,-0.04230805632021297,-0.06287446052017204,0.9999910571298878,-0.01076196648075432,False,True
team_totals,team_totals|all|low|tau0.04,all,low,0.04,4414,-0.04315703569780551,-0.060446276712192167,0.9999703936032263,-0.013222341966193962,False,False
team_totals,team_totals|all|low|tau0.06,all,low,0.06,3721,-0.05462075570707389,-0.07023241100090093,0.9999908291601581,-0.020014268188377385,False,True
team_totals,team_totals|all|low|tau0.08,all,low,0.08,2964,-0.047808988085235614,-0.057583183392732766,0.9991406707645082,-0.027295056239117474,False,False
team_totals,team_totals|all|mid|tau0.02,all,mid,0.02,3358,-0.07477032361438088,-0.08957027338579872,0.9999998951016151,-0.013460544456990502,False,True
team_totals,team_totals|all|mid|tau0.03,all,mid,0.03,2854,-0.07493602801804243,-0.08555790243073433,0.9999975700478386,-0.013593150422870992,False,True
team_totals,team_totals|all|mid|tau0.04,all,mid,0.04,2247,-0.08945242496626322,-0.09536093386592025,0.9999969131214984,-0.010380322764213478,False,False
team_totals,team_totals|all|mid|tau0.06,all,mid,0.06,1361,-0.11255098042271504,-0.09214456004370052,0.9996622967554114,0.012143340275685604,False,False
team_totals,team_totals|all|mid|tau0.08,all,mid,0.08,952,-0.12412511841253926,-0.08619152636504267,0.996085957780738,0.044514827773395965,False,False
team_totals,team_totals|all|high|tau0.02,all,high,0.02,13,-0.3906676326377626,-0.6651942729076833,0.9917663854400427,-0.004452880491860583,False,False
team_totals,team_totals|all|high|tau0.03,all,high,0.03,12,-0.43426079628472847,-0.7347432498128288,0.9945396370965476,-0.003149590287856547,False,False
team_totals,team_totals|all|high|tau0.04,all,high,0.04,12,-0.43426079628472847,-0.7347432498128288,0.9945396370965476,-0.003149590287856547,False,False
team_totals,team_totals|all|high|tau0.06,all,high,0.06,12,-0.43426079628472847,-0.7347432498128288,0.9945396370965476,-0.003149590287856547,False,False
team_totals,team_totals|all|high|tau0.08,all,high,0.08,12,-0.43426079628472847,-0.7347432498128288,0.9945396370965476,-0.003149590287856547,False,False
team_totals,team_totals|pinnacle|all|tau0.02,pinnacle,all,0.02,4325,-0.021515847752285204,-0.02685868861107276,0.9613318001899571,-0.007513669392422431,False,False
team_totals,team_totals|pinnacle|all|tau0.03,pinnacle,all,0.03,3912,-0.019163353803880713,-0.022973938667687026,0.9246307137542221,-0.009082612252944915,False,False
team_totals,team_totals|pinnacle|all|tau0.04,pinnacle,all,0.04,3441,-0.027026783353097834,-0.03157251853195665,0.9679903280477923,-0.010116688619005982,False,False
team_totals,team_totals|pinnacle|all|tau0.06,pinnacle,all,0.06,2503,-0.024676929567278186,-0.028309781855089575,0.9216617357162895,-0.011232046508918242,False,False
team_totals,team_totals|pinnacle|all|tau0.08,pinnacle,all,0.08,1813,-0.009052665355652752,-0.01040700404097754,0.671161737890917,-0.006284978059736595,False,False
team_totals,team_totals|pinnacle|low|tau0.02,pinnacle,low,0.02,4325,-0.021515847752285204,-0.02685868861107276,0.9613318001899571,-0.007513669392422431,False,False
team_totals,team_totals|pinnacle|low|tau0.03,pinnacle,low,0.03,3912,-0.019163353803880713,-0.022973938667687026,0.9246307137542221,-0.009082612252944915,False,False
team_totals,team_totals|pinnacle|low|tau0.04,pinnacle,low,0.04,3441,-0.027026783353097834,-0.03157251853195665,0.9679903280477923,-0.010116688619005982,False,False
team_totals,team_totals|pinnacle|low|tau0.06,pinnacle,low,0.06,2503,-0.024676929567278186,-0.028309781855089575,0.9216617357162895,-0.011232046508918242,False,False
team_totals,team_totals|pinnacle|low|tau0.08,pinnacle,low,0.08,1813,-0.009052665355652752,-0.01040700404097754,0.671161737890917,-0.006284978059736595,False,False
team_totals,team_totals|soft|all|tau0.02,soft,all,0.02,4750,-0.04446138907604289,-0.0727319696157615,0.99999973164937,-0.00869007730742163,False,True
team_totals,team_totals|soft|all|tau0.03,soft,all,0.03,4658,-0.04433944164222152,-0.06763522686048803,0.9999980446553183,-0.0104525269595837,False,True
team_totals,team_totals|soft|all|tau0.04,soft,all,0.04,4413,-0.04394828024242545,-0.06281041977885472,0.9999849376904417,-0.012755582405382273,False,True
team_totals,team_totals|soft|all|tau0.06,soft,all,0.06,3714,-0.0569525317029747,-0.07394583986216977,0.9999967039618699,-0.019520234507047006,False,True
team_totals,team_totals|soft|all|tau0.08,soft,all,0.08,2958,-0.05024741197881625,-0.06076602964684035,0.9995249694682775,-0.026735997525301907,False,False
team_totals,team_totals|soft|low|tau0.02,soft,low,0.02,4749,-0.04425052298265906,-0.07060898660651656,0.9999994302460933,-0.00884232378219283,False,True
team_totals,team_totals|soft|low|tau0.03,soft,low,0.03,4654,-0.043580733859306796,-0.06514209541791785,0.9999955851012251,-0.01081569188354696,False,True
team_totals,team_totals|soft|low|tau0.04,soft,low,0.04,4410,-0.044247265220261206,-0.062344785808435506,0.9999826484803862,-0.013250655744252087,False,True
team_totals,team_totals|soft|low|tau0.06,soft,low,0.06,3714,-0.056355662176273066,-0.07280575060917088,0.9999954383303961,-0.020012442374819576,False,True
team_totals,team_totals|soft|low|tau0.08,soft,low,0.08,2958,-0.04958961668522926,-0.059877420990693014,0.9994361905065642,-0.027208342353832064,False,False
team_totals,team_totals|soft|mid|tau0.02,soft,mid,0.02,3358,-0.07477032361438088,-0.08957027338579872,0.9999998951016151,-0.013460544456990502,False,True
team_totals,team_totals|soft|mid|tau0.03,soft,mid,0.03,2854,-0.07493602801804243,-0.08555790243073433,0.9999975700478386,-0.013593150422870992,False,True
team_totals,team_totals|soft|mid|tau0.04,soft,mid,0.04,2247,-0.08945242496626322,-0.09536093386592025,0.9999969131214984,-0.010380322764213478,False,False
team_totals,team_totals|soft|mid|tau0.06,soft,mid,0.06,1361,-0.11255098042271504,-0.09214456004370052,0.9996622967554114,0.012143340275685604,False,False
team_totals,team_totals|soft|mid|tau0.08,soft,mid,0.08,952,-0.12412511841253926,-0.08619152636504267,0.996085957780738,0.044514827773395965,False,False
team_totals,team_totals|soft|high|tau0.02,soft,high,0.02,13,-0.3906676326377626,-0.6651942729076833,0.9917663854400427,-0.004452880491860583,False,False
team_totals,team_totals|soft|high|tau0.03,soft,high,0.03,12,-0.43426079628472847,-0.7347432498128288,0.9945396370965476,-0.003149590287856547,False,False
team_totals,team_totals|soft|high|tau0.04,soft,high,0.04,12,-0.43426079628472847,-0.7347432498128288,0.9945396370965476,-0.003149590287856547,False,False
team_totals,team_totals|soft|high|tau0.06,soft,high,0.06,12,-0.43426079628472847,-0.7347432498128288,0.9945396370965476,-0.003149590287856547,False,False
team_totals,team_totals|soft|high|tau0.08,soft,high,0.08,12,-0.43426079628472847,-0.7347432498128288,0.9945396370965476,-0.003149590287856547,False,False
team_totals,team_totals|majors|all|tau0.02,majors,all,0.02,4698,-0.04573826216888639,-0.0738154176008142,0.9999997897698267,-0.009131473570765328,False,True
team_totals,team_totals|majors|all|tau0.03,majors,all,0.03,4507,-0.04800194434143969,-0.07318972458918079,0.9999995527520388,-0.010786973671357525,False,True
team_totals,team_totals|majors|all|tau0.04,majors,all,0.04,4166,-0.05364882413199542,-0.07695050949195245,0.9999996595552304,-0.01268412461059281,False,True
team_totals,team_totals|majors|all|tau0.06,majors,all,0.06,3415,-0.060324958356311506,-0.0779977524620205,0.9999974182507883,-0.01949713192581005,False,True
team_totals,team_totals|majors|all|tau0.08,majors,all,0.08,2676,-0.0626662114811504,-0.07474158184494636,0.9999447702314336,-0.025772028905596097,False,True
team_totals,team_totals|majors|low|tau0.02,majors,low,0.02,4695,-0.04439408068672549,-0.0697560484467759,0.9999991221686185,-0.009402470085572573,False,True
team_totals,team_totals|majors|low|tau0.03,majors,low,0.03,4496,-0.04629023283698996,-0.06913827223984269,0.9999982228424059,-0.011393195159701087,False,True
team_totals,team_totals|majors|low|tau0.04,majors,low,0.04,4161,-0.053115360355373516,-0.07516435832267719,0.9999993781267547,-0.013496082889206862,False,True
team_totals,team_totals|majors|low|tau0.06,majors,low,0.06,3415,-0.058519382767821045,-0.07560143334396895,0.9999950190020607,-0.0203857706418509,False,True
team_totals,team_totals|majors|low|tau0.08,majors,low,0.08,2676,-0.0606422409132875,-0.07267690699008073,0.9999149010477744,-0.026663873337280507,False,True
team_totals,team_totals|majors|mid|tau0.02,majors,mid,0.02,3342,-0.07227619686632322,-0.0857963969681718,0.999999647339185,-0.013202650329496768,False,True
team_totals,team_totals|majors|mid|tau0.03,majors,mid,0.03,2838,-0.07148307694161583,-0.0807580566384228,0.999991545023912,-0.013329189933067418,False,True
team_totals,team_totals|majors|mid|tau0.04,majors,mid,0.04,2233,-0.08535514925046976,-0.0896194179054576,0.9999885689754849,-0.009986333515431066,False,False
team_totals,team_totals|majors|mid|tau0.06,majors,mid,0.06,1344,-0.10881544339091986,-0.08827290909483998,0.9993942066691518,0.013317355460582068,False,False
team_totals,team_totals|majors|mid|tau0.08,majors,mid,0.08,940,-0.12075224760944736,-0.08299553437152848,0.9945297710514274,0.04612227742943597,False,False
team_totals,team_totals|ballybet|all|tau0.02,ballybet,all,0.02,2641,-0.028589552219568465,-0.039165891107577996,0.9779301116527038,0.007323893002675737,False,True
team_totals,team_totals|ballybet|all|tau0.03,ballybet,all,0.03,2465,-0.027253492989202086,-0.03567654357353346,0.9617442851076679,0.007613978244828475,False,True
team_totals,team_totals|ballybet|all|tau0.04,ballybet,all,0.04,2233,-0.0278807108018386,-0.03559119851295612,0.953700927752667,0.008532761804700787,False,True
team_totals,team_totals|ballybet|all|tau0.06,ballybet,all,0.06,1771,-0.024418096167188735,-0.030247019782990832,0.8984719790683129,0.012693523136495438,False,True
team_totals,team_totals|ballybet|all|tau0.08,ballybet,all,0.08,1399,-0.0341857595147484,-0.0424247429636454,0.9437234613829536,0.019560728332937934,False,True
team_totals,team_totals|ballybet|low|tau0.02,ballybet,low,0.02,2641,-0.02856890026263381,-0.03913292063954725,0.9778407910737952,0.007333041352558266,False,True
team_totals,team_totals|ballybet|low|tau0.03,ballybet,low,0.03,2465,-0.027177783952814588,-0.03557074586706221,0.9613057370111251,0.007615449514447998,False,True
team_totals,team_totals|ballybet|low|tau0.04,ballybet,low,0.04,2233,-0.027668828891930747,-0.035308289185483836,0.9523897724643293,0.008525621318075865,False,True
team_totals,team_totals|ballybet|low|tau0.06,ballybet,low,0.06,1771,-0.024150940715565793,-0.0299036332794144,0.8958840427592019,0.012684519914229234,False,False
team_totals,team_totals|ballybet|low|tau0.08,ballybet,low,0.08,1399,-0.033847566301864744,-0.041982606098996324,0.9418254918813194,0.019549331115901875,False,False
team_totals,team_totals|ballybet|mid|tau0.02,ballybet,mid,0.02,3,0.590843519233677,10.515988208339664,1.9900336735056582e-74,-0.13042125316074335,False,False
team_totals,team_totals|ballybet|mid|tau0.03,ballybet,mid,0.03,3,0.590843519233677,10.515988208339664,1.9900336735056582e-74,-0.13042125316074335,False,False
team_totals,team_totals|ballybet|mid|tau0.04,ballybet,mid,0.04,3,0.590843519233677,10.515988208339664,1.9900336735056582e-74,-0.13042125316074335,False,False
team_totals,team_totals|ballybet|mid|tau0.06,ballybet,mid,0.06,3,0.590843519233677,10.515988208339664,1.9900336735056582e-74,-0.13042125316074335,False,False
team_totals,team_totals|ballybet|mid|tau0.08,ballybet,mid,0.08,3,0.590843519233677,10.515988208339664,1.9900336735056582e-74,-0.13042125316074335,False,False
team_totals,team_totals|barstool|all|tau0.02,barstool,all,0.02,216,-0.06149154473267165,-0.08908908115342498,0.9047898456665354,-0.020922822868335,False,False
team_totals,team_totals|barstool|all|tau0.03,barstool,all,0.03,207,-0.09205675077675701,-0.12303093803933461,0.9616453372480226,-0.02361237391599011,False,False
team_totals,team_totals|barstool|all|tau0.04,barstool,all,0.04,183,-0.09129964064086628,-0.11825179710606101,0.9451652778591172,-0.02981254913785091,False,False
team_totals,team_totals|barstool|all|tau0.06,barstool,all,0.06,134,-0.10557777343784246,-0.13053658426996986,0.9346147180860899,-0.043194189404152365,False,False
team_totals,team_totals|barstool|all|tau0.08,barstool,all,0.08,81,-0.026169440782043227,-0.03171957845326573,0.6123603344536188,-0.0598506016895751,False,False
team_totals,team_totals|barstool|low|tau0.02,barstool,low,0.02,216,-0.06149154473267165,-0.08908908115342498,0.9047898456665354,-0.020922822868335,False,False
team_totals,team_totals|barstool|low|tau0.03,barstool,low,0.03,207,-0.09205675077675701,-0.12303093803933461,0.9616453372480226,-0.02361237391599011,False,False
team_totals,team_totals|barstool|low|tau0.04,barstool,low,0.04,183,-0.09129964064086628,-0.11825179710606101,0.9451652778591172,-0.02981254913785091,False,False
team_totals,team_totals|barstool|low|tau0.06,barstool,low,0.06,134,-0.10557777343784246,-0.13053658426996986,0.9346147180860899,-0.043194189404152365,False,False
team_totals,team_totals|barstool|low|tau0.08,barstool,low,0.08,81,-0.026169440782043227,-0.03171957845326573,0.6123603344536188,-0.0598506016895751,False,False
team_totals,team_totals|betmgm|all|tau0.02,betmgm,all,0.02,1263,-0.06174851465070721,-0.09708979196005439,0.9997201695291429,0.012815442889602967,False,True
team_totals,team_totals|betmgm|all|tau0.03,betmgm,all,0.03,1256,-0.05003884111943073,-0.07638087056573453,0.9966047241661121,0.01292811398479547,False,True
team_totals,team_totals|betmgm|all|tau0.04,betmgm,all,0.04,1217,-0.04625285932650709,-0.06782247967581169,0.9910098351486423,0.014266695452055417,False,True
team_totals,team_totals|betmgm|all|tau0.06,betmgm,all,0.06,1082,-0.038683272946502895,-0.05221382609273906,0.9570569402028024,0.015091180829372598,False,False
team_totals,team_totals|betmgm|all|tau0.08,betmgm,all,0.08,957,-0.04062358599868272,-0.05221761581695337,0.9468851038239116,0.0207540352921806,False,True
team_totals,team_totals|betmgm|low|tau0.02,betmgm,low,0.02,1263,-0.06474575518713581,-0.0994942041404741,0.9997968025188002,0.01343034742829974,False,True
team_totals,team_totals|betmgm|low|tau0.03,betmgm,low,0.03,1254,-0.052324067984122716,-0.0778071390646292,0.9970680443934791,0.013264176889482617,False,True
team_totals,team_totals|betmgm|low|tau0.04,betmgm,low,0.04,1215,-0.04723905346486825,-0.06776696245606972,0.9909151803858578,0.01401101817206555,False,True
team_totals,team_totals|betmgm|low|tau0.06,betmgm,low,0.06,1082,-0.039243530005178516,-0.0526266525805559,0.9582820470584084,0.014695495943340214,False,False
team_totals,team_totals|betmgm|low|tau0.08,betmgm,low,0.08,957,-0.041330693826483814,-0.052962056231132974,0.9493312016088495,0.02059133929671262,False,True
team_totals,team_totals|betmgm|mid|tau0.02,betmgm,mid,0.02,350,-0.0003797471047471073,-0.0006508347800816454,0.504857402704334,-0.037481494008644395,False,False
team_totals,team_totals|betmgm|mid|tau0.03,betmgm,mid,0.03,296,0.014419428794428792,0.029376642661906163,0.3066337381276256,-0.044067580547406456,False,True
team_totals,team_totals|betmgm|mid|tau0.04,betmgm,mid,0.04,228,0.006695706218732541,0.012715943152802854,0.42386854481290936,-0.050044938675775474,False,False
team_totals,team_totals|betmgm|mid|tau0.06,betmgm,mid,0.06,80,0.160030081030081,0.17769260511885485,0.05599284438609577,-0.06621936084393046,False,True
team_totals,team_totals|betmgm|mid|tau0.08,betmgm,mid,0.08,18,0.08493452535119202,0.2931217533527735,0.1068215159750127,-0.08840853115239385,False,True
team_totals,team_totals|betonlineag|all|tau0.02,betonlineag,all,0.02,4297,-0.03582560171076785,-0.04571600776743366,0.9986356422664684,-0.010588062886192783,False,False
team_totals,team_totals|betonlineag|all|tau0.03,betonlineag,all,0.03,3902,-0.03353021433467225,-0.04122460006859486,0.9949899586135085,-0.012736223864439782,False,False
team_totals,team_totals|betonlineag|all|tau0.04,betonlineag,all,0.04,3414,-0.04758123720344739,-0.05659181608901723,0.9995278696555308,-0.014328543502125474,False,False
team_totals,team_totals|betonlineag|all|tau0.06,betonlineag,all,0.06,2484,-0.04909767404911565,-0.057360169249699534,0.997873873934443,-0.016867398629826804,False,False
team_totals,team_totals|betonlineag|all|tau0.08,betonlineag,all,0.08,1812,-0.020595847675455265,-0.023894610736040465,0.8454556488292397,-0.012802864056884137,False,False
team_totals,team_totals|betonlineag|low|tau0.02,betonlineag,low,0.02,4297,-0.03582560171076785,-0.04571600776743366,0.9986356422664684,-0.010588062886192783,False,False
team_totals,team_totals|betonlineag|low|tau0.03,betonlineag,low,0.03,3902,-0.03353021433467225,-0.04122460006859486,0.9949899586135085,-0.012736223864439782,False,False
team_totals,team_totals|betonlineag|low|tau0.04,betonlineag,low,0.04,3414,-0.04758123720344739,-0.05659181608901723,0.9995278696555308,-0.014328543502125474,False,False
team_totals,team_totals|betonlineag|low|tau0.06,betonlineag,low,0.06,2484,-0.04909767404911565,-0.057360169249699534,0.997873873934443,-0.016867398629826804,False,False
team_totals,team_totals|betonlineag|low|tau0.08,betonlineag,low,0.08,1812,-0.020595847675455265,-0.023894610736040465,0.8454556488292397,-0.012802864056884137,False,False
team_totals,team_totals|betparx|all|tau0.02,betparx,all,0.02,1118,-0.04896490924252978,-0.07321113336536696,0.9928159134599069,0.03273427638237348,False,False
team_totals,team_totals|betparx|all|tau0.03,betparx,all,0.03,1114,-0.055797627283358735,-0.08107537990790557,0.9965952901780488,0.03352041488946441,False,False
team_totals,team_totals|betparx|all|tau0.04,betparx,all,0.04,1097,-0.04868071256259619,-0.06918335247459464,0.9890304661951074,0.03509152577984552,False,False
team_totals,team_totals|betparx|all|tau0.06,betparx,all,0.06,1077,-0.03490842494192412,-0.047341028334083206,0.9398627711770978,0.03788941548218462,False,False
team_totals,team_totals|betparx|all|tau0.08,betparx,all,0.08,1037,-0.038176099075780554,-0.04989491660740056,0.9459443223703496,0.04171737935999972,False,False
team_totals,team_totals|betparx|low|tau0.02,betparx,low,0.02,1118,-0.04896490924252978,-0.07321113336536696,0.9928159134599069,0.03273427638237348,False,False
team_totals,team_totals|betparx|low|tau0.03,betparx,low,0.03,1114,-0.055797627283358735,-0.08107537990790557,0.9965952901780488,0.03352041488946441,False,False
team_totals,team_totals|betparx|low|tau0.04,betparx,low,0.04,1097,-0.04868071256259619,-0.06918335247459464,0.9890304661951074,0.03509152577984552,False,False
team_totals,team_totals|betparx|low|tau0.06,betparx,low,0.06,1077,-0.03490842494192412,-0.047341028334083206,0.9398627711770978,0.03788941548218462,False,False
team_totals,team_totals|betparx|low|tau0.08,betparx,low,0.08,1037,-0.038176099075780554,-0.04989491660740056,0.9459443223703496,0.04171737935999972,False,False
team_totals,team_totals|betrivers|all|tau0.02,betrivers,all,0.02,4371,-0.04169103581067981,-0.05490217035814386,0.9998581667815057,-0.005617175436636474,False,True
team_totals,team_totals|betrivers|all|tau0.03,betrivers,all,0.03,4000,-0.04391040576838037,-0.055464724386352124,0.9997741682079541,-0.006815020119156785,False,True
team_totals,team_totals|betrivers|all|tau0.04,betrivers,all,0.04,3519,-0.0490509225698888,-0.06010537121940244,0.9998184324958455,-0.00778754172999598,False,True
team_totals,team_totals|betrivers|all|tau0.06,betrivers,all,0.06,2573,-0.05001982511946466,-0.0596513307538568,0.9987601132635481,-0.007023256087095821,False,True
team_totals,team_totals|betrivers|all|tau0.08,betrivers,all,0.08,1840,-0.0484113232421649,-0.05814943188107339,0.993690290761416,-0.0014393817319431558,False,True
team_totals,team_totals|betrivers|low|tau0.02,betrivers,low,0.02,4371,-0.04167855770080462,-0.05488205966226906,0.9998574344625508,-0.005611647916151513,False,True
team_totals,team_totals|betrivers|low|tau0.03,betrivers,low,0.03,4000,-0.043863750074706574,-0.05539974583816909,0.9997706544502328,-0.006814113449253752,False,True
team_totals,team_totals|betrivers|low|tau0.04,betrivers,low,0.04,3519,-0.04891647178704586,-0.05992802805196302,0.9998110105476844,-0.00779207276342407,False,True
team_totals,team_totals|betrivers|low|tau0.06,betrivers,low,0.06,2573,-0.049835941596408216,-0.059415852118989324,0.9987102408448191,-0.007029453019328023,False,True
team_totals,team_totals|betrivers|low|tau0.08,betrivers,low,0.08,1840,-0.04815418611997781,-0.05781825732724829,0.9934332190821682,-0.0014480473333743813,False,True
team_totals,team_totals|betrivers|mid|tau0.02,betrivers,mid,0.02,3,0.590843519233677,10.515988208339664,1.9900336735056582e-74,-0.13042125316074335,False,False
team_totals,team_totals|betrivers|mid|tau0.03,betrivers,mid,0.03,3,0.590843519233677,10.515988208339664,1.9900336735056582e-74,-0.13042125316074335,False,False
team_totals,team_totals|betrivers|mid|tau0.04,betrivers,mid,0.04,3,0.590843519233677,10.515988208339664,1.9900336735056582e-74,-0.13042125316074335,False,False
team_totals,team_totals|betrivers|mid|tau0.06,betrivers,mid,0.06,3,0.590843519233677,10.515988208339664,1.9900336735056582e-74,-0.13042125316074335,False,False
team_totals,team_totals|betrivers|mid|tau0.08,betrivers,mid,0.08,3,0.590843519233677,10.515988208339664,1.9900336735056582e-74,-0.13042125316074335,False,False
team_totals,team_totals|bovada|all|tau0.02,bovada,all,0.02,3622,-0.052041542064728594,-0.06685366636172961,0.9999713250702735,-0.003785854942148289,False,True
team_totals,team_totals|bovada|all|tau0.03,bovada,all,0.03,3294,-0.03820126848707082,-0.047284473062603125,0.9966743420993419,-0.005696695036317005,False,False
team_totals,team_totals|bovada|all|tau0.04,bovada,all,0.04,2900,-0.042010445999473414,-0.05067048678606238,0.9968206701042689,-0.0057312454217857385,False,False
team_totals,team_totals|bovada|all|tau0.06,bovada,all,0.06,2150,-0.044384918530741474,-0.05275159042496384,0.9927772621306872,-0.005069259123168232,False,True
team_totals,team_totals|bovada|all|tau0.08,bovada,all,0.08,1607,-0.03407964442491973,-0.04042508002019994,0.947441463618295,0.0013842778616989005,False,False
team_totals,team_totals|bovada|low|tau0.02,bovada,low,0.02,3622,-0.052041542064728594,-0.06685366636172961,0.9999713250702735,-0.003785854942148289,False,True
team_totals,team_totals|bovada|low|tau0.03,bovada,low,0.03,3294,-0.03820126848707082,-0.047284473062603125,0.9966743420993419,-0.005696695036317005,False,False
team_totals,team_totals|bovada|low|tau0.04,bovada,low,0.04,2900,-0.042010445999473414,-0.05067048678606238,0.9968206701042689,-0.0057312454217857385,False,False
team_totals,team_totals|bovada|low|tau0.06,bovada,low,0.06,2150,-0.044384918530741474,-0.05275159042496384,0.9927772621306872,-0.005069259123168232,False,True
team_totals,team_totals|bovada|low|tau0.08,bovada,low,0.08,1607,-0.03407964442491973,-0.04042508002019994,0.947441463618295,0.0013842778616989005,False,False
team_totals,team_totals|draftkings|all|tau0.02,draftkings,all,0.02,4363,-0.042221442487357805,-0.05420947752490336,0.9998286619513777,-0.003260104126490511,False,False
team_totals,team_totals|draftkings|all|tau0.03,draftkings,all,0.03,3935,-0.044674643826244934,-0.05540446548707554,0.9997450478237978,-0.0038941072942550456,False,False
team_totals,team_totals|draftkings|all|tau0.04,draftkings,all,0.04,3486,-0.03838989183855476,-0.046264800712772024,0.9968484560365743,-0.00402914017435643,False,False
team_totals,team_totals|draftkings|all|tau0.06,draftkings,all,0.06,2581,-0.05762905192401509,-0.06804368080962438,0.9997267457310451,-0.0033571403582659675,False,True
team_totals,team_totals|draftkings|all|tau0.08,draftkings,all,0.08,1824,-0.0374168257933782,-0.04443718590568419,0.9711412373818397,0.00212258397706663,False,False
team_totals,team_totals|draftkings|low|tau0.02,draftkings,low,0.02,4363,-0.042221442487357805,-0.05420947752490336,0.9998286619513777,-0.003260104126490511,False,False
team_totals,team_totals|draftkings|low|tau0.03,draftkings,low,0.03,3935,-0.044674643826244934,-0.05540446548707554,0.9997450478237978,-0.0038941072942550456,False,False
team_totals,team_totals|draftkings|low|tau0.04,draftkings,low,0.04,3486,-0.03838989183855476,-0.046264800712772024,0.9968484560365743,-0.00402914017435643,False,False
team_totals,team_totals|draftkings|low|tau0.06,draftkings,low,0.06,2581,-0.05762905192401509,-0.06804368080962438,0.9997267457310451,-0.0033571403582659675,False,True
team_totals,team_totals|draftkings|low|tau0.08,draftkings,low,0.08,1824,-0.0374168257933782,-0.04443718590568419,0.9711412373818397,0.00212258397706663,False,False
team_totals,team_totals|espnbet|all|tau0.02,espnbet,all,0.02,163,-0.057287035094787137,-0.092930983758809,0.8822803216926656,-0.025890018020221246,False,False
team_totals,team_totals|espnbet|all|tau0.03,espnbet,all,0.03,157,-0.027740273988348864,-0.039856649626758896,0.6912520315321211,-0.029294515119347993,False,False
team_totals,team_totals|espnbet|all|tau0.04,espnbet,all,0.04,144,-0.038386973091898265,-0.05184407161785768,0.7330714300980802,-0.034026063485941095,False,False
team_totals,team_totals|espnbet|all|tau0.06,espnbet,all,0.06,101,-0.08853003839658104,-0.10980551494473638,0.8651018481316753,-0.04204577990508346,False,False
team_totals,team_totals|espnbet|all|tau0.08,espnbet,all,0.08,66,0.06954787230838792,0.08537539188498748,0.2439687541918795,-0.05496337524384191,False,False
team_totals,team_totals|espnbet|low|tau0.02,espnbet,low,0.02,163,-0.057287035094787137,-0.092930983758809,0.8822803216926656,-0.025890018020221246,False,False
team_totals,team_totals|espnbet|low|tau0.03,espnbet,low,0.03,157,-0.027740273988348864,-0.039856649626758896,0.6912520315321211,-0.029294515119347993,False,False
team_totals,team_totals|espnbet|low|tau0.04,espnbet,low,0.04,144,-0.038386973091898265,-0.05184407161785768,0.7330714300980802,-0.034026063485941095,False,False
team_totals,team_totals|espnbet|low|tau0.06,espnbet,low,0.06,101,-0.08853003839658104,-0.10980551494473638,0.8651018481316753,-0.04204577990508346,False,False
team_totals,team_totals|espnbet|low|tau0.08,espnbet,low,0.08,66,0.06954787230838792,0.08537539188498748,0.2439687541918795,-0.05496337524384191,False,False
team_totals,team_totals|fanduel|all|tau0.02,fanduel,all,0.02,3771,-0.048516391039651295,-0.060542424607826065,0.9998995243533282,-0.01640614561201736,False,True
team_totals,team_totals|fanduel|all|tau0.03,fanduel,all,0.03,3338,-0.04651626568038653,-0.05570484953123392,0.9993553963554185,-0.01928203234252421,False,True
team_totals,team_totals|fanduel|all|tau0.04,fanduel,all,0.04,2847,-0.0392220759572442,-0.045399531803433014,0.9922907268899757,-0.02240137239806223,False,False
team_totals,team_totals|fanduel|all|tau0.06,fanduel,all,0.06,1939,-0.060368180047616536,-0.06848981262642197,0.998718850993157,-0.029278303896016038,False,True
team_totals,team_totals|fanduel|all|tau0.08,fanduel,all,0.08,1220,-0.03845167020846817,-0.043599701618089126,0.9361046474067458,-0.03595359453445176,False,True
team_totals,team_totals|fanduel|low|tau0.02,fanduel,low,0.02,3771,-0.048516391039651295,-0.060542424607826065,0.9998995243533282,-0.01640614561201736,False,True
team_totals,team_totals|fanduel|low|tau0.03,fanduel,low,0.03,3338,-0.04651626568038653,-0.05570484953123392,0.9993553963554185,-0.01928203234252421,False,True
team_totals,team_totals|fanduel|low|tau0.04,fanduel,low,0.04,2847,-0.0392220759572442,-0.045399531803433014,0.9922907268899757,-0.02240137239806223,False,False
team_totals,team_totals|fanduel|low|tau0.06,fanduel,low,0.06,1939,-0.060368180047616536,-0.06848981262642197,0.998718850993157,-0.029278303896016038,False,True
team_totals,team_totals|fanduel|low|tau0.08,fanduel,low,0.08,1220,-0.03845167020846817,-0.043599701618089126,0.9361046474067458,-0.03595359453445176,False,True
team_totals,team_totals|fliff|all|tau0.02,fliff,all,0.02,3302,-0.053641504198810544,-0.07452949412278197,0.9999907676609154,-0.0029459540101169877,False,True
team_totals,team_totals|fliff|all|tau0.03,fliff,all,0.03,3010,-0.06278946975137961,-0.08425634157936265,0.9999981051542518,-0.00357732592703706,False,True
team_totals,team_totals|fliff|all|tau0.04,fliff,all,0.04,2663,-0.0705453677000257,-0.0925728307830542,0.9999991110263899,-0.003416585229018326,False,True
team_totals,team_totals|fliff|all|tau0.06,fliff,all,0.06,1998,-0.06734331453928737,-0.08748634550955155,0.9999539572019126,-0.0008738116172143681,False,True
team_totals,team_totals|fliff|all|tau0.08,fliff,all,0.08,1523,-0.07661914661812999,-0.1008834261176819,0.9999587534878274,0.007673631231643247,False,True
team_totals,team_totals|fliff|low|tau0.02,fliff,low,0.02,3302,-0.05401169354619901,-0.07499399298551261,0.9999918144379798,-0.0030484210841115198,False,True
team_totals,team_totals|fliff|low|tau0.03,fliff,low,0.03,3010,-0.0630069444233074,-0.084458568719412,0.9999982039751809,-0.0037188870479972647,False,True
team_totals,team_totals|fliff|low|tau0.04,fliff,low,0.04,2663,-0.07110677703004126,-0.09321536476909006,0.9999992465189289,-0.0035830497762862003,False,True
team_totals,team_totals|fliff|low|tau0.06,fliff,low,0.06,1998,-0.06760409630517306,-0.0876868936427383,0.9999556364904079,-0.0011562592809247817,False,True
team_totals,team_totals|fliff|low|tau0.08,fliff,low,0.08,1523,-0.07713451329678268,-0.1012680375598246,0.9999612576024466,0.007249738411232274,False,True
team_totals,team_totals|fliff|mid|tau0.02,fliff,mid,0.02,171,-0.09725139304100043,-0.08428640457492086,0.8648099738316194,0.0005286446423607067,False,False
team_totals,team_totals|fliff|mid|tau0.03,fliff,mid,0.03,166,-0.11803778197521594,-0.10358390011896114,0.9089939269916801,0.0010094369842324406,False,False
team_totals,team_totals|fliff|mid|tau0.04,fliff,mid,0.04,158,-0.10384400345269514,-0.08982034498495378,0.8705561936819011,0.00019735136584362716,False,False
team_totals,team_totals|fliff|mid|tau0.06,fliff,mid,0.06,146,-0.12719508826771667,-0.10973470961339023,0.9075684815722475,0.0013689093677665839,False,False
team_totals,team_totals|fliff|mid|tau0.08,fliff,mid,0.08,124,-0.06096312220016988,-0.050029620980098,0.7112725919903499,0.0058734332909768,False,False
team_totals,team_totals|fliff|high|tau0.02,fliff,high,0.02,13,-0.3906676326377626,-0.6651942729076833,0.9917663854400427,-0.004452880491860583,False,False
team_totals,team_totals|fliff|high|tau0.03,fliff,high,0.03,12,-0.43426079628472847,-0.7347432498128288,0.9945396370965476,-0.003149590287856547,False,False
team_totals,team_totals|fliff|high|tau0.04,fliff,high,0.04,12,-0.43426079628472847,-0.7347432498128288,0.9945396370965476,-0.003149590287856547,False,False
team_totals,team_totals|fliff|high|tau0.06,fliff,high,0.06,12,-0.43426079628472847,-0.7347432498128288,0.9945396370965476,-0.003149590287856547,False,False
team_totals,team_totals|fliff|high|tau0.08,fliff,high,0.08,12,-0.43426079628472847,-0.7347432498128288,0.9945396370965476,-0.003149590287856547,False,False
team_totals,team_totals|hardrockbet|all|tau0.02,hardrockbet,all,0.02,4111,-0.04725556204293233,-0.06023391108558875,0.9999437739012191,0.004416228353424924,False,True
team_totals,team_totals|hardrockbet|all|tau0.03,hardrockbet,all,0.03,3741,-0.046684750644782155,-0.05716837963017691,0.9997644129825713,0.004676934071707097,False,True
team_totals,team_totals|hardrockbet|all|tau0.04,hardrockbet,all,0.04,3303,-0.044482474401730844,-0.052967163769225244,0.9988331690704858,0.005250166529316167,False,False
team_totals,team_totals|hardrockbet|all|tau0.06,hardrockbet,all,0.06,2414,-0.035619351779394084,-0.04144745201162616,0.9791456927961759,0.008017316532222466,False,False
team_totals,team_totals|hardrockbet|all|tau0.08,hardrockbet,all,0.08,1754,-0.021421169513936657,-0.0249914710403251,0.852372339833007,0.015236052218340998,False,False
team_totals,team_totals|hardrockbet|low|tau0.02,hardrockbet,low,0.02,4111,-0.04742882927409301,-0.060445297694693936,0.9999468136169797,0.0044567809371123404,False,True
team_totals,team_totals|hardrockbet|low|tau0.03,hardrockbet,low,0.03,3741,-0.046875154704472496,-0.05739241483417657,0.9997762273262628,0.004721497469605779,False,True
team_totals,team_totals|hardrockbet|low|tau0.04,hardrockbet,low,0.04,3303,-0.044698127319472765,-0.053214852769233476,0.9988872017896389,0.005300639333294057,False,False
team_totals,team_totals|hardrockbet|low|tau0.06,hardrockbet,low,0.06,2414,-0.0359144228594693,-0.041781321252584616,0.9799549654111783,0.008086376876687654,False,False
team_totals,team_totals|hardrockbet|low|tau0.08,hardrockbet,low,0.08,1754,-0.021827270760972912,-0.025457065035859226,0.8568247512858288,0.015331098781362079,False,False
team_totals,team_totals|hardrockbet|mid|tau0.02,hardrockbet,mid,0.02,2,0.30952380952380953,9.19238815542512,6.11716439954972e-39,-0.17123306973400432,False,False
team_totals,team_totals|hardrockbet|mid|tau0.03,hardrockbet,mid,0.03,2,0.30952380952380953,9.19238815542512,6.11716439954972e-39,-0.17123306973400432,False,False
team_totals,team_totals|hardrockbet|mid|tau0.04,hardrockbet,mid,0.04,2,0.30952380952380953,9.19238815542512,6.11716439954972e-39,-0.17123306973400432,False,False
team_totals,team_totals|hardrockbet|mid|tau0.06,hardrockbet,mid,0.06,2,0.30952380952380953,9.19238815542512,6.11716439954972e-39,-0.17123306973400432,False,False
team_totals,team_totals|hardrockbet|mid|tau0.08,hardrockbet,mid,0.08,2,0.30952380952380953,9.19238815542512,6.11716439954972e-39,-0.17123306973400432,False,False
team_totals,team_totals|hardrockbet_oh|all|tau0.02,hardrockbet_oh,all,0.02,1002,-0.0556604931878627,-0.07484256365332884,0.9910841689743213,0.045699638659550686,False,False
team_totals,team_totals|hardrockbet_oh|all|tau0.03,hardrockbet_oh,all,0.03,995,-0.05292739821081113,-0.06952882194144806,0.9858531817036307,0.047220051034530044,False,False
team_totals,team_totals|hardrockbet_oh|all|tau0.04,hardrockbet_oh,all,0.04,986,-0.04934760673366017,-0.06303720416546352,0.9761149760720846,0.048234595624265984,False,False
team_totals,team_totals|hardrockbet_oh|all|tau0.06,hardrockbet_oh,all,0.06,969,-0.04322304700090225,-0.052863267765821696,0.9500736577968942,0.05176964513314053,False,False
team_totals,team_totals|hardrockbet_oh|all|tau0.08,hardrockbet_oh,all,0.08,943,-0.041680505952319924,-0.04936438055943511,0.9352272319033735,0.0559110814673949,False,False
team_totals,team_totals|hardrockbet_oh|low|tau0.02,hardrockbet_oh,low,0.02,1002,-0.0556604931878627,-0.07484256365332884,0.9910841689743213,0.045699638659550686,False,False
team_totals,team_totals|hardrockbet_oh|low|tau0.03,hardrockbet_oh,low,0.03,995,-0.05292739821081113,-0.06952882194144806,0.9858531817036307,0.047220051034530044,False,False
team_totals,team_totals|hardrockbet_oh|low|tau0.04,hardrockbet_oh,low,0.04,986,-0.04934760673366017,-0.06303720416546352,0.9761149760720846,0.048234595624265984,False,False
team_totals,team_totals|hardrockbet_oh|low|tau0.06,hardrockbet_oh,low,0.06,969,-0.04322304700090225,-0.052863267765821696,0.9500736577968942,0.05176964513314053,False,False
team_totals,team_totals|hardrockbet_oh|low|tau0.08,hardrockbet_oh,low,0.08,943,-0.041680505952319924,-0.04936438055943511,0.9352272319033735,0.0559110814673949,False,False
team_totals,team_totals|superbook|all|tau0.02,superbook,all,0.02,800,-0.057340124147189364,-0.0791779590732832,0.9874380026829017,-0.049042422005591814,False,False
team_totals,team_totals|superbook|all|tau0.03,superbook,all,0.03,763,-0.06355293887346997,-0.08299700339278303,0.9890639292319636,-0.05499448531489507,False,False
team_totals,team_totals|superbook|all|tau0.04,superbook,all,0.04,700,-0.03871276124381714,-0.04908625904862748,0.9029766067171198,-0.06179714507398521,False,False
team_totals,team_totals|superbook|all|tau0.06,superbook,all,0.06,551,-0.053321262790212515,-0.06600804789239112,0.939361118673671,-0.07849802205082032,False,False
team_totals,team_totals|superbook|all|tau0.08,superbook,all,0.08,408,-0.06336740680304191,-0.07620869013735321,0.9381393535694176,-0.09034279868604966,False,False
team_totals,team_totals|superbook|low|tau0.02,superbook,low,0.02,800,-0.057340124147189364,-0.0791779590732832,0.9874380026829017,-0.049042422005591814,False,False
team_totals,team_totals|superbook|low|tau0.03,superbook,low,0.03,763,-0.06355293887346997,-0.08299700339278303,0.9890639292319636,-0.05499448531489507,False,False
team_totals,team_totals|superbook|low|tau0.04,superbook,low,0.04,700,-0.03871276124381714,-0.04908625904862748,0.9029766067171198,-0.06179714507398521,False,False
team_totals,team_totals|superbook|low|tau0.06,superbook,low,0.06,551,-0.053321262790212515,-0.06600804789239112,0.939361118673671,-0.07849802205082032,False,False
team_totals,team_totals|superbook|low|tau0.08,superbook,low,0.08,408,-0.06336740680304191,-0.07620869013735321,0.9381393535694176,-0.09034279868604966,False,False
team_totals,team_totals|unibet_us|all|tau0.02,unibet_us,all,0.02,769,-0.06846779949754364,-0.08404316937243195,0.9901124647178638,-0.026039918090847457,False,True
team_totals,team_totals|unibet_us|all|tau0.03,unibet_us,all,0.03,699,-0.03414343862007726,-0.03999245188776395,0.8548228646570313,-0.030513813463498695,False,True
team_totals,team_totals|unibet_us|all|tau0.04,unibet_us,all,0.04,588,-0.04965489958012125,-0.056297574951837195,0.9138960462329229,-0.03634738563071475,False,True
team_totals,team_totals|unibet_us|all|tau0.06,unibet_us,all,0.06,381,-0.05640139829412877,-0.06157564872331508,0.8853005510204853,-0.05068811829134187,False,True
team_totals,team_totals|unibet_us|all|tau0.08,unibet_us,all,0.08,211,-0.036240420274143925,-0.0384024698380775,0.7115191123317288,-0.07088143705548865,False,False
team_totals,team_totals|unibet_us|low|tau0.02,unibet_us,low,0.02,769,-0.06846779949754364,-0.08404316937243195,0.9901124647178638,-0.026039918090847457,False,True
team_totals,team_totals|unibet_us|low|tau0.03,unibet_us,low,0.03,699,-0.03414343862007726,-0.03999245188776395,0.8548228646570313,-0.030513813463498695,False,True
team_totals,team_totals|unibet_us|low|tau0.04,unibet_us,low,0.04,588,-0.04965489958012125,-0.056297574951837195,0.9138960462329229,-0.03634738563071475,False,True
team_totals,team_totals|unibet_us|low|tau0.06,unibet_us,low,0.06,381,-0.05640139829412877,-0.06157564872331508,0.8853005510204853,-0.05068811829134187,False,True
team_totals,team_totals|unibet_us|low|tau0.08,unibet_us,low,0.08,211,-0.036240420274143925,-0.0384024698380775,0.7115191123317288,-0.07088143705548865,False,False
team_totals,team_totals|williamhill_us|all|tau0.02,williamhill_us,all,0.02,3727,-0.05364424908557559,-0.09113375695143362,0.9999999867897156,-0.012436568431173158,False,True
team_totals,team_totals|williamhill_us|all|tau0.03,williamhill_us,all,0.03,3590,-0.05532521548582811,-0.0886966274684913,0.9999999464956664,-0.01423048675840438,False,True
team_totals,team_totals|williamhill_us|all|tau0.04,williamhill_us,all,0.04,3297,-0.06450014352522994,-0.09667002877624167,0.9999999857773092,-0.0167845486589321,False,True
team_totals,team_totals|williamhill_us|all|tau0.06,williamhill_us,all,0.06,2708,-0.0652087422623943,-0.08502860414750095,0.9999951724446177,-0.02458592142626739,False,True
team_totals,team_totals|williamhill_us|all|tau0.08,williamhill_us,all,0.08,2215,-0.07096937994830542,-0.08317814351198426,0.9999547376052502,-0.03153745856912951,False,True
team_totals,team_totals|williamhill_us|low|tau0.02,williamhill_us,low,0.02,3721,-0.05136226381647662,-0.08444092136894682,0.9999998703776782,-0.012933981926298823,False,True
team_totals,team_totals|williamhill_us|low|tau0.03,williamhill_us,low,0.03,3576,-0.05227480044300353,-0.08200833926844117,0.9999995306479524,-0.015194628253594914,False,True
team_totals,team_totals|williamhill_us|low|tau0.04,williamhill_us,low,0.04,3291,-0.06382229041193606,-0.09457966489339856,0.9999999711480568,-0.01799843715249774,False,True
team_totals,team_totals|williamhill_us|low|tau0.06,williamhill_us,low,0.06,2707,-0.06274093325629072,-0.08233832273844217,0.999990820503322,-0.025891521830604433,False,True
team_totals,team_totals|williamhill_us|low|tau0.08,williamhill_us,low,0.08,2215,-0.06822179177612975,-0.08109317668615376,0.9999323352051033,-0.032825875306257066,False,True
team_totals,team_totals|williamhill_us|mid|tau0.02,williamhill_us,mid,0.02,3321,-0.07463116903068573,-0.08893282750277848,0.9999998512559887,-0.01323984697366513,False,True
team_totals,team_totals|williamhill_us|mid|tau0.03,williamhill_us,mid,0.03,2816,-0.07247647483673747,-0.08141333796962504,0.9999922084298677,-0.013286159596920206,False,True
team_totals,team_totals|williamhill_us|mid|tau0.04,williamhill_us,mid,0.04,2211,-0.08630548341694012,-0.08995242453095581,0.9999882986666424,-0.009819723020243375,False,True
team_totals,team_totals|williamhill_us|mid|tau0.06,williamhill_us,mid,0.06,1336,-0.10868191237320578,-0.08798427265296085,0.9993499156368343,0.013701968910509812,False,False
team_totals,team_totals|williamhill_us|mid|tau0.08,williamhill_us,mid,0.08,935,-0.12220376676514155,-0.08377598947079555,0.9947916813276279,0.04677162018231173,False,False
team_totals,team_totals|wynnbet|all|tau0.02,wynnbet,all,0.02,853,-0.06955769106802429,-0.08619732940652189,0.9940903393952357,-0.026370417704611817,False,False
team_totals,team_totals|wynnbet|all|tau0.03,wynnbet,all,0.03,756,-0.05691134601944186,-0.0674947793535231,0.9682589370741972,-0.03139496662382423,False,False
team_totals,team_totals|wynnbet|all|tau0.04,wynnbet,all,0.04,618,-0.0627454607839802,-0.0714532779028009,0.9621582848259362,-0.03685930959567594,False,False
team_totals,team_totals|wynnbet|all|tau0.06,wynnbet,all,0.06,385,-0.0908788547248799,-0.09942395060664358,0.974461886566688,-0.05313636034614833,False,False
team_totals,team_totals|wynnbet|all|tau0.08,wynnbet,all,0.08,209,-0.10260776040756656,-0.11067970952762288,0.9452093594834448,-0.07763094982744886,False,False
team_totals,team_totals|wynnbet|low|tau0.02,wynnbet,low,0.02,853,-0.06955769106802429,-0.08619732940652189,0.9940903393952357,-0.026370417704611817,False,False
team_totals,team_totals|wynnbet|low|tau0.03,wynnbet,low,0.03,756,-0.05691134601944186,-0.0674947793535231,0.9682589370741972,-0.03139496662382423,False,False
team_totals,team_totals|wynnbet|low|tau0.04,wynnbet,low,0.04,618,-0.0627454607839802,-0.0714532779028009,0.9621582848259362,-0.03685930959567594,False,False
team_totals,team_totals|wynnbet|low|tau0.06,wynnbet,low,0.06,385,-0.0908788547248799,-0.09942395060664358,0.974461886566688,-0.05313636034614833,False,False
team_totals,team_totals|wynnbet|low|tau0.08,wynnbet,low,0.08,209,-0.10260776040756656,-0.11067970952762288,0.9452093594834448,-0.07763094982744886,False,False
alternate_totals,alternate_totals|all|all|tau0.02,all,all,0.02,5394,-0.039197683556373326,-0.054076240484581255,0.9999642993872611,-0.008038627891689827,False,True
alternate_totals,alternate_totals|all|all|tau0.03,all,all,0.03,5394,-0.03886862773591478,-0.05062460855838134,0.9998996232718531,-0.010209526489598468,False,True
alternate_totals,alternate_totals|all|all|tau0.04,all,all,0.04,5394,-0.03929351148885998,-0.0475700623100523,0.9997618376965421,-0.012809286268244534,False,True
alternate_totals,alternate_totals|all|all|tau0.06,all,all,0.06,4982,-0.039251895509870446,-0.04095954384978599,0.9980802705832167,-0.018125474708657288,False,False
alternate_totals,alternate_totals|all|all|tau0.08,all,all,0.08,3668,-0.023432044383082204,-0.02303533165746607,0.9185089943936795,-0.026431323100245593,False,False
alternate_totals,alternate_totals|all|low|tau0.02,all,low,0.02,5394,-0.04549935794892932,-0.047220807331352005,0.999737902617302,-0.01293949569878995,False,True
alternate_totals,alternate_totals|all|low|tau0.03,all,low,0.03,5394,-0.04833216498366602,-0.046730699554802156,0.9997005176419062,-0.016863780266191376,False,True
alternate_totals,alternate_totals|all|low|tau0.04,all,low,0.04,5393,-0.047951525914023845,-0.0438274203549947,0.9993558117714354,-0.020434681269664978,False,True
alternate_totals,alternate_totals|all|low|tau0.06,all,low,0.06,4916,-0.04102585012168799,-0.03514442901458041,0.9931325566155336,-0.026860894847107245,False,False
alternate_totals,alternate_totals|all|low|tau0.08,all,low,0.08,3579,-0.016867394875384613,-0.013785800461520191,0.7952381154806764,-0.03725818689712559,False,False
alternate_totals,alternate_totals|all|mid|tau0.02,all,mid,0.02,5394,-0.03277405366122895,-0.03605371985111341,0.9959506160582284,-0.009913283126690329,False,False
alternate_totals,alternate_totals|all|mid|tau0.03,all,mid,0.03,5387,-0.028582936472856174,-0.02990024983181207,0.9859025656715589,-0.011111758389075454,False,False
alternate_totals,alternate_totals|all|mid|tau0.04,all,mid,0.04,5192,-0.026354158434795587,-0.02647806475202409,0.9717973534982204,-0.012988744881273695,False,False
alternate_totals,alternate_totals|all|mid|tau0.06,all,mid,0.06,4074,-0.024183340377435632,-0.02372662946919057,0.9350404240353903,-0.018459866246296933,False,False
alternate_totals,alternate_totals|all|mid|tau0.08,all,mid,0.08,3019,-0.016867751067816995,-0.016287154259437178,0.8145809704083856,-0.022705376735238144,False,False
alternate_totals,alternate_totals|all|high|tau0.02,all,high,0.02,5389,-0.0326356505665056,-0.03225246532184891,0.9910492039492893,-0.0021098865773281966,False,True
alternate_totals,alternate_totals|all|high|tau0.03,all,high,0.03,5166,-0.03142794523770104,-0.03005980923915173,0.9846347682090927,-0.002755089940932402,False,True
alternate_totals,alternate_totals|all|high|tau0.04,all,high,0.04,4556,-0.031844868043072586,-0.030383202505016364,0.9798572686116396,-0.0037411743297858318,False,True
alternate_totals,alternate_totals|all|high|tau0.06,all,high,0.06,3288,-0.0267729008393721,-0.025389056115605296,0.9272810219012968,-0.005651012175559312,False,False
alternate_totals,alternate_totals|all|high|tau0.08,all,high,0.08,2353,-0.03180714352438425,-0.029548888166690324,0.924121012839336,-0.002735571127240833,False,True
alternate_totals,alternate_totals|pinnacle|all|tau0.02,pinnacle,all,0.02,5388,-0.010015951650167313,-0.012600319590544582,0.8224913550045788,-0.011829382099045797,False,False
alternate_totals,alternate_totals|pinnacle|all|tau0.03,pinnacle,all,0.03,5384,-0.008365988155576614,-0.009688411696705685,0.7614251707847632,-0.014820400579505273,False,False
alternate_totals,alternate_totals|pinnacle|all|tau0.04,pinnacle,all,0.04,5205,-0.007263186609268263,-0.007749379455705699,0.7119479042711454,-0.01799278545344796,False,False
alternate_totals,alternate_totals|pinnacle|all|tau0.06,pinnacle,all,0.06,3975,0.0041045840311743275,0.00420796438093552,0.39538838901296386,-0.025543759316754396,False,False
alternate_totals,alternate_totals|pinnacle|all|tau0.08,pinnacle,all,0.08,2916,0.0032326687607128206,0.0032644139480184245,0.43003763368880954,-0.028776230921085864,False,False
alternate_totals,alternate_totals|pinnacle|low|tau0.02,pinnacle,low,0.02,4905,-0.011665516073590248,-0.011580056634169111,0.79132217005825,-0.009975863591494796,False,False
alternate_totals,alternate_totals|pinnacle|low|tau0.03,pinnacle,low,0.03,4659,-0.005204335931930456,-0.004923732701415821,0.6315941916827286,-0.01376167227143361,False,False
alternate_totals,alternate_totals|pinnacle|low|tau0.04,pinnacle,low,0.04,4338,-0.0035433347353902678,-0.003228550033715627,0.584197515363406,-0.015849028845729866,False,False
alternate_totals,alternate_totals|pinnacle|low|tau0.06,pinnacle,low,0.06,3077,0.011695296313550808,0.010491857951478199,0.28028642502508105,-0.02014202311462688,False,False
alternate_totals,alternate_totals|pinnacle|low|tau0.08,pinnacle,low,0.08,2112,-0.0051473878815764375,-0.004706876329517452,0.5856275535488328,-0.017607669399671295,False,False
alternate_totals,alternate_totals|pinnacle|mid|tau0.02,pinnacle,mid,0.02,5301,-0.0007255702079266029,-0.0007574370805713398,0.5219895044581396,-0.013065643682933118,False,False
alternate_totals,alternate_totals|pinnacle|mid|tau0.03,pinnacle,mid,0.03,5035,0.001223613287629017,0.0012264631584207528,0.4653250068593471,-0.014516182216719187,False,False
alternate_totals,alternate_totals|pinnacle|mid|tau0.04,pinnacle,mid,0.04,4455,0.004583808455959647,0.004538299238684182,0.3809783290783319,-0.017492136934274635,False,False
alternate_totals,alternate_totals|pinnacle|mid|tau0.06,pinnacle,mid,0.06,3339,-0.007075859013200844,-0.006953660885854692,0.6560884012125981,-0.022760855732054903,False,False
alternate_totals,alternate_totals|pinnacle|mid|tau0.08,pinnacle,mid,0.08,2455,0.008071215500028846,0.007839374734957237,0.3488507736209193,-0.02294667168091713,False,False
alternate_totals,alternate_totals|pinnacle|high|tau0.02,pinnacle,high,0.02,4158,-0.02346412533358289,-0.02090381200556174,0.9111597478081549,-9.838328325064481e-06,False,True
alternate_totals,alternate_totals|pinnacle|high|tau0.03,pinnacle,high,0.03,3534,-0.022996798933285212,-0.02061494178366255,0.8898076545248221,-0.0007115108472467071,False,True
alternate_totals,alternate_totals|pinnacle|high|tau0.04,pinnacle,high,0.04,2962,-0.019350539474382523,-0.01750844960847884,0.8296756778721657,-0.0005595486266754915,False,True
alternate_totals,alternate_totals|pinnacle|high|tau0.06,pinnacle,high,0.06,2146,-0.021525311913382313,-0.019345273754885654,0.8149186469877326,0.0019540440377523813,False,False
alternate_totals,alternate_totals|pinnacle|high|tau0.08,pinnacle,high,0.08,1574,-0.018109114113784262,-0.01584604354323657,0.735217662806007,0.010825968065725602,False,False
alternate_totals,alternate_totals|soft|all|tau0.02,soft,all,0.02,5394,-0.04114366564812213,-0.056863711448531425,0.9999851849142793,-0.007817295712449743,False,True
alternate_totals,alternate_totals|soft|all|tau0.03,soft,all,0.03,5394,-0.041035750926982896,-0.05357309615982092,0.9999583348779018,-0.00993178088429831,False,True
alternate_totals,alternate_totals|soft|all|tau0.04,soft,all,0.04,5394,-0.04201778528317542,-0.05096586808593449,0.9999091288868832,-0.012499172040501518,False,True
alternate_totals,alternate_totals|soft|all|tau0.06,soft,all,0.06,4964,-0.041837880933440534,-0.04366279390944204,0.9989520339305957,-0.01785856144231164,False,False
alternate_totals,alternate_totals|soft|all|tau0.08,soft,all,0.08,3642,-0.023693008176694938,-0.023242866746853462,0.9196443679753781,-0.02616914474124473,False,False
alternate_totals,alternate_totals|soft|low|tau0.02,soft,low,0.02,5394,-0.04746203665726176,-0.04922439735353324,0.9998499592008967,-0.012958107338925526,False,True
alternate_totals,alternate_totals|soft|low|tau0.03,soft,low,0.03,5394,-0.050443472014405244,-0.04873884210837047,0.9998279189908121,-0.016763969391846347,False,True
alternate_totals,alternate_totals|soft|low|tau0.04,soft,low,0.04,5393,-0.050472711737889475,-0.04609316551081413,0.9996440387102706,-0.020292971239973062,False,True
alternate_totals,alternate_totals|soft|low|tau0.06,soft,low,0.06,4900,-0.04351723335655203,-0.037233879544774626,0.995424643299989,-0.02677818648017723,False,False
alternate_totals,alternate_totals|soft|low|tau0.08,soft,low,0.08,3555,-0.016524958837368018,-0.01346946701517132,0.7890418452003662,-0.03717912813130462,False,False
alternate_totals,alternate_totals|soft|mid|tau0.02,soft,mid,0.02,5394,-0.03593412332563962,-0.039581763422780705,0.9981756517795577,-0.009585025262150187,False,False
alternate_totals,alternate_totals|soft|mid|tau0.03,soft,mid,0.03,5387,-0.03134842545314163,-0.03281067090522057,0.9919838206566142,-0.010839180459755814,False,False
alternate_totals,alternate_totals|soft|mid|tau0.04,soft,mid,0.04,5178,-0.03128567543670919,-0.03150146484788786,0.9882985486004975,-0.012763489377394965,False,False
alternate_totals,alternate_totals|soft|mid|tau0.06,soft,mid,0.06,4047,-0.027726143444704417,-0.027246190527890953,0.9584783425987841,-0.018082225606939124,False,False
alternate_totals,alternate_totals|soft|mid|tau0.08,soft,mid,0.08,3004,-0.01722761654237438,-0.01665419174779172,0.8193249662634605,-0.022418244442394004,False,False
alternate_totals,alternate_totals|soft|high|tau0.02,soft,high,0.02,5389,-0.03307911674581156,-0.03273639364024094,0.9918732384074019,-0.0021213836955420147,False,True
alternate_totals,alternate_totals|soft|high|tau0.03,soft,high,0.03,5161,-0.03231119301738362,-0.030971765880034658,0.986959876512093,-0.002761148770998221,False,True
alternate_totals,alternate_totals|soft|high|tau0.04,soft,high,0.04,4551,-0.03267757717183524,-0.031215903272297982,0.9823917063407457,-0.0037021545700752136,False,True
alternate_totals,alternate_totals|soft|high|tau0.06,soft,high,0.06,3285,-0.02798280090836442,-0.02656813198622473,0.9360894116297896,-0.005624645526608294,False,True
alternate_totals,alternate_totals|soft|high|tau0.08,soft,high,0.08,2349,-0.03302760194385448,-0.03072468524202798,0.9317717773532478,-0.0027644709033933803,False,True
alternate_totals,alternate_totals|majors|all|tau0.02,majors,all,0.02,5392,-0.040648034698016845,-0.055256804176201484,0.9999752017502118,-0.007157715575210799,False,True
alternate_totals,alternate_totals|majors|all|tau0.03,majors,all,0.03,5392,-0.04212872271931731,-0.05406313961801931,0.9999640439605945,-0.008929793524168178,False,True
alternate_totals,alternate_totals|majors|all|tau0.04,majors,all,0.04,5390,-0.04350205260939126,-0.05142174173447579,0.9999200636805182,-0.011164068506592212,False,True
alternate_totals,alternate_totals|majors|all|tau0.06,majors,all,0.06,4761,-0.036197126676565446,-0.036463210933606945,0.9940645934485013,-0.016978598875562648,False,False
alternate_totals,alternate_totals|majors|all|tau0.08,majors,all,0.08,3362,-0.01687896201177473,-0.015920527342414427,0.8220266351642184,-0.024423291734035513,False,False
alternate_totals,alternate_totals|majors|low|tau0.02,majors,low,0.02,5392,-0.05037696259666688,-0.0504407029974291,0.9998938336531077,-0.01393469857104235,False,True
alternate_totals,alternate_totals|majors|low|tau0.03,majors,low,0.03,5392,-0.052929276635733824,-0.049326595499336934,0.9998538689346887,-0.017303125336468637,False,True
alternate_totals,alternate_totals|majors|low|tau0.04,majors,low,0.04,5386,-0.05434315344700735,-0.047854380047644876,0.9997776284474041,-0.020511849326389785,False,True
alternate_totals,alternate_totals|majors|low|tau0.06,majors,low,0.06,4671,-0.041164137318075326,-0.03375240607202308,0.9894669736213344,-0.028157040331334662,False,False
alternate_totals,alternate_totals|majors|low|tau0.08,majors,low,0.08,3263,-0.011884139973103025,-0.009296906361730613,0.7023128406779007,-0.03846094011403639,False,False
alternate_totals,alternate_totals|majors|mid|tau0.02,majors,mid,0.02,5391,-0.03781967450143439,-0.04123314252976484,0.9987669846740693,-0.009109378296715482,False,False
alternate_totals,alternate_totals|majors|mid|tau0.03,majors,mid,0.03,5360,-0.032540656363970764,-0.033475361405839225,0.9928730209924161,-0.010422992843504966,False,False
alternate_totals,alternate_totals|majors|mid|tau0.04,majors,mid,0.04,5011,-0.027075702259275733,-0.0268848127224958,0.9714884255620841,-0.012446861220800274,False,False
alternate_totals,alternate_totals|majors|mid|tau0.06,majors,mid,0.06,3837,-0.02783130900555589,-0.027130136962102213,0.9535734866266298,-0.01714084368930571,False,False
alternate_totals,alternate_totals|majors|mid|tau0.08,majors,mid,0.08,2798,-0.010075524565340435,-0.009663410867893692,0.6953794321026112,-0.020141203205467056,False,False
alternate_totals,alternate_totals|majors|high|tau0.02,majors,high,0.02,5378,-0.02906510173654248,-0.027636732707219756,0.9786552704435875,-0.0015558290251289314,False,True
alternate_totals,alternate_totals|majors|high|tau0.03,majors,high,0.03,5045,-0.03088895893578028,-0.028610128218436538,0.9789294915145774,-0.0020356138304897394,False,True
alternate_totals,alternate_totals|majors|high|tau0.04,majors,high,0.04,4418,-0.02780885904887754,-0.02582703398003535,0.9569804644381561,-0.002875528530828729,False,True
alternate_totals,alternate_totals|majors|high|tau0.06,majors,high,0.06,3164,-0.02728899218305295,-0.02525389798300707,0.9222714949141672,-0.004437193158162975,False,True
alternate_totals,alternate_totals|majors|high|tau0.08,majors,high,0.08,2258,-0.03678876140442572,-0.03308350827774561,0.9420335317876579,-0.000902116843521123,False,True
alternate_totals,alternate_totals|ballybet|all|tau0.02,ballybet,all,0.02,2771,-0.01614059691163447,-0.019941483310382695,0.8530778179986593,0.012016854622366126,False,True
alternate_totals,alternate_totals|ballybet|all|tau0.03,ballybet,all,0.03,2771,-0.011368394382916692,-0.012912679255180982,0.7516613837714151,0.009426242538395383,False,False
alternate_totals,alternate_totals|ballybet|all|tau0.04,ballybet,all,0.04,2742,-0.0017626866509929257,-0.0018249045279473796,0.5380647843312207,0.0070263755219011825,False,False
alternate_totals,alternate_totals|ballybet|all|tau0.06,ballybet,all,0.06,2216,0.013301696802918471,0.013176868733488237,0.2675323491300407,0.00801767232210702,False,False
alternate_totals,alternate_totals|ballybet|all|tau0.08,ballybet,all,0.08,1722,0.021853181925831053,0.021397055866296796,0.1872936769060162,0.012152326694826819,False,False
alternate_totals,alternate_totals|ballybet|low|tau0.02,ballybet,low,0.02,2706,-0.005264541829974983,-0.005351833366594682,0.6096466632272446,-0.0040325018621419515,False,False
alternate_totals,alternate_totals|ballybet|low|tau0.03,ballybet,low,0.03,2691,-0.0049545925285858425,-0.004773529606244567,0.5977881540519822,-0.00608895673319807,False,False
alternate_totals,alternate_totals|ballybet|low|tau0.04,ballybet,low,0.04,2626,0.003635404365543824,0.003340736754299921,0.43203544574542224,-0.0069606334372280644,False,False
alternate_totals,alternate_totals|ballybet|low|tau0.06,ballybet,low,0.06,2055,0.015860233993571046,0.01441359432719497,0.2567496666352663,-0.007774606087930625,False,False
alternate_totals,alternate_totals|ballybet|low|tau0.08,ballybet,low,0.08,1584,0.032177543922808166,0.029340561853061064,0.12145590552112487,-0.00504862719068756,False,False
alternate_totals,alternate_totals|ballybet|mid|tau0.02,ballybet,mid,0.02,2767,-0.002081731144116469,-0.00217399232767419,0.5455225828925593,0.015012992922753923,False,False
alternate_totals,alternate_totals|ballybet|mid|tau0.03,ballybet,mid,0.03,2700,0.003660425310857078,0.003604335240373643,0.4257179044309764,0.015126941982753266,False,False
alternate_totals,alternate_totals|ballybet|mid|tau0.04,ballybet,mid,0.04,2441,0.012069140166883712,0.011729315345265395,0.2811245227856486,0.016082092629110922,False,False
alternate_totals,alternate_totals|ballybet|mid|tau0.06,ballybet,mid,0.06,1895,0.014077147289334816,0.013534883285498234,0.2778652037952093,0.02037344967964979,False,False
alternate_totals,alternate_totals|ballybet|mid|tau0.08,ballybet,mid,0.08,1493,0.021840611605828075,0.020873188611032326,0.2099696352703085,0.02771460329170625,False,False
alternate_totals,alternate_totals|ballybet|high|tau0.02,ballybet,high,0.02,2400,-0.04260844968629852,-0.038485769280366525,0.9703127436013385,0.03191704826383788,False,True
alternate_totals,alternate_totals|ballybet|high|tau0.03,ballybet,high,0.03,2141,-0.031449033849690076,-0.028149024812855885,0.9036241445174434,0.03499568886554966,False,True
alternate_totals,alternate_totals|ballybet|high|tau0.04,ballybet,high,0.04,1869,-0.034342739577267946,-0.03040802074136127,0.9056773953655681,0.04013593591844366,False,True
alternate_totals,alternate_totals|ballybet|high|tau0.06,ballybet,high,0.06,1431,-0.03594066220714228,-0.03156247653613898,0.8837537903996546,0.05045618311532992,False,True
alternate_totals,alternate_totals|ballybet|high|tau0.08,ballybet,high,0.08,1133,-0.033286101670553334,-0.02878460633816506,0.8337003941142642,0.06417773816300354,False,True
alternate_totals,alternate_totals|barstool|all|tau0.02,barstool,all,0.02,622,-0.06472739128840112,-0.0798288881288283,0.9767555272892204,-0.042719390145675426,False,False
alternate_totals,alternate_totals|barstool|all|tau0.03,barstool,all,0.03,593,-0.06304643139011637,-0.07367904854674215,0.9636095398050258,-0.04814714969376167,False,False
alternate_totals,alternate_totals|barstool|all|tau0.04,barstool,all,0.04,558,-0.0659904623267828,-0.0717814927965164,0.955021456387154,-0.054962788118161965,False,False
alternate_totals,alternate_totals|barstool|all|tau0.06,barstool,all,0.06,448,-0.04731643502915276,-0.046599431598302175,0.8380129411134674,-0.07271455883323139,False,False
alternate_totals,alternate_totals|barstool|all|tau0.08,barstool,all,0.08,333,-0.059837631330783264,-0.056542547550458684,0.8489181841601041,-0.09121492954038961,False,False
alternate_totals,alternate_totals|barstool|low|tau0.02,barstool,low,0.02,576,-0.05000871484650044,-0.04309513919398638,0.8494981386708096,-0.048701798631866224,False,False
alternate_totals,alternate_totals|barstool|low|tau0.03,barstool,low,0.03,551,-0.061502334532938546,-0.05107974763025659,0.8847389037546786,-0.05455082085244205,False,False
alternate_totals,alternate_totals|barstool|low|tau0.04,barstool,low,0.04,514,-0.04299904710983503,-0.03440420547901059,0.7823037640692642,-0.06127481446664378,False,False
alternate_totals,alternate_totals|barstool|low|tau0.06,barstool,low,0.06,404,-0.018562420442614587,-0.014166535819500881,0.6120798018437111,-0.08077196611374253,False,False
alternate_totals,alternate_totals|barstool|low|tau0.08,barstool,low,0.08,298,-0.02406946246741333,-0.01783849789130182,0.6209360890191773,-0.0963808154148288,False,False
alternate_totals,alternate_totals|barstool|mid|tau0.02,barstool,mid,0.02,606,-0.08291227610589168,-0.0890952412248491,0.9858558017179094,-0.047749950727415884,False,False
alternate_totals,alternate_totals|barstool|mid|tau0.03,barstool,mid,0.03,563,-0.07551560022370932,-0.0780368227770444,0.9679603815983567,-0.05286878061404016,False,False
alternate_totals,alternate_totals|barstool|mid|tau0.04,barstool,mid,0.04,503,-0.06360294574751016,-0.06519843806498776,0.9281634370803056,-0.06094204420948938,False,False
alternate_totals,alternate_totals|barstool|mid|tau0.06,barstool,mid,0.06,377,-0.08132368670845298,-0.0823253949426249,0.945030794903315,-0.07818452139134466,False,False
alternate_totals,alternate_totals|barstool|mid|tau0.08,barstool,mid,0.08,266,-0.04509099095119374,-0.04428369725343943,0.7649281447894988,-0.09724825391814189,False,False
alternate_totals,alternate_totals|barstool|high|tau0.02,barstool,high,0.02,522,-0.07227267054313538,-0.08618045119104649,0.9755230116172692,-0.040943939899154964,False,False
alternate_totals,alternate_totals|barstool|high|tau0.03,barstool,high,0.03,450,-0.0635149082187227,-0.07742961704919142,0.9497599155182243,-0.048142240800739144,False,False
alternate_totals,alternate_totals|barstool|high|tau0.04,barstool,high,0.04,383,-0.09386167074328002,-0.12104662851530895,0.9910801664042995,-0.05658351518006968,False,False
alternate_totals,alternate_totals|barstool|high|tau0.06,barstool,high,0.06,265,-0.07738572610983879,-0.10207686281186298,0.9517126203494709,-0.07343176644684475,False,False
alternate_totals,alternate_totals|barstool|high|tau0.08,barstool,high,0.08,170,-0.04169546820409416,-0.05623582151837168,0.7682895188014751,-0.09347118653048608,False,False
alternate_totals,alternate_totals|betmgm|all|tau0.02,betmgm,all,0.02,5340,-0.03386802450276587,-0.04268227204978532,0.9990927317472612,-0.00999169628127481,False,True
alternate_totals,alternate_totals|betmgm|all|tau0.03,betmgm,all,0.03,5314,-0.033867403909696225,-0.039116016751143914,0.9978239672143775,-0.012589171386682084,False,False
alternate_totals,alternate_totals|betmgm|all|tau0.04,betmgm,all,0.04,5288,-0.031942281539817034,-0.033197139001596966,0.9921118657164985,-0.015560674823510819,False,False
alternate_totals,alternate_totals|betmgm|all|tau0.06,betmgm,all,0.06,4208,-0.015155152288627936,-0.014027385107885723,0.818573934091242,-0.023245591333218095,False,False
alternate_totals,alternate_totals|betmgm|all|tau0.08,betmgm,all,0.08,3017,-0.004153856696687972,-0.0037327916765458073,0.5812263938993815,-0.027905984132234826,False,False
alternate_totals,alternate_totals|betmgm|low|tau0.02,betmgm,low,0.02,5313,-0.043054380704218374,-0.03862536785225098,0.9975642916317833,-0.018540869622909312,False,False
alternate_totals,alternate_totals|betmgm|low|tau0.03,betmgm,low,0.03,5293,-0.0487196726035455,-0.040478750251368156,0.9983849698546822,-0.022961505509517994,False,False
alternate_totals,alternate_totals|betmgm|low|tau0.04,betmgm,low,0.04,5231,-0.04508076097035844,-0.03537752957373997,0.9947468256656025,-0.02713436111562959,False,False
alternate_totals,alternate_totals|betmgm|low|tau0.06,betmgm,low,0.06,4020,-0.02602301307729736,-0.0193817567583468,0.8904398429810947,-0.038096180215617226,False,False
alternate_totals,alternate_totals|betmgm|low|tau0.08,betmgm,low,0.08,2880,0.0006159384338661095,0.00044954595326845666,0.49037638421926394,-0.04522267012610167,False,False
alternate_totals,alternate_totals|betmgm|mid|tau0.02,betmgm,mid,0.02,5301,-0.030982364717791904,-0.03286490784636864,0.9916404414136568,-0.01223495523243196,False,False
alternate_totals,alternate_totals|betmgm|mid|tau0.03,betmgm,mid,0.03,5064,-0.025708478603077622,-0.02604090508907352,0.9680672300306556,-0.013698468070430717,False,False
alternate_totals,alternate_totals|betmgm|mid|tau0.04,betmgm,mid,0.04,4555,-0.016076053155215604,-0.015926036487965693,0.8587812912510572,-0.016311690286062747,False,False
alternate_totals,alternate_totals|betmgm|mid|tau0.06,betmgm,mid,0.06,3463,-0.01635257556917454,-0.015932425058038425,0.8257697397798808,-0.02042059363921667,False,False
alternate_totals,alternate_totals|betmgm|mid|tau0.08,betmgm,mid,0.08,2565,-0.0027911851285784897,-0.002688535718219402,0.5541538353717307,-0.02241984261645981,False,False
alternate_totals,alternate_totals|betmgm|high|tau0.02,betmgm,high,0.02,4904,-0.033241390860551605,-0.03076883582572209,0.9844072407904182,-0.0004514555935481197,False,True
alternate_totals,alternate_totals|betmgm|high|tau0.03,betmgm,high,0.03,4173,-0.02446605836544428,-0.022431663807203964,0.926339265540994,-0.0001939409113035845,False,True
alternate_totals,alternate_totals|betmgm|high|tau0.04,betmgm,high,0.04,3573,-0.028197214878836033,-0.025930796828383097,0.9394295299764092,-0.0004958397533315512,False,True
alternate_totals,alternate_totals|betmgm|high|tau0.06,betmgm,high,0.06,2581,-0.031614263539501114,-0.028433780199194937,0.9257059792657416,0.0002864701545995079,False,True
alternate_totals,alternate_totals|betmgm|high|tau0.08,betmgm,high,0.08,1859,-0.03184884994735027,-0.02722991995438938,0.8798122117963861,0.008112831735590019,False,True
alternate_totals,alternate_totals|betparx|all|tau0.02,betparx,all,0.02,1125,-0.03112483628190345,-0.03656047710266043,0.8899525252035376,0.05899309009730333,False,False
alternate_totals,alternate_totals|betparx|all|tau0.03,betparx,all,0.03,1125,-0.03140126275137854,-0.03580018683485087,0.8850807094829389,0.058339774361973226,False,False
alternate_totals,alternate_totals|betparx|all|tau0.04,betparx,all,0.04,1122,-0.028379128379944198,-0.031219841288187944,0.8521613451384846,0.05805024530379582,False,False
alternate_totals,alternate_totals|betparx|all|tau0.06,betparx,all,0.06,1059,-0.020434775171815637,-0.021973677001391627,0.762718202771246,0.06210965915650905,False,False
alternate_totals,alternate_totals|betparx|all|tau0.08,betparx,all,0.08,974,-0.013025571243239525,-0.013834674345667309,0.6670442458614064,0.06733531365082814,False,False
alternate_totals,alternate_totals|betparx|low|tau0.02,betparx,low,0.02,1092,-0.014046167922921182,-0.015610022774517267,0.6970168522920475,0.03213531465993957,False,False
alternate_totals,alternate_totals|betparx|low|tau0.03,betparx,low,0.03,1088,-0.015440107995483328,-0.01669393984091366,0.7090621646267897,0.03190217481064266,False,False
alternate_totals,alternate_totals|betparx|low|tau0.04,betparx,low,0.04,1078,-0.012683268378715385,-0.013457433669527064,0.6706999334516615,0.03239695706609989,False,False
alternate_totals,alternate_totals|betparx|low|tau0.06,betparx,low,0.06,992,-0.018729706717708683,-0.020091293502195715,0.7365665696158046,0.036042915294572625,False,False
alternate_totals,alternate_totals|betparx|low|tau0.08,betparx,low,0.08,913,6.322520146241152e-05,6.731493398267007e-05,0.4991885596882279,0.04002097229564596,False,False
alternate_totals,alternate_totals|betparx|mid|tau0.02,betparx,mid,0.02,1124,-0.036309367194059056,-0.03738312603570855,0.8949536841990645,0.0645060254150854,False,False
alternate_totals,alternate_totals|betparx|mid|tau0.03,betparx,mid,0.03,1109,-0.034396409899027744,-0.034820566929468943,0.8768905626588036,0.06524819702426216,False,False
alternate_totals,alternate_totals|betparx|mid|tau0.04,betparx,mid,0.04,1078,-0.02361740341797183,-0.023769184358432383,0.7824256490233984,0.067331624134236,False,False
alternate_totals,alternate_totals|betparx|mid|tau0.06,betparx,mid,0.06,1009,-0.01628734384194401,-0.016170608927568064,0.6962535713841503,0.07290512117914076,False,False
alternate_totals,alternate_totals|betparx|mid|tau0.08,betparx,mid,0.08,940,-0.016293605703513833,-0.016042588776895666,0.6885895893898133,0.07756284670430386,False,False
alternate_totals,alternate_totals|betparx|high|tau0.02,betparx,high,0.02,1032,-0.0555622823545156,-0.04678776047491489,0.933586334939079,0.0886668383490627,False,False
alternate_totals,alternate_totals|betparx|high|tau0.03,betparx,high,0.03,1000,-0.04769825725867202,-0.03975820617827135,0.8956711302235852,0.09158491160162202,False,False
alternate_totals,alternate_totals|betparx|high|tau0.04,betparx,high,0.04,970,-0.04609618911151215,-0.03804836180565516,0.8819931534239995,0.09461973063781136,False,False
alternate_totals,alternate_totals|betparx|high|tau0.06,betparx,high,0.06,910,-0.03570589026777318,-0.029148308495288947,0.810379024999543,0.10060711206386072,False,False
alternate_totals,alternate_totals|betparx|high|tau0.08,betparx,high,0.08,842,-0.036630421701526736,-0.029825503546610812,0.8066050863725502,0.10736194455202404,False,False
alternate_totals,alternate_totals|betrivers|all|tau0.02,betrivers,all,0.02,4033,-0.04946338305223307,-0.06417976502034223,0.9999770712061923,-0.03207807535505307,False,True
alternate_totals,alternate_totals|betrivers|all|tau0.03,betrivers,all,0.03,4033,-0.05450044338152208,-0.0640054941835114,0.9999759556263393,-0.03605028652484532,False,True
alternate_totals,alternate_totals|betrivers|all|tau0.04,betrivers,all,0.04,3946,-0.052343053587706106,-0.05477405046066373,0.9997099502460838,-0.04077434130170603,False,True
alternate_totals,alternate_totals|betrivers|all|tau0.06,betrivers,all,0.06,2989,-0.047325225269011305,-0.04637287441094253,0.9943822237783132,-0.05714203356374432,False,False
alternate_totals,alternate_totals|betrivers|all|tau0.08,betrivers,all,0.08,2035,-0.02484228209857595,-0.023212700024545257,0.8524842258654391,-0.07868048555256969,False,False
alternate_totals,alternate_totals|betrivers|low|tau0.02,betrivers,low,0.02,3963,-0.05463113875668938,-0.050931098454088525,0.9993275747615585,-0.03938622564457809,False,True
alternate_totals,alternate_totals|betrivers|low|tau0.03,betrivers,low,0.03,3946,-0.06281004007461613,-0.0553854967593784,0.9997485073700814,-0.043428656818173844,False,True
alternate_totals,alternate_totals|betrivers|low|tau0.04,betrivers,low,0.04,3811,-0.059042533799902035,-0.0496112456680819,0.9989031253774577,-0.04726739257386814,False,True
alternate_totals,alternate_totals|betrivers|low|tau0.06,betrivers,low,0.06,2815,-0.05558191505347939,-0.0447800588645476,0.9912463390169609,-0.06541229187639468,False,False
alternate_totals,alternate_totals|betrivers|low|tau0.08,betrivers,low,0.08,1899,-0.02665951439084176,-0.02065370052987179,0.8159497166699744,-0.0858746946171397,False,False
alternate_totals,alternate_totals|betrivers|mid|tau0.02,betrivers,mid,0.02,4031,-0.03767883300653206,-0.040713120393747436,0.9951293890980305,-0.03297986920348094,False,True
alternate_totals,alternate_totals|betrivers|mid|tau0.03,betrivers,mid,0.03,3873,-0.03828447740095131,-0.038713289184671734,0.9920075653717261,-0.03529479782988341,False,False
alternate_totals,alternate_totals|betrivers|mid|tau0.04,betrivers,mid,0.04,3337,-0.033092339059638425,-0.033085942414596836,0.9720149322956642,-0.04284914860561652,False,False
alternate_totals,alternate_totals|betrivers|mid|tau0.06,betrivers,mid,0.06,2375,-0.017615502477927803,-0.01735537893308081,0.801166873727346,-0.06030450764671868,False,False
alternate_totals,alternate_totals|betrivers|mid|tau0.08,betrivers,mid,0.08,1558,-0.013556771842780898,-0.013210587534590292,0.6989704877757494,-0.08136578833287222,False,False
alternate_totals,alternate_totals|betrivers|high|tau0.02,betrivers,high,0.02,3475,-0.05650005403538689,-0.05995525703856508,0.9997955795856791,-0.024580609675073858,False,True
alternate_totals,alternate_totals|betrivers|high|tau0.03,betrivers,high,0.03,2926,-0.0520556856251931,-0.05675250202229577,0.9989292956547222,-0.030350419935821805,False,True
alternate_totals,alternate_totals|betrivers|high|tau0.04,betrivers,high,0.04,2378,-0.05735839041435898,-0.06486060958819631,0.9992189992180565,-0.0377564376594829,False,True
alternate_totals,alternate_totals|betrivers|high|tau0.06,betrivers,high,0.06,1495,-0.05050569903414043,-0.05924166475365934,0.9890065058978476,-0.05624914209434327,False,True
alternate_totals,alternate_totals|betrivers|high|tau0.08,betrivers,high,0.08,873,-0.03961973273504766,-0.04742140244422564,0.9194138861746444,-0.07638669274796939,False,True
alternate_totals,alternate_totals|bovada|all|tau0.02,bovada,all,0.02,4868,-0.03724297246809943,-0.046020214480056866,0.9993383515095203,-0.012427569404596703,False,False
alternate_totals,alternate_totals|bovada|all|tau0.03,bovada,all,0.03,4840,-0.03161510999132399,-0.036381070626676316,0.9943136755271142,-0.014273689665757719,False,False
alternate_totals,alternate_totals|bovada|all|tau0.04,bovada,all,0.04,4504,-0.03641921375291129,-0.04010651514632101,0.996444728952635,-0.016861454020761463,False,False
alternate_totals,alternate_totals|bovada|all|tau0.06,bovada,all,0.06,3417,-0.041129785151148804,-0.044458472652812484,0.9953228269475988,-0.022524725623465688,False,True
alternate_totals,alternate_totals|bovada|all|tau0.08,bovada,all,0.08,2503,-0.01917878851636738,-0.02048991358666516,0.8473444015981924,-0.02375780866541664,False,False
alternate_totals,alternate_totals|bovada|low|tau0.02,bovada,low,0.02,4008,-0.030965295261335898,-0.03285960049869534,0.9812510241299428,-0.006274048970500012,False,False
alternate_totals,alternate_totals|bovada|low|tau0.03,bovada,low,0.03,3863,-0.029610225326742002,-0.02981552368745302,0.9680678025612631,-0.00794143384308467,False,False
alternate_totals,alternate_totals|bovada|low|tau0.04,bovada,low,0.04,3479,-0.03509951979990278,-0.03444664206378319,0.9789114237080773,-0.009371670614279652,False,False
alternate_totals,alternate_totals|bovada|low|tau0.06,bovada,low,0.06,2470,-0.038744851331437874,-0.03784559559029202,0.9700066828535788,-0.011089942793045938,False,False
alternate_totals,alternate_totals|bovada|low|tau0.08,bovada,low,0.08,1705,-0.02368319146536351,-0.02335090658841791,0.8325265062225707,-0.007320755914347616,False,False
alternate_totals,alternate_totals|bovada|mid|tau0.02,bovada,mid,0.02,4714,-0.038026815790876765,-0.04037647165780821,0.997215982512482,-0.01062014183945923,False,False
alternate_totals,alternate_totals|bovada|mid|tau0.03,bovada,mid,0.03,4375,-0.02861888781122927,-0.029532708477971428,0.9746141911007639,-0.01260449999673439,False,False
alternate_totals,alternate_totals|bovada|mid|tau0.04,bovada,mid,0.04,3847,-0.03087175049760887,-0.03162191256394459,0.9750793497875295,-0.014910369143789829,False,False
alternate_totals,alternate_totals|bovada|mid|tau0.06,bovada,mid,0.06,2905,-0.03154177523783359,-0.032016113999691405,0.9577908560975652,-0.018508334251193605,False,False
alternate_totals,alternate_totals|bovada|mid|tau0.08,bovada,mid,0.08,2157,-0.01930787451597207,-0.019386693226766172,0.8160426082299829,-0.016911791592272712,False,False
alternate_totals,alternate_totals|bovada|high|tau0.02,bovada,high,0.02,2497,-0.029538981525137408,-0.034592059184820285,0.9580565006484043,-0.03160080524463316,False,True
alternate_totals,alternate_totals|bovada|high|tau0.03,bovada,high,0.03,2270,-0.029826964985811763,-0.035143173328464915,0.9529719823194286,-0.03465693818694453,False,True
alternate_totals,alternate_totals|bovada|high|tau0.04,bovada,high,0.04,2021,-0.025548380244512323,-0.030049492825533805,0.911634821608784,-0.037504525901646206,False,False
alternate_totals,alternate_totals|bovada|high|tau0.06,bovada,high,0.06,1566,-0.013877504714119962,-0.016130954636027952,0.7383756707637688,-0.04114662342130414,False,False
alternate_totals,alternate_totals|bovada|high|tau0.08,bovada,high,0.08,1147,-0.003536500810230446,-0.003999594820481824,0.5538742581184553,-0.04006478183238821,False,False
alternate_totals,alternate_totals|coolbet|all|tau0.02,coolbet,all,0.02,4686,-0.02596814615510459,-0.031890843179434594,0.985484576510166,-0.007488928650907041,False,False
alternate_totals,alternate_totals|coolbet|all|tau0.03,coolbet,all,0.03,4676,-0.023951075134145565,-0.027436011556042812,0.9696798908378066,-0.008613123667320437,False,False
alternate_totals,alternate_totals|coolbet|all|tau0.04,coolbet,all,0.04,4366,-0.02545733345460307,-0.02780341425803628,0.966904680241306,-0.010496523072806008,False,False
alternate_totals,alternate_totals|coolbet|all|tau0.06,coolbet,all,0.06,3283,-0.020450203166330214,-0.02187299302602863,0.8949457501196043,-0.014842236525311681,False,False
alternate_totals,alternate_totals|coolbet|all|tau0.08,coolbet,all,0.08,2404,-0.021719918067869326,-0.02284778419946554,0.8686943827488831,-0.016252136806321007,False,False
alternate_totals,alternate_totals|coolbet|low|tau0.02,coolbet,low,0.02,4048,-0.026464726218733872,-0.027804543630185998,0.9615558463050761,-0.003051781197904234,False,False
alternate_totals,alternate_totals|coolbet|low|tau0.03,coolbet,low,0.03,3943,-0.02952030045274838,-0.029337357212027616,0.9672763053018693,-0.004340166832489864,False,False
alternate_totals,alternate_totals|coolbet|low|tau0.04,coolbet,low,0.04,3624,-0.0310599495437635,-0.029930271351719363,0.9642109623913558,-0.005398687476650941,False,False
alternate_totals,alternate_totals|coolbet|low|tau0.06,coolbet,low,0.06,2597,-0.033570910046550245,-0.032120015217225815,0.9491702086385971,-0.007067524719669954,False,False
alternate_totals,alternate_totals|coolbet|low|tau0.08,coolbet,low,0.08,1781,-0.02688772264287565,-0.025992068311391867,0.8636606274027987,-0.002072804588518541,False,False
alternate_totals,alternate_totals|coolbet|mid|tau0.02,coolbet,mid,0.02,4581,-0.018868751982519385,-0.020142658172370327,0.9136087254495927,-0.007473631931500754,False,False
alternate_totals,alternate_totals|coolbet|mid|tau0.03,coolbet,mid,0.03,4304,-0.013971849520422078,-0.014332622031948525,0.8264655651552028,-0.00876741322618802,False,False
alternate_totals,alternate_totals|coolbet|mid|tau0.04,coolbet,mid,0.04,3758,-0.010110762412654632,-0.010332331598035809,0.7367631316778358,-0.010671301170649489,False,False
alternate_totals,alternate_totals|coolbet|mid|tau0.06,coolbet,mid,0.06,2783,-0.014143217904652432,-0.014354649174332783,0.7755551220271752,-0.013885801972824987,False,False
alternate_totals,alternate_totals|coolbet|mid|tau0.08,coolbet,mid,0.08,2025,-0.029125637096010668,-0.029339046267707725,0.9066254002414413,-0.011951434583393481,False,False
alternate_totals,alternate_totals|coolbet|high|tau0.02,coolbet,high,0.02,2696,-0.032729239453108024,-0.037653751653405974,0.9747141592304811,-0.02569615094279774,False,True
alternate_totals,alternate_totals|coolbet|high|tau0.03,coolbet,high,0.03,2354,-0.022911051555811128,-0.026593544262390276,0.9015209432618929,-0.029102350556796205,False,False
alternate_totals,alternate_totals|coolbet|high|tau0.04,coolbet,high,0.04,2034,-0.03087128569474798,-0.03584504387414678,0.9470184845403399,-0.03210828878436778,False,False
alternate_totals,alternate_totals|coolbet|high|tau0.06,coolbet,high,0.06,1517,-0.02786710814042055,-0.03230125053869203,0.8958206133590992,-0.03628266380654918,False,False
alternate_totals,alternate_totals|coolbet|high|tau0.08,coolbet,high,0.08,1046,-0.014844614802535567,-0.016660334484922427,0.7049969737218094,-0.0351327917035779,False,False
alternate_totals,alternate_totals|draftkings|all|tau0.02,draftkings,all,0.02,5368,-0.04130624189274494,-0.05374169606455074,0.9999588279548566,-0.012343152038823838,False,True
alternate_totals,alternate_totals|draftkings|all|tau0.03,draftkings,all,0.03,5368,-0.04665623941991233,-0.055659237736758876,0.9999772842109338,-0.0146557429546307,False,True
alternate_totals,alternate_totals|draftkings|all|tau0.04,draftkings,all,0.04,5300,-0.051974699725151195,-0.05561525808007528,0.9999742652501493,-0.0166959356334058,False,True
alternate_totals,alternate_totals|draftkings|all|tau0.06,draftkings,all,0.06,4002,-0.04503547688962304,-0.04521994275245495,0.9978863004598335,-0.02363483398101203,False,False
alternate_totals,alternate_totals|draftkings|all|tau0.08,draftkings,all,0.08,2853,-0.0322147947865492,-0.03131967273027835,0.9528257951556691,-0.02814386920501161,False,False
alternate_totals,alternate_totals|draftkings|low|tau0.02,draftkings,low,0.02,5326,-0.04384934637534139,-0.04139622593077676,0.9987406000563586,-0.02168782418936796,False,True
alternate_totals,alternate_totals|draftkings|low|tau0.03,draftkings,low,0.03,5317,-0.04812307556910532,-0.0427446900605482,0.9990860183397618,-0.024597336202447747,False,False
alternate_totals,alternate_totals|draftkings|low|tau0.04,draftkings,low,0.04,5233,-0.05442462238420195,-0.04617757575528829,0.999581803920479,-0.0262627304841618,False,True
alternate_totals,alternate_totals|draftkings|low|tau0.06,draftkings,low,0.06,3904,-0.04326860997287928,-0.03544437079862385,0.986607439072202,-0.035225341058786074,False,False
alternate_totals,alternate_totals|draftkings|low|tau0.08,draftkings,low,0.08,2750,-0.02041237223270572,-0.016422881856343944,0.805442434934035,-0.041904383086441836,False,False
alternate_totals,alternate_totals|draftkings|mid|tau0.02,draftkings,mid,0.02,5334,-0.04161739809104396,-0.0432847885980325,0.9992145901580164,-0.014040624807769927,False,False
alternate_totals,alternate_totals|draftkings|mid|tau0.03,draftkings,mid,0.03,4932,-0.03769939101485274,-0.03812723155908168,0.9962924898221828,-0.016190133476554833,False,False
alternate_totals,alternate_totals|draftkings|mid|tau0.04,draftkings,mid,0.04,4335,-0.03135697367704821,-0.031485236857765726,0.9809143518760127,-0.01894825197035883,False,False
alternate_totals,alternate_totals|draftkings|mid|tau0.06,draftkings,mid,0.06,3234,-0.03087490519397925,-0.030552657537348454,0.9588484721255138,-0.02347182064720885,False,False
alternate_totals,alternate_totals|draftkings|mid|tau0.08,draftkings,mid,0.08,2394,-0.02906692151669681,-0.028412017691835604,0.9177595412343111,-0.023289881175931268,False,False
alternate_totals,alternate_totals|draftkings|high|tau0.02,draftkings,high,0.02,4907,-0.03566581565708829,-0.03437248626693499,0.9919753401011224,-0.0031626927426729257,False,True
alternate_totals,alternate_totals|draftkings|high|tau0.03,draftkings,high,0.03,4259,-0.029401852478372636,-0.02851896143705323,0.9686403616950713,-0.00417282319060843,False,True
alternate_totals,alternate_totals|draftkings|high|tau0.04,draftkings,high,0.04,3639,-0.029875406203808675,-0.02923799699088983,0.9611135139512066,-0.005319538224961168,False,True
alternate_totals,alternate_totals|draftkings|high|tau0.06,draftkings,high,0.06,2633,-0.03747657033780474,-0.03612638547669419,0.9681121590610037,-0.004366306095430614,False,True
alternate_totals,alternate_totals|draftkings|high|tau0.08,draftkings,high,0.08,1861,-0.03964450952686355,-0.036745864918827774,0.9435385536725842,0.00274558150952953,False,True
alternate_totals,alternate_totals|espnbet|all|tau0.02,espnbet,all,0.02,2941,-0.0395605446294101,-0.04613473510890022,0.9938241218782943,-5.3074838479797935e-06,False,True
alternate_totals,alternate_totals|espnbet|all|tau0.03,espnbet,all,0.03,2450,-0.03942290213644661,-0.045282918871113416,0.9874995923687794,-3.121135861136733e-05,False,True
alternate_totals,alternate_totals|espnbet|all|tau0.04,espnbet,all,0.04,1946,-0.030250101329094514,-0.034638154188941235,0.9367449560986884,-0.0006929873681067976,False,False
alternate_totals,alternate_totals|espnbet|all|tau0.06,espnbet,all,0.06,1132,-0.02719603302535449,-0.030300851987743713,0.8460120624790052,-0.0020591732679633608,False,False
alternate_totals,alternate_totals|espnbet|all|tau0.08,espnbet,all,0.08,573,0.007027105101995294,0.007727793453719558,0.4266210179674419,-0.011844992151429022,False,False
alternate_totals,alternate_totals|espnbet|low|tau0.02,espnbet,low,0.02,2376,-0.0631691500380017,-0.06808241001353571,0.9995476903643625,0.011755708100100197,False,True
alternate_totals,alternate_totals|espnbet|low|tau0.03,espnbet,low,0.03,1871,-0.0476762769083164,-0.050699924759365626,0.9858473249055958,0.014812747666418002,False,False
alternate_totals,alternate_totals|espnbet|low|tau0.04,espnbet,low,0.04,1425,-0.036474015370186116,-0.03883745849636247,0.928687013001269,0.018532981121459385,False,False
alternate_totals,alternate_totals|espnbet|low|tau0.06,espnbet,low,0.06,749,-0.03598640076144466,-0.03840427794270079,0.8533805954484848,0.027074661966933124,False,False
alternate_totals,alternate_totals|espnbet|low|tau0.08,espnbet,low,0.08,365,0.01490748675534814,0.015240430295736901,0.3854614129651715,0.027782938759385443,False,False
alternate_totals,alternate_totals|espnbet|mid|tau0.02,espnbet,mid,0.02,2545,-0.024559784450415092,-0.024227399602250115,0.8891884754839052,-0.004755784905472491,False,False
alternate_totals,alternate_totals|espnbet|mid|tau0.03,espnbet,mid,0.03,2059,-0.030454372415914845,-0.029840404219536047,0.9121388784938302,-0.006373553532447039,False,False
alternate_totals,alternate_totals|espnbet|mid|tau0.04,espnbet,mid,0.04,1583,-0.010594530829462066,-0.010214394920584909,0.6577754350119895,-0.009182458593708552,False,False
alternate_totals,alternate_totals|espnbet|mid|tau0.06,espnbet,mid,0.06,886,-0.005043299797512489,-0.004820638698514136,0.5570483707882712,-0.015948561940358475,False,False
alternate_totals,alternate_totals|espnbet|mid|tau0.08,espnbet,mid,0.08,455,0.005694036959485525,0.005451863023702442,0.45371047853398583,-0.028729769296588787,False,False
alternate_totals,alternate_totals|espnbet|high|tau0.02,espnbet,high,0.02,1323,-0.014325700551734532,-0.014603901352740475,0.7023559823295563,-0.024430975711718553,False,True
alternate_totals,alternate_totals|espnbet|high|tau0.03,espnbet,high,0.03,1078,-0.001817110263614116,-0.0018744186084430632,0.5245364628013567,-0.028928796976641663,False,False
alternate_totals,alternate_totals|espnbet|high|tau0.04,espnbet,high,0.04,859,-0.02669301003029998,-0.02820193132591208,0.7957573169948429,-0.03427241280937824,False,False
alternate_totals,alternate_totals|espnbet|high|tau0.06,espnbet,high,0.06,459,-0.04928814264036587,-0.05342545547349522,0.8738130096370119,-0.05111502383665587,False,True
alternate_totals,alternate_totals|espnbet|high|tau0.08,espnbet,high,0.08,240,-0.019081212754690494,-0.021493388155356036,0.6304230972292094,-0.0712224791712787,False,False
alternate_totals,alternate_totals|fanatics|all|tau0.02,fanatics,all,0.02,2672,-0.011551515738965231,-0.014910604391233801,0.7795724045221917,0.011020123490455079,False,True
alternate_totals,alternate_totals|fanatics|all|tau0.03,fanatics,all,0.03,2667,-0.014844613187182477,-0.01817317387196369,0.8260106885995755,0.01104818722694112,False,True
alternate_totals,alternate_totals|fanatics|all|tau0.04,fanatics,all,0.04,2615,-0.014797764588674803,-0.01683667561538083,0.8053749947457571,0.012153704405708904,False,True
alternate_totals,alternate_totals|fanatics|all|tau0.06,fanatics,all,0.06,1996,-0.014062686551653698,-0.015460228276257811,0.7551263115002714,0.015475671101826797,False,True
alternate_totals,alternate_totals|fanatics|all|tau0.08,fanatics,all,0.08,1527,0.005210332802546685,0.005621890074752583,0.413057955467243,0.021688936480606446,False,False
alternate_totals,alternate_totals|fanatics|low|tau0.02,fanatics,low,0.02,2649,-0.006352123636093059,-0.006334921208414753,0.6278061669067624,0.0027352181800736216,False,False
alternate_totals,alternate_totals|fanatics|low|tau0.03,fanatics,low,0.03,2640,-0.011919984854554384,-0.011228353073137964,0.7180043403162985,0.0018343072826954587,False,False
alternate_totals,alternate_totals|fanatics|low|tau0.04,fanatics,low,0.04,2581,-0.008190755253191047,-0.007372955996717065,0.6460107071734527,0.0024273242870166663,False,False
alternate_totals,alternate_totals|fanatics|low|tau0.06,fanatics,low,0.06,1947,0.002271727133707696,0.002011096518173579,0.4646445582446077,0.0031321607853704073,False,False
alternate_totals,alternate_totals|fanatics|low|tau0.08,fanatics,low,0.08,1481,0.03549082612895668,0.03195132074295902,0.10942214456463713,0.006841042911635238,False,True
alternate_totals,alternate_totals|fanatics|mid|tau0.02,fanatics,mid,0.02,2640,0.0020984040994190276,0.002136754012993414,0.456288591858751,0.01361670944772821,False,False
alternate_totals,alternate_totals|fanatics|mid|tau0.03,fanatics,mid,0.03,2462,0.01150207822084067,0.011431962624305835,0.28527646734338774,0.013868613812500286,False,False
alternate_totals,alternate_totals|fanatics|mid|tau0.04,fanatics,mid,0.04,2196,0.011315936875397656,0.011184713366468044,0.3000932191286777,0.015539883209158549,False,False
alternate_totals,alternate_totals|fanatics|mid|tau0.06,fanatics,mid,0.06,1706,0.005115013351202464,0.004999598445602168,0.4181993315788388,0.020686475893612867,False,False
alternate_totals,alternate_totals|fanatics|mid|tau0.08,fanatics,mid,0.08,1363,-0.02539622085351681,-0.024916751590128235,0.8211867884684358,0.029257424427457653,False,False
alternate_totals,alternate_totals|fanatics|high|tau0.02,fanatics,high,0.02,2459,-0.009210268268734804,-0.008345915200414618,0.66051160297719,0.0203998556897563,False,False
alternate_totals,alternate_totals|fanatics|high|tau0.03,fanatics,high,0.03,2170,-0.014408928440732934,-0.013038483718109643,0.7281989825646065,0.0230030212551561,False,False
alternate_totals,alternate_totals|fanatics|high|tau0.04,fanatics,high,0.04,1920,-0.01590862309757676,-0.014268772248309487,0.7340887200820396,0.02685532770182828,False,False
alternate_totals,alternate_totals|fanatics|high|tau0.06,fanatics,high,0.06,1475,-0.033399453180068504,-0.029666001425744007,0.8727202325508401,0.03641473466450192,False,True
alternate_totals,alternate_totals|fanatics|high|tau0.08,fanatics,high,0.08,1177,-0.035558451880992985,-0.03034188575539685,0.8510511404945202,0.05038122307279329,False,False
alternate_totals,alternate_totals|fanduel|all|tau0.02,fanduel,all,0.02,5008,-0.03584102633888971,-0.03456798737006476,0.992783067324477,0.013999001435796184,False,True
alternate_totals,alternate_totals|fanduel|all|tau0.03,fanduel,all,0.03,4274,-0.03871229235784667,-0.03709302513695364,0.9923455440662989,0.01627961148865521,False,True
alternate_totals,alternate_totals|fanduel|all|tau0.04,fanduel,all,0.04,3595,-0.0304948044124798,-0.02898504043017754,0.9588852795414359,0.019443067392607757,False,True
alternate_totals,alternate_totals|fanduel|all|tau0.06,fanduel,all,0.06,2445,-0.017232633716888317,-0.01623377101712809,0.7889289072247558,0.02898952590935738,False,False
alternate_totals,alternate_totals|fanduel|all|tau0.08,fanduel,all,0.08,1729,0.01991803056498535,0.01833674720757998,0.22289132431474268,0.0410574494417441,False,False
alternate_totals,alternate_totals|fanduel|low|tau0.02,fanduel,low,0.02,4364,-0.03736158126895857,-0.035392584205805155,0.9903077914806951,0.008487012779026862,False,False
alternate_totals,alternate_totals|fanduel|low|tau0.03,fanduel,low,0.03,3668,-0.03556037263110431,-0.03371860783024008,0.9794308940627483,0.010657904389790415,False,False
alternate_totals,alternate_totals|fanduel|low|tau0.04,fanduel,low,0.04,3008,-0.025374016968988014,-0.023965391684949957,0.905642096378713,0.013763001373719535,False,False
alternate_totals,alternate_totals|fanduel|low|tau0.06,fanduel,low,0.06,1969,-0.017371774341151308,-0.016711465471515696,0.7708184107512296,0.023204069043602633,False,False
alternate_totals,alternate_totals|fanduel|low|tau0.08,fanduel,low,0.08,1371,0.022883270833241966,0.02259179159285888,0.20143496719408863,0.03721577507765516,False,False
alternate_totals,alternate_totals|fanduel|mid|tau0.02,fanduel,mid,0.02,4637,-0.042319023283775424,-0.040684247664692565,0.9972007548785542,0.0150544802767762,False,True
alternate_totals,alternate_totals|fanduel|mid|tau0.03,fanduel,mid,0.03,3975,-0.032465677606928936,-0.030748960267225997,0.9737279037124928,0.017506307067538134,False,False
alternate_totals,alternate_totals|fanduel|mid|tau0.04,fanduel,mid,0.04,3335,-0.03012797600839813,-0.028368680851266797,0.9493179307464378,0.02060115430403283,False,False
alternate_totals,alternate_totals|fanduel|mid|tau0.06,fanduel,mid,0.06,2309,-0.0009100447851860331,-0.0008484551040204671,0.5162603765512173,0.03000413315125584,False,False
alternate_totals,alternate_totals|fanduel|mid|tau0.08,fanduel,mid,0.08,1640,0.01615673809144315,0.014948147899636768,0.27247195344527253,0.04293956165062097,False,False
alternate_totals,alternate_totals|fanduel|high|tau0.02,fanduel,high,0.02,4283,-0.026038245869620995,-0.01908477159800715,0.8941667086663383,0.020705377917006426,False,False
alternate_totals,alternate_totals|fanduel|high|tau0.03,fanduel,high,0.03,3473,-0.024774130844370933,-0.01806161939392808,0.8564285703843786,0.025310237840181844,False,True
alternate_totals,alternate_totals|fanduel|high|tau0.04,fanduel,high,0.04,2853,-0.01979238595208424,-0.014422656711556124,0.779458089939966,0.03053915662553235,False,True
alternate_totals,alternate_totals|fanduel|high|tau0.06,fanduel,high,0.06,1909,-0.00975844414096064,-0.006999949417044298,0.6201377244806636,0.04457102571334432,False,False
alternate_totals,alternate_totals|fanduel|high|tau0.08,fanduel,high,0.08,1378,-0.0019160778571608137,-0.0013444291893842332,0.5199017997990055,0.06030451143912098,False,False
alternate_totals,alternate_totals|fliff|all|tau0.02,fliff,all,0.02,4348,-0.0521948691867796,-0.06592548201877414,0.9999931020457765,0.006744901682202969,False,True
alternate_totals,alternate_totals|fliff|all|tau0.03,fliff,all,0.03,4058,-0.05141028515332611,-0.062527370818894,0.9999659954792409,0.006181283412820682,False,True
alternate_totals,alternate_totals|fliff|all|tau0.04,fliff,all,0.04,3677,-0.05264893641481167,-0.06056805068338264,0.9998800190985171,0.005292341035256207,False,True
alternate_totals,alternate_totals|fliff|all|tau0.06,fliff,all,0.06,2735,-0.05616953939645486,-0.06251587006083771,0.9994611335902914,0.004652419457481908,False,True
alternate_totals,alternate_totals|fliff|all|tau0.08,fliff,all,0.08,1937,-0.043450468201924095,-0.04705884505381049,0.9808263892901735,0.00930079764559172,False,False
alternate_totals,alternate_totals|fliff|low|tau0.02,fliff,low,0.02,3949,-0.05347116553059002,-0.05693939333126465,0.9998269709031615,0.006544603353251453,False,True
alternate_totals,alternate_totals|fliff|low|tau0.03,fliff,low,0.03,3661,-0.06147263382023947,-0.06308317558276291,0.999932436872499,0.005387486817632724,False,True
alternate_totals,alternate_totals|fliff|low|tau0.04,fliff,low,0.04,3299,-0.062222868405399256,-0.06144806123020607,0.9997917386190948,0.003994107258068695,False,True
alternate_totals,alternate_totals|fliff|low|tau0.06,fliff,low,0.06,2440,-0.057151559862722724,-0.05543272393522181,0.9969109364487674,0.0017546322874046661,False,False
alternate_totals,alternate_totals|fliff|low|tau0.08,fliff,low,0.08,1726,-0.033463809401211186,-0.03205659224621531,0.9085364051066608,0.004862860753348786,False,False
alternate_totals,alternate_totals|fliff|mid|tau0.02,fliff,mid,0.02,4011,-0.04588552286191016,-0.04772986107025034,0.9987479655911277,0.007212747698349523,False,True
alternate_totals,alternate_totals|fliff|mid|tau0.03,fliff,mid,0.03,3578,-0.04245933214235342,-0.04338832739094781,0.9952750333196769,0.007375636320398213,False,False
alternate_totals,alternate_totals|fliff|mid|tau0.04,fliff,mid,0.04,3087,-0.043338550206670226,-0.04396710547258856,0.992714034478032,0.007694917462853742,False,False
alternate_totals,alternate_totals|fliff|mid|tau0.06,fliff,mid,0.06,2271,-0.04177605109500969,-0.0420336786119538,0.9774175474584965,0.01052340028085993,False,False
alternate_totals,alternate_totals|fliff|mid|tau0.08,fliff,mid,0.08,1651,-0.05281139693291833,-0.0524102343160628,0.9833959726232353,0.020497751143750142,False,True
alternate_totals,alternate_totals|fliff|high|tau0.02,fliff,high,0.02,3315,-0.06113175205257727,-0.05959834173445566,0.9996998029527299,0.008556279493176723,False,True
alternate_totals,alternate_totals|fliff|high|tau0.03,fliff,high,0.03,2841,-0.04597061783738117,-0.04433474460691707,0.9909383083224612,0.010160334602387045,False,True
alternate_totals,alternate_totals|fliff|high|tau0.04,fliff,high,0.04,2417,-0.04304095717413125,-0.04128014178248292,0.9787940349098204,0.01241710888792192,False,True
alternate_totals,alternate_totals|fliff|high|tau0.06,fliff,high,0.06,1760,-0.05966172128116796,-0.05489190559344908,0.989356207378225,0.023083107311203898,False,True
alternate_totals,alternate_totals|fliff|high|tau0.08,fliff,high,0.08,1294,-0.05206215737650548,-0.04579743198401377,0.950265657550948,0.04163553881773111,False,True
alternate_totals,alternate_totals|hardrockbet|all|tau0.02,hardrockbet,all,0.02,4079,-0.038831660828644796,-0.047210351703497716,0.9987158908910257,0.020772284868155962,False,True
alternate_totals,alternate_totals|hardrockbet|all|tau0.03,hardrockbet,all,0.03,3568,-0.036051826349763304,-0.04366246406900528,0.9954473968626257,0.023897178728749007,False,True
alternate_totals,alternate_totals|hardrockbet|all|tau0.04,hardrockbet,all,0.04,2996,-0.029080218211931293,-0.035239952754709244,0.9731273984251638,0.02796688909538952,False,False
alternate_totals,alternate_totals|hardrockbet|all|tau0.06,hardrockbet,all,0.06,2056,-0.03173693412418457,-0.03786174567947541,0.9569894243906174,0.038930839278138014,False,False
alternate_totals,alternate_totals|hardrockbet|all|tau0.08,hardrockbet,all,0.08,1427,-0.02232152744047321,-0.026129880630318805,0.8381966513805087,0.05247058673361745,False,False
alternate_totals,alternate_totals|hardrockbet|low|tau0.02,hardrockbet,low,0.02,3420,-0.03975672432892653,-0.044161451248199646,0.9950969890691734,0.028211202370807036,False,True
alternate_totals,alternate_totals|hardrockbet|low|tau0.03,hardrockbet,low,0.03,2924,-0.02759264702231128,-0.030900917859494954,0.9526329342730524,0.03276832718942321,False,False
alternate_totals,alternate_totals|hardrockbet|low|tau0.04,hardrockbet,low,0.04,2452,-0.0382672664003659,-0.04330535778842828,0.9839987972022574,0.03775632031828339,False,True
alternate_totals,alternate_totals|hardrockbet|low|tau0.06,hardrockbet,low,0.06,1673,-0.017276606233532762,-0.019933784634164387,0.7925605946197093,0.049304250864393676,False,False
alternate_totals,alternate_totals|hardrockbet|low|tau0.08,hardrockbet,low,0.08,1183,-0.004774978228330196,-0.0055084295483300355,0.5751342997174238,0.05656078874935613,False,False
alternate_totals,alternate_totals|hardrockbet|mid|tau0.02,hardrockbet,mid,0.02,3405,-0.03527561683296512,-0.034068338656259425,0.9765924169166588,0.024910769323501097,False,False
alternate_totals,alternate_totals|hardrockbet|mid|tau0.03,hardrockbet,mid,0.03,2891,-0.029518385594337383,-0.028379786939251694,0.936485722923731,0.02923417921819266,False,False
alternate_totals,alternate_totals|hardrockbet|mid|tau0.04,hardrockbet,mid,0.04,2387,-0.02124857461579109,-0.020259305083102384,0.8388658985283275,0.03540752601239134,False,False
alternate_totals,alternate_totals|hardrockbet|mid|tau0.06,hardrockbet,mid,0.06,1644,-0.034972185150834126,-0.033202383317249624,0.9108862739905554,0.051296981130763725,False,False
alternate_totals,alternate_totals|hardrockbet|mid|tau0.08,hardrockbet,mid,0.08,1221,-0.0458556178166149,-0.043275420072391504,0.9347540282690441,0.06889838139521866,False,False
alternate_totals,alternate_totals|hardrockbet|high|tau0.02,hardrockbet,high,0.02,2358,-0.046202428894699006,-0.0438835260068504,0.9834534007950334,0.020993566835236423,False,True
alternate_totals,alternate_totals|hardrockbet|high|tau0.03,hardrockbet,high,0.03,2081,-0.04691669246309914,-0.04394745553886353,0.9775074682208093,0.024486356347540584,False,True
alternate_totals,alternate_totals|hardrockbet|high|tau0.04,hardrockbet,high,0.04,1820,-0.03355690977297165,-0.030888710249436905,0.906207566236434,0.02960367184079943,False,False
alternate_totals,alternate_totals|hardrockbet|high|tau0.06,hardrockbet,high,0.06,1398,-0.059116677711276086,-0.05159721210637233,0.973147688980051,0.04544564179371665,False,True
alternate_totals,alternate_totals|hardrockbet|high|tau0.08,hardrockbet,high,0.08,1083,-0.05569672040609045,-0.047237384403768255,0.9399713874788966,0.06736635847021372,False,False
alternate_totals,alternate_totals|hardrockbet_oh|all|tau0.02,hardrockbet_oh,all,0.02,992,-0.029784907673478304,-0.03508460240584327,0.8654257825650647,0.08048901943817797,False,False
alternate_totals,alternate_totals|hardrockbet_oh|all|tau0.03,hardrockbet_oh,all,0.03,964,-0.022116350615389857,-0.025892642064417264,0.7892795073076695,0.08281556096269153,False,False
alternate_totals,alternate_totals|hardrockbet_oh|all|tau0.04,hardrockbet_oh,all,0.04,938,-0.02823023694594674,-0.03301131466664355,0.8439990740431338,0.08478432060881046,False,False
alternate_totals,alternate_totals|hardrockbet_oh|all|tau0.06,hardrockbet_oh,all,0.06,876,-0.022194856113713326,-0.025587134679080185,0.7755679280494145,0.08960733702509154,False,False
alternate_totals,alternate_totals|hardrockbet_oh|all|tau0.08,hardrockbet_oh,all,0.08,810,-0.027795238092819908,-0.03206356834000251,0.8192590941495542,0.09682944884218421,False,False
alternate_totals,alternate_totals|hardrockbet_oh|low|tau0.02,hardrockbet_oh,low,0.02,876,-0.01632753353852329,-0.01879717044075332,0.7110126352287566,0.07897803790021098,False,False
alternate_totals,alternate_totals|hardrockbet_oh|low|tau0.03,hardrockbet_oh,low,0.03,853,-0.012832215618782386,-0.014842966795638353,0.6676764389841094,0.08112132424477693,False,False
alternate_totals,alternate_totals|hardrockbet_oh|low|tau0.04,hardrockbet_oh,low,0.04,823,-0.007676971446360956,-0.00888153125487077,0.6005585709838908,0.08361156768723048,False,False
alternate_totals,alternate_totals|hardrockbet_oh|low|tau0.06,hardrockbet_oh,low,0.06,758,0.007400230427015133,0.0085503544660535,0.4069465635993289,0.08970243729564818,False,False
alternate_totals,alternate_totals|hardrockbet_oh|low|tau0.08,hardrockbet_oh,low,0.08,703,-0.007503440385898571,-0.00873778298955441,0.5916047220959143,0.09552727518710857,False,False
alternate_totals,alternate_totals|hardrockbet_oh|mid|tau0.02,hardrockbet_oh,mid,0.02,934,-0.037442152343233455,-0.03643929334898381,0.8672823796487065,0.09180916413489865,False,False
alternate_totals,alternate_totals|hardrockbet_oh|mid|tau0.03,hardrockbet_oh,mid,0.03,905,-0.030351150958340258,-0.029399061597339092,0.8117647967119134,0.0944791807962542,False,False
alternate_totals,alternate_totals|hardrockbet_oh|mid|tau0.04,hardrockbet_oh,mid,0.04,880,-0.028951414862500295,-0.028044186098334704,0.797274360788975,0.09733730067352665,False,False
alternate_totals,alternate_totals|hardrockbet_oh|mid|tau0.06,hardrockbet_oh,mid,0.06,825,-0.030552905152276804,-0.029438665161334487,0.8011012335925032,0.10278273134619581,False,False
alternate_totals,alternate_totals|hardrockbet_oh|mid|tau0.08,hardrockbet_oh,mid,0.08,765,-0.03409092781204399,-0.03278068064329376,0.8177090236986421,0.11104462718315111,False,False
alternate_totals,alternate_totals|hardrockbet_oh|high|tau0.02,hardrockbet_oh,high,0.02,547,-0.0715415917103652,-0.06657502376689296,0.9402717286538611,0.06284244200207942,False,False
alternate_totals,alternate_totals|hardrockbet_oh|high|tau0.03,hardrockbet_oh,high,0.03,522,-0.06293950964229142,-0.05820002377918947,0.9081938267752376,0.06548905860057913,False,False
alternate_totals,alternate_totals|hardrockbet_oh|high|tau0.04,hardrockbet_oh,high,0.04,508,-0.07287307635778384,-0.06742108616074687,0.9356934901473496,0.0671825550160552,False,False
alternate_totals,alternate_totals|hardrockbet_oh|high|tau0.06,hardrockbet_oh,high,0.06,474,-0.06720375593903812,-0.06194645393389658,0.9112784694549146,0.07115859114299718,False,False
alternate_totals,alternate_totals|hardrockbet_oh|high|tau0.08,hardrockbet_oh,high,0.08,430,-0.03270912588115388,-0.030060831924657087,0.7334742631046275,0.07762445844339734,False,False
alternate_totals,alternate_totals|livescorebet_eu|all|tau0.02,livescorebet_eu,all,0.02,11,-0.22254184731574697,-0.23978714887099534,0.7867758414006356,-0.06395152309137339,False,False
alternate_totals,alternate_totals|livescorebet_eu|all|tau0.03,livescorebet_eu,all,0.03,10,-0.14479603204732167,-0.15407656048422763,0.6869533412585799,-0.07271965080750761,False,False
alternate_totals,alternate_totals|livescorebet_eu|all|tau0.04,livescorebet_eu,all,0.04,10,-0.14479603204732167,-0.15407656048422763,0.6869533412585799,-0.07271965080750761,False,False
alternate_totals,alternate_totals|livescorebet_eu|all|tau0.06,livescorebet_eu,all,0.06,6,0.10715812840597906,0.11605508801784724,0.3880995351588982,-0.10482644075064186,False,False
alternate_totals,alternate_totals|livescorebet_eu|all|tau0.08,livescorebet_eu,all,0.08,3,0.5723409481699827,1.1544135070262322,0.02277698706082036,-0.14454296347796083,False,False
alternate_totals,alternate_totals|livescorebet_eu|mid|tau0.02,livescorebet_eu,mid,0.02,11,-0.22254184731574697,-0.23978714887099534,0.7867758414006356,-0.06395152309137339,False,False
alternate_totals,alternate_totals|livescorebet_eu|mid|tau0.03,livescorebet_eu,mid,0.03,10,-0.14479603204732167,-0.15407656048422763,0.6869533412585799,-0.07271965080750761,False,False
alternate_totals,alternate_totals|livescorebet_eu|mid|tau0.04,livescorebet_eu,mid,0.04,10,-0.14479603204732167,-0.15407656048422763,0.6869533412585799,-0.07271965080750761,False,False
alternate_totals,alternate_totals|livescorebet_eu|mid|tau0.06,livescorebet_eu,mid,0.06,6,0.10715812840597906,0.11605508801784724,0.3880995351588982,-0.10482644075064186,False,False
alternate_totals,alternate_totals|livescorebet_eu|mid|tau0.08,livescorebet_eu,mid,0.08,3,0.5723409481699827,1.1544135070262322,0.02277698706082036,-0.14454296347796083,False,False
alternate_totals,alternate_totals|pointsbetus|all|tau0.02,pointsbetus,all,0.02,1246,-0.0510681383955098,-0.07283170398504234,0.9949277759312628,-0.02274636340560569,False,True
alternate_totals,alternate_totals|pointsbetus|all|tau0.03,pointsbetus,all,0.03,1129,-0.04723181778260683,-0.06749395274282878,0.9883304279248887,-0.02503496846607632,False,True
alternate_totals,alternate_totals|pointsbetus|all|tau0.04,pointsbetus,all,0.04,924,-0.058952067385960774,-0.08195806605835111,0.9936363404549743,-0.03091809558114508,False,True
alternate_totals,alternate_totals|pointsbetus|all|tau0.06,pointsbetus,all,0.06,539,0.0011063797020862828,0.0015396854833565105,0.4857424802019833,-0.0513018812131809,False,False
alternate_totals,alternate_totals|pointsbetus|all|tau0.08,pointsbetus,all,0.08,298,0.049725060427423015,0.06557654134046853,0.12881162167103807,-0.07031019027033301,False,True
alternate_totals,alternate_totals|pointsbetus|low|tau0.02,pointsbetus,low,0.02,1069,-0.03854353901198268,-0.03749062925411596,0.8898587583470227,-0.006223771149890751,False,True
alternate_totals,alternate_totals|pointsbetus|low|tau0.03,pointsbetus,low,0.03,832,-0.01995612416848578,-0.019078162936064003,0.7089426247418795,-0.008104452604583545,False,True
alternate_totals,alternate_totals|pointsbetus|low|tau0.04,pointsbetus,low,0.04,612,-0.017266603161512014,-0.016175768416650114,0.6554830236049114,-0.01139994335110492,False,False
alternate_totals,alternate_totals|pointsbetus|low|tau0.06,pointsbetus,low,0.06,301,0.11920284567234238,0.10538617924372462,0.03374612985302038,-0.027378171250528133,False,True
alternate_totals,alternate_totals|pointsbetus|low|tau0.08,pointsbetus,low,0.08,158,0.12293820758522037,0.10103216089724744,0.10205040651264922,-0.045234216178935485,False,True
alternate_totals,alternate_totals|pointsbetus|mid|tau0.02,pointsbetus,mid,0.02,929,-0.07150777574588958,-0.07450022093132813,0.9884183234376593,-0.037321173590207396,False,True
alternate_totals,alternate_totals|pointsbetus|mid|tau0.03,pointsbetus,mid,0.03,764,-0.058521345468395436,-0.06094053508599401,0.95395069203749,-0.044355144968634366,False,True
alternate_totals,alternate_totals|pointsbetus|mid|tau0.04,pointsbetus,mid,0.04,620,-0.03180442476440654,-0.03258943087731373,0.791452174592337,-0.05154771738662563,False,True
alternate_totals,alternate_totals|pointsbetus|mid|tau0.06,pointsbetus,mid,0.06,377,0.0035227056348174192,0.0036262243123591086,0.47193424698692926,-0.06729488734017956,False,False
alternate_totals,alternate_totals|pointsbetus|mid|tau0.08,pointsbetus,mid,0.08,217,0.029387007538883004,0.030081419716407796,0.32883694446646516,-0.08715748000585424,False,True
alternate_totals,alternate_totals|pointsbetus|high|tau0.02,pointsbetus,high,0.02,1022,-0.05143796087046504,-0.0674158169866226,0.9844268427731646,-0.046446554959401865,False,True
alternate_totals,alternate_totals|pointsbetus|high|tau0.03,pointsbetus,high,0.03,862,-0.04625204893742524,-0.060686229809739936,0.9626039990189,-0.0525271631124461,False,True
alternate_totals,alternate_totals|pointsbetus|high|tau0.04,pointsbetus,high,0.04,705,-0.06810815663187428,-0.09282244469208807,0.993141807171392,-0.060588974759519784,False,True
alternate_totals,alternate_totals|pointsbetus|high|tau0.06,pointsbetus,high,0.06,445,-0.04422035122211902,-0.06445165659863099,0.9130231850614466,-0.07735478756374814,False,True
alternate_totals,alternate_totals|pointsbetus|high|tau0.08,pointsbetus,high,0.08,256,0.02263012965931123,0.03228847427321755,0.30271226586070443,-0.09553899976736757,False,True
alternate_totals,alternate_totals|rebet|all|tau0.02,rebet,all,0.02,2225,-0.028872906007149653,-0.037124072808529904,0.9600390161501503,0.02405640044984979,False,True
alternate_totals,alternate_totals|rebet|all|tau0.03,rebet,all,0.03,2223,-0.02629467857488014,-0.032394965132732455,0.9366667915931776,0.024468225803050834,False,True
alternate_totals,alternate_totals|rebet|all|tau0.04,rebet,all,0.04,2092,-0.01948779005003789,-0.023392117815093465,0.8576718281976198,0.026892276251607918,False,True
alternate_totals,alternate_totals|rebet|all|tau0.06,rebet,all,0.06,1663,-0.021677295872777384,-0.025672620753861137,0.8524333368527898,0.03356843204274538,False,False
alternate_totals,alternate_totals|rebet|all|tau0.08,rebet,all,0.08,1336,-0.027291305408903635,-0.03213133553067106,0.8798912187052395,0.04207866253270373,False,False
alternate_totals,alternate_totals|rebet|low|tau0.02,rebet,low,0.02,2027,-0.022692079419716467,-0.027154551425696304,0.8892516764973724,0.03216179694527692,False,True
alternate_totals,alternate_totals|rebet|low|tau0.03,rebet,low,0.03,1983,-0.016049940328510544,-0.018251138022193927,0.7918162527465739,0.032072235746231914,False,True
alternate_totals,alternate_totals|rebet|low|tau0.04,rebet,low,0.04,1841,-0.02180780939204315,-0.02450756341939057,0.8534953603999729,0.035452863527956464,False,True
alternate_totals,alternate_totals|rebet|low|tau0.06,rebet,low,0.06,1435,-0.02039065124874364,-0.023119264537535076,0.8094278869185823,0.044869604011795634,False,True
alternate_totals,alternate_totals|rebet|low|tau0.08,rebet,low,0.08,1143,-0.025379671244756305,-0.029263267798255933,0.8387517954577229,0.05523291720794607,False,False
alternate_totals,alternate_totals|rebet|mid|tau0.02,rebet,mid,0.02,2190,-0.022273392641357886,-0.023679500654845073,0.8660993018950051,0.023191709395410036,False,True
alternate_totals,alternate_totals|rebet|mid|tau0.03,rebet,mid,0.03,2041,-0.012509627163621539,-0.01297141643129555,0.7210673604739093,0.02473836550179316,False,False
alternate_totals,alternate_totals|rebet|mid|tau0.04,rebet,mid,0.04,1822,-0.009697836506395345,-0.010023273898835892,0.6656170540314539,0.02750184894742309,False,False
alternate_totals,alternate_totals|rebet|mid|tau0.06,rebet,mid,0.06,1462,-0.019230104632353605,-0.019664207322462893,0.77393921864013,0.034884149469652535,False,False
alternate_totals,alternate_totals|rebet|mid|tau0.08,rebet,mid,0.08,1179,-0.03182117147103565,-0.03263165980194801,0.8687409462881609,0.04517206272967819,False,False
alternate_totals,alternate_totals|rebet|high|tau0.02,rebet,high,0.02,1370,-0.05839951829103939,-0.06342914678373937,0.9905560337391668,0.006786237347139678,False,True
alternate_totals,alternate_totals|rebet|high|tau0.03,rebet,high,0.03,1231,-0.04921974478954331,-0.05314370696645867,0.9688798055280708,0.0077351329001241805,False,True
alternate_totals,alternate_totals|rebet|high|tau0.04,rebet,high,0.04,1097,-0.06264930993330589,-0.0675841653059703,0.9874042838206027,0.008964869402209929,False,True
alternate_totals,alternate_totals|rebet|high|tau0.06,rebet,high,0.06,879,-0.06051188503432303,-0.0639065083708203,0.9709336528658699,0.015143189820771912,False,True
alternate_totals,alternate_totals|rebet|high|tau0.08,rebet,high,0.08,720,-0.07108885980480298,-0.07325841671564469,0.9753350729327147,0.024646963177798836,False,True
alternate_totals,alternate_totals|unibet_us|all|tau0.02,unibet_us,all,0.02,1527,-0.05812922678624466,-0.07484671643194749,0.9982764660847996,-0.04320429058142332,False,True
alternate_totals,alternate_totals|unibet_us|all|tau0.03,unibet_us,all,0.03,1527,-0.06365251586203176,-0.07509200413782059,0.9983288119668706,-0.04775111765524848,False,True
alternate_totals,alternate_totals|unibet_us|all|tau0.04,unibet_us,all,0.04,1501,-0.05484018474955734,-0.057418162884671026,0.9869438329487614,-0.05336377995519183,False,True
alternate_totals,alternate_totals|unibet_us|all|tau0.06,unibet_us,all,0.06,1209,-0.07356364905987675,-0.07248106260544449,0.9941358520206309,-0.07055820158546831,False,True
alternate_totals,alternate_totals|unibet_us|all|tau0.08,unibet_us,all,0.08,882,-0.07457007816245981,-0.06993877376899998,0.9811027093794935,-0.09228253636692796,False,True
alternate_totals,alternate_totals|unibet_us|low|tau0.02,unibet_us,low,0.02,1504,-0.06403144665257242,-0.05587129497766708,0.9848737718587767,-0.051899405915323514,False,True
alternate_totals,alternate_totals|unibet_us|low|tau0.03,unibet_us,low,0.03,1501,-0.07200234056458658,-0.06018574338758804,0.9901433577806307,-0.05663398469000296,False,True
alternate_totals,alternate_totals|unibet_us|low|tau0.04,unibet_us,low,0.04,1459,-0.06393831242956154,-0.05126205222489955,0.9748878892327653,-0.06144832631917081,False,True
alternate_totals,alternate_totals|unibet_us|low|tau0.06,unibet_us,low,0.06,1156,-0.07892633456829709,-0.061275175509934394,0.9813906056278411,-0.07957581512725825,False,True
alternate_totals,alternate_totals|unibet_us|low|tau0.08,unibet_us,low,0.08,839,-0.057565676094334293,-0.04301829687997008,0.8936263079286828,-0.09938967351407017,False,True
alternate_totals,alternate_totals|unibet_us|mid|tau0.02,unibet_us,mid,0.02,1527,-0.05362027945982947,-0.05823312319979887,0.9885640268462428,-0.045548723507237016,False,True
alternate_totals,alternate_totals|unibet_us|mid|tau0.03,unibet_us,mid,0.03,1477,-0.055201630479060015,-0.05665158223460338,0.9852679172124033,-0.04841708760238597,False,True
alternate_totals,alternate_totals|unibet_us|mid|tau0.04,unibet_us,mid,0.04,1309,-0.05785302849237828,-0.05858425363002299,0.9829794474835774,-0.056733503899315314,False,True
alternate_totals,alternate_totals|unibet_us|mid|tau0.06,unibet_us,mid,0.06,989,-0.054534175593082705,-0.05508402145683667,0.9583901600648018,-0.07550693021164531,False,True
alternate_totals,alternate_totals|unibet_us|mid|tau0.08,unibet_us,mid,0.08,682,-0.04875801567675132,-0.04824351660478166,0.8961446998900638,-0.09727064085455721,False,True
alternate_totals,alternate_totals|unibet_us|high|tau0.02,unibet_us,high,0.02,1389,-0.06467809789754837,-0.07140000398352071,0.9961048700152401,-0.032359048356416724,False,True
alternate_totals,alternate_totals|unibet_us|high|tau0.03,unibet_us,high,0.03,1193,-0.06655073592293405,-0.07790226179177737,0.9964352175855657,-0.03925666909657823,False,True
alternate_totals,alternate_totals|unibet_us|high|tau0.04,unibet_us,high,0.04,984,-0.06909401844828442,-0.083965985131776,0.9957796075125988,-0.048573366038884,False,True
alternate_totals,alternate_totals|unibet_us|high|tau0.06,unibet_us,high,0.06,651,-0.06083392121075487,-0.07618770669995144,0.9740466427150423,-0.06870491857206157,False,True
alternate_totals,alternate_totals|unibet_us|high|tau0.08,unibet_us,high,0.08,399,-0.04089654721375517,-0.05193652721779995,0.8502325556161879,-0.08782549179823741,False,True
alternate_totals,alternate_totals|williamhill_us|all|tau0.02,williamhill_us,all,0.02,4683,-0.05594851834170857,-0.08357002166058325,0.9999999946392445,-0.0030794431674053117,False,True
alternate_totals,alternate_totals|williamhill_us|all|tau0.03,williamhill_us,all,0.03,4683,-0.05514541496301382,-0.08011507368564953,0.9999999790286699,-0.001459645979334553,False,True
alternate_totals,alternate_totals|williamhill_us|all|tau0.04,williamhill_us,all,0.04,4642,-0.05206610468022113,-0.07102094938966384,0.9999993469230828,0.00014267269699618377,False,True
alternate_totals,alternate_totals|williamhill_us|all|tau0.06,williamhill_us,all,0.06,3523,-0.050746449256232846,-0.061645635671807884,0.999873383712096,-0.0030933665525942062,False,True
alternate_totals,alternate_totals|williamhill_us|all|tau0.08,williamhill_us,all,0.08,2332,-0.045883701453623214,-0.0510098927275025,0.9931169161281524,-0.007291796726299367,False,True
alternate_totals,alternate_totals|williamhill_us|low|tau0.02,williamhill_us,low,0.02,4682,-0.07383066364101379,-0.08097604797263856,0.9999999849451421,-0.0031692715301519002,False,True
alternate_totals,alternate_totals|williamhill_us|low|tau0.03,williamhill_us,low,0.03,4680,-0.07272830683888297,-0.07428122867729754,0.9999998128831796,-0.004796649873827791,False,True
alternate_totals,alternate_totals|williamhill_us|low|tau0.04,williamhill_us,low,0.04,4634,-0.07079794787337619,-0.06857652687745983,0.9999984810713097,-0.006085271819298375,False,True
alternate_totals,alternate_totals|williamhill_us|low|tau0.06,williamhill_us,low,0.06,3474,-0.06480817197265999,-0.05909125655480553,0.9997519718513775,-0.013869060556848088,False,True
alternate_totals,alternate_totals|williamhill_us|low|tau0.08,williamhill_us,low,0.08,2255,-0.04436068735398144,-0.03881425054656624,0.967347619795622,-0.02209561694453134,False,True
alternate_totals,alternate_totals|williamhill_us|mid|tau0.02,williamhill_us,mid,0.02,4264,-0.04215340059415245,-0.04244848688879185,0.9972131236840378,-0.007186008363946072,False,True
alternate_totals,alternate_totals|williamhill_us|mid|tau0.03,williamhill_us,mid,0.03,3792,-0.04326004891952608,-0.04330209800716002,0.996167825725707,-0.008766311132543019,False,True
alternate_totals,alternate_totals|williamhill_us|mid|tau0.04,williamhill_us,mid,0.04,3308,-0.03722108011840466,-0.03691071243155255,0.9831200393433331,-0.010054714323108113,False,False
alternate_totals,alternate_totals|williamhill_us|mid|tau0.06,williamhill_us,mid,0.06,2460,-0.03956291844935399,-0.03868147666667309,0.9724786396926652,-0.00998020376550335,False,False
alternate_totals,alternate_totals|williamhill_us|mid|tau0.08,williamhill_us,mid,0.08,1812,-0.05283514983708,-0.051286682089830726,0.9854876402768983,-0.004797077723574268,False,False
alternate_totals,alternate_totals|williamhill_us|high|tau0.02,williamhill_us,high,0.02,4359,-0.05004510326671418,-0.05372615269613189,0.9998052863202174,-0.006551657550808256,False,True
alternate_totals,alternate_totals|williamhill_us|high|tau0.03,williamhill_us,high,0.03,3821,-0.05234137713443742,-0.056357947333515006,0.9997527550269893,-0.006896641363530742,False,True
alternate_totals,alternate_totals|williamhill_us|high|tau0.04,williamhill_us,high,0.04,3287,-0.05229604430195067,-0.05613196224362981,0.999354961593421,-0.006792165513011836,False,True
alternate_totals,alternate_totals|williamhill_us|high|tau0.06,williamhill_us,high,0.06,2389,-0.06921332621017945,-0.07121181544279,0.9997498990112679,-0.004352462716391516,False,True
alternate_totals,alternate_totals|williamhill_us|high|tau0.08,williamhill_us,high,0.08,1737,-0.0577918499895845,-0.05506114626471079,0.9891277535877565,0.0035667354879569736,False,True
alternate_totals,alternate_totals|windcreek|all|tau0.02,windcreek,all,0.02,152,-0.007957833132780043,-0.008542465492321748,0.541938492966532,-0.04337432631130894,False,False
alternate_totals,alternate_totals|windcreek|all|tau0.03,windcreek,all,0.03,132,0.00840594236127359,0.008993259605980915,0.45885264177735885,-0.047919218895355366,False,False
alternate_totals,alternate_totals|windcreek|all|tau0.04,windcreek,all,0.04,110,0.025540817006755173,0.027288125540784948,0.3873623664994107,-0.05432253029021947,False,False
alternate_totals,alternate_totals|windcreek|all|tau0.06,windcreek,all,0.06,68,0.01955973606154139,0.020983871490886784,0.4313110004188909,-0.07738884039360461,False,False
alternate_totals,alternate_totals|windcreek|all|tau0.08,windcreek,all,0.08,38,0.14536933542519762,0.1597072605252495,0.16243445459774244,-0.09929663690191487,False,False
alternate_totals,alternate_totals|windcreek|low|tau0.02,windcreek,low,0.02,26,0.3180435506522464,0.37301065389297205,0.02858632229336588,0.02563132900824091,False,False
alternate_totals,alternate_totals|windcreek|low|tau0.03,windcreek,low,0.03,20,0.3783116883116883,0.44894331033520735,0.022335701998374764,0.033161066685285526,False,False
alternate_totals,alternate_totals|windcreek|low|tau0.04,windcreek,low,0.04,15,0.45809523809523806,0.5785079478606528,0.012527565864525103,0.03761127619559342,False,False
alternate_totals,alternate_totals|windcreek|low|tau0.06,windcreek,low,0.06,8,0.31250000000000006,0.3590672264137726,0.15491102841992688,0.029403810140496936,False,False
alternate_totals,alternate_totals|windcreek|low|tau0.08,windcreek,low,0.08,4,0.6666666666666667,1.4770978917519928,0.0015674252907265315,0.060103131634628826,False,False
alternate_totals,alternate_totals|windcreek|mid|tau0.02,windcreek,mid,0.02,120,-0.10583612228960577,-0.11303914701352644,0.8921942076978131,-0.05512226839716144,False,False
alternate_totals,alternate_totals|windcreek|mid|tau0.03,windcreek,mid,0.03,106,-0.09130434996374884,-0.09720575384272664,0.8415369128139771,-0.05984828567942235,False,False
alternate_totals,alternate_totals|windcreek|mid|tau0.04,windcreek,mid,0.04,90,-0.07166907876626548,-0.07593383539608572,0.764351888744324,-0.06593853776166012,False,False
alternate_totals,alternate_totals|windcreek|mid|tau0.06,windcreek,mid,0.06,55,-0.06469484247442862,-0.06859128891376635,0.6945140463421369,-0.08895441002873554,False,False
alternate_totals,alternate_totals|windcreek|mid|tau0.08,windcreek,mid,0.08,29,0.01617550659353289,0.017059391881783098,0.463401602396397,-0.1175346776725051,False,False
alternate_totals,alternate_totals|windcreek|high|tau0.02,windcreek,high,0.02,6,0.536935286935287,0.7109036354283506,0.04081102154287688,-0.10743999097897501,False,False
alternate_totals,alternate_totals|windcreek|high|tau0.03,windcreek,high,0.03,6,0.536935286935287,0.7109036354283506,0.04081102154287688,-0.10743999097897501,False,False
alternate_totals,alternate_totals|windcreek|high|tau0.04,windcreek,high,0.04,5,0.4776556776556776,0.5764036312410283,0.09872030357968939,-0.12103581526172653,False,False
alternate_totals,alternate_totals|windcreek|high|tau0.06,windcreek,high,0.06,5,0.4776556776556776,0.5764036312410283,0.09872030357968939,-0.12103581526172653,False,False
alternate_totals,alternate_totals|windcreek|high|tau0.08,windcreek,high,0.08,5,0.4776556776556776,0.5764036312410283,0.09872030357968939,-0.12103581526172653,False,False
alternate_totals,alternate_totals|wynnbet|all|tau0.02,wynnbet,all,0.02,1005,-0.06484743235301477,-0.08353131488752885,0.9959525727467164,-0.031237367834782443,False,False
alternate_totals,alternate_totals|wynnbet|all|tau0.03,wynnbet,all,0.03,1004,-0.060478571995314534,-0.07130189130423854,0.9880666654943271,-0.03328884864993182,False,False
alternate_totals,alternate_totals|wynnbet|all|tau0.04,wynnbet,all,0.04,946,-0.06805429512488274,-0.07449540516098759,0.9890259135824393,-0.037085534790031786,False,False
alternate_totals,alternate_totals|wynnbet|all|tau0.06,wynnbet,all,0.06,668,-0.07748631919269164,-0.08392488172872756,0.9849623389256807,-0.0562855038428957,False,False
alternate_totals,alternate_totals|wynnbet|all|tau0.08,wynnbet,all,0.08,435,-0.054969493473618514,-0.056647155302134655,0.8812919869700786,-0.07944541421239164,False,False
alternate_totals,alternate_totals|wynnbet|low|tau0.02,wynnbet,low,0.02,910,-0.09111813339558103,-0.0943791471032981,0.9977937534196177,-0.029510085016994606,False,False
alternate_totals,alternate_totals|wynnbet|low|tau0.03,wynnbet,low,0.03,892,-0.11514547813296055,-0.11267884171106211,0.999617708525746,-0.03237220064537526,False,False
alternate_totals,alternate_totals|wynnbet|low|tau0.04,wynnbet,low,0.04,819,-0.1196812876031148,-0.11200073368388064,0.9993252896548221,-0.0361755902647992,False,False
alternate_totals,alternate_totals|wynnbet|low|tau0.06,wynnbet,low,0.06,540,-0.130259510826734,-0.11881172328179355,0.9971181922848013,-0.05549243179562954,False,False
alternate_totals,alternate_totals|wynnbet|low|tau0.08,wynnbet,low,0.08,321,-0.11743162973305206,-0.10302158831526016,0.967538175743257,-0.07814224233189278,False,False
alternate_totals,alternate_totals|wynnbet|mid|tau0.02,wynnbet,mid,0.02,989,-0.03937850781084234,-0.0429983060380724,0.9118485902853853,-0.031239767965787806,False,False
alternate_totals,alternate_totals|wynnbet|mid|tau0.03,wynnbet,mid,0.03,916,-0.043857485106670695,-0.045693800529461585,0.9166591882358428,-0.034596553468995365,False,False
alternate_totals,alternate_totals|wynnbet|mid|tau0.04,wynnbet,mid,0.04,786,-0.038447226454554215,-0.03990863327428745,0.8684013732904289,-0.041894820370616113,False,False
alternate_totals,alternate_totals|wynnbet|mid|tau0.06,wynnbet,mid,0.06,530,-0.0391402854556214,-0.04122977064278617,0.828735616922773,-0.06361282100910337,False,False
alternate_totals,alternate_totals|wynnbet|mid|tau0.08,wynnbet,mid,0.08,341,-0.04817631535761184,-0.04993004554061499,0.8217402693470053,-0.08664057128390533,False,False
alternate_totals,alternate_totals|wynnbet|high|tau0.02,wynnbet,high,0.02,589,-0.07232596146772594,-0.0924398768722867,0.9875661963010944,-0.048137073435138004,False,False
alternate_totals,alternate_totals|wynnbet|high|tau0.03,wynnbet,high,0.03,514,-0.05653036104032811,-0.07433482718272946,0.9540334029787743,-0.05505746675782758,False,False
alternate_totals,alternate_totals|wynnbet|high|tau0.04,wynnbet,high,0.04,442,-0.04715833964788514,-0.06238040483183699,0.905150979560113,-0.06181505847708853,False,False
alternate_totals,alternate_totals|wynnbet|high|tau0.06,wynnbet,high,0.06,309,-0.007201284689672724,-0.009806870767898459,0.5684341623735092,-0.07917251059057503,False,False
alternate_totals,alternate_totals|wynnbet|high|tau0.08,wynnbet,high,0.08,183,-0.019023255985199623,-0.024634389008759066,0.63052639472011,-0.09932873362935492,False,False
