{
  "target": "perside_runs",
  "metric": "crps",
  "n_eval": 11428,
  "n_configs": 3,
  "pbo": {
    "pbo": 0.996,
    "n_combos": 1000,
    "n_configs": 3,
    "n_slices": 16,
    "clears_live": false,
    "threshold": 0.2
  },
  "candidates": {
    "sanity_noise": {
      "extra_cols": [
        "__sanity_noise__"
      ],
      "candidate_eval_std": 0.9992301853108388,
      "candidate_eval_coverage": 1.0,
      "lift": {
        "all": {
          "stratum": "all",
          "n": 11428,
          "base_metric": 1.7057725804630826,
          "cand_metric": 1.7063783832105823,
          "lift": -0.0006058027474997729,
          "lift_pct": -0.00035514860212802215
        },
        "non_cold_start": {
          "stratum": "non_cold_start",
          "n": 9655,
          "base_metric": 1.6865361294590364,
          "cand_metric": 1.6871092339142941,
          "lift": -0.0005731044552577114,
          "lift_pct": -0.00033981154939238513
        },
        "cold_start": {
          "stratum": "cold_start",
          "n": 1773,
          "base_metric": 1.8105260685872038,
          "cand_metric": 1.811309932254948,
          "lift": -0.000783863667744189,
          "lift_pct": -0.00043294801513454943
        }
      },
      "dsr": {
        "dsr": 0.13757735082757355,
        "observed_sr": -0.005348778924707642,
        "sr0": 0.004861987609316435,
        "n_trials": 2,
        "n_obs": 11428,
        "passes_live": false,
        "threshold": 0.95
      },
      "orthogonality": {
        "__sanity_noise__": {
          "max_abs_corr": 0.0375,
          "vs": "off_lhb_count"
        }
      },
      "degenerate": false,
      "degenerate_reason": null,
      "gate": {
        "lift_positive_all_and_noncold": false,
        "pbo_clears_live": false,
        "dsr_passes_live": false,
        "not_degenerate": true,
        "SHIP": false
      },
      "verdict": "NO-SHIP (record null)"
    },
    "sanity_dup": {
      "extra_cols": [
        "__sanity_dup__is_home"
      ],
      "candidate_eval_std": 0.5000218775295998,
      "candidate_eval_coverage": 1.0,
      "lift": {
        "all": {
          "stratum": "all",
          "n": 11428,
          "base_metric": 1.7057725804630826,
          "cand_metric": 1.7057625788486044,
          "lift": 1.0001614478172272e-05,
          "lift_pct": 5.863392689462177e-06
        },
        "non_cold_start": {
          "stratum": "non_cold_start",
          "n": 9655,
          "base_metric": 1.6865361294590364,
          "cand_metric": 1.686511574083376,
          "lift": 2.4555375660373358e-05,
          "lift_pct": 1.4559649942542054e-05
        },
        "cold_start": {
          "stratum": "cold_start",
          "n": 1773,
          "base_metric": 1.8105260685872038,
          "cand_metric": 1.8105953205340417,
          "lift": -6.925194683793379e-05,
          "lift_pct": -3.8249627022477904e-05
        }
      },
      "dsr": {
        "dsr": 0.3049249635822526,
        "observed_sr": 8.833443424286599e-05,
        "sr0": 0.004861987609316435,
        "n_trials": 2,
        "n_obs": 11428,
        "passes_live": false,
        "threshold": 0.95
      },
      "orthogonality": {
        "__sanity_dup__is_home": {
          "max_abs_corr": 1.0,
          "vs": "is_home"
        }
      },
      "degenerate": false,
      "degenerate_reason": null,
      "gate": {
        "lift_positive_all_and_noncold": true,
        "pbo_clears_live": false,
        "dsr_passes_live": false,
        "not_degenerate": true,
        "SHIP": false
      },
      "verdict": "NO-SHIP (record null)"
    }
  }
}