{
  "home_win": {
    "target": "home_win",
    "primary_metric": "brier",
    "n_post": 209,
    "n_pre": 154,
    "n_dropped": 55,
    "cv": {
      "post": {
        "brier": 0.19563973376065233,
        "nll": 0.5755069000909305,
        "accuracy": 0.6950158894603339,
        "ece": 0.024851684692035206,
        "live_corr": 0.4646438865745118,
        "pred_std": 0.21774827382595285
      },
      "pre": {
        "brier": 0.1980125511646719,
        "nll": 0.5808470027592444,
        "accuracy": 0.6884555156777378,
        "ece": 0.03587153274346381,
        "live_corr": 0.454024202186837,
        "pred_std": 0.21343851145782822
      }
    },
    "live_2026": {
      "post": {
        "brier": 0.19733703419088475,
        "nll": 0.5796599814578981,
        "accuracy": 0.6893939393939394,
        "ece": 0.03325852751122935,
        "live_corr": 0.46070489518977326,
        "pred_std": 0.20616083916311867
      },
      "pre": {
        "brier": 0.2019831657836307,
        "nll": 0.5903969553630865,
        "accuracy": 0.6856060606060606,
        "ece": 0.041737874711074104,
        "live_corr": 0.43977939254306775,
        "pred_std": 0.1969893122345933
      },
      "gap_primary": 0.004646131592745961
    },
    "verdict": "SERVE-WORTHY (beats coinflip; gap is the honest morning cost)"
  }
}