{
  "run_diff": {
    "target": "run_diff",
    "primary_metric": "mae",
    "n_post": 167,
    "n_pre": 124,
    "n_dropped": 43,
    "cv": {
      "post": {
        "mae": 3.051430851277446,
        "rmse": 4.076926705231597,
        "medae": 2.288670545788359,
        "bias": 0.049030792071039914,
        "pred_std": 1.9547372966691432,
        "calib_80": 0.762865323976435
      },
      "pre": {
        "mae": 3.1125774615903334,
        "rmse": 4.162352407290997,
        "medae": 2.336940145320233,
        "bias": 0.04198052806684759,
        "pred_std": 1.935511882192027,
        "calib_80": 0.7615520282186949
      }
    },
    "live_2026": {
      "post": {
        "mae": 3.0407562421997345,
        "rmse": 4.075782162183421,
        "medae": 2.2693376518187387,
        "bias": 0.009584927753717153,
        "pred_std": 1.9581972736295814,
        "calib_80": 0.7777777777777778
      },
      "pre": {
        "mae": 3.146915505775093,
        "rmse": 4.197943937703017,
        "medae": 2.3885480894186992,
        "bias": -0.0565877026879353,
        "pred_std": 1.9390705606465495,
        "calib_80": 0.7790404040404041
      },
      "gap_primary": 0.10615926357535832
    },
    "verdict": "SERVE-WORTHY (beats coinflip; gap is the honest morning cost)"
  }
}