{
  "total_runs": {
    "target": "total_runs",
    "primary_metric": "mae",
    "n_post": 111,
    "n_pre": 87,
    "n_dropped": 24,
    "cv": {
      "post": {
        "mae": 3.323440917988427,
        "rmse": 4.185012438852767,
        "medae": 2.8513525827660877,
        "bias": 0.10984201281160144,
        "pred_std": 1.284046298918123,
        "calib_80": 0.7893047487491932
      },
      "pre": {
        "mae": 3.3320773324539807,
        "rmse": 4.203368509358966,
        "medae": 2.852078705832691,
        "bias": 0.08084037036209936,
        "pred_std": 1.2931690700358034,
        "calib_80": 0.7781578503800727
      }
    },
    "live_2026": {
      "post": {
        "mae": 3.2918690344642765,
        "rmse": 4.150245398425259,
        "medae": 2.8383503138058863,
        "bias": -0.07444906091967227,
        "pred_std": 1.226713583137617,
        "calib_80": 0.8093434343434344
      },
      "pre": {
        "mae": 3.3179914511106667,
        "rmse": 4.18284933947004,
        "medae": 2.843481171798837,
        "bias": -0.05686029268935623,
        "pred_std": 1.2213461657816087,
        "calib_80": 0.7853535353535354
      },
      "gap_primary": 0.026122416646390256
    },
    "verdict": "SERVE-WORTHY (beats coinflip; gap is the honest morning cost)"
  }
}