table,column,verdict,anchor,anchor_share,onset,share_2026,history
depth_charts,club_code,silently-dead,2025,0.0,2025,0.0,2001:1.00 2002:1.00 2003:1.00 2004:1.00 2005:1.00 2006:1.00 2007:1.00 2008:1.00 2009:1.00 2010:1.00 2011:1.00 2012:1.00 2013:1.00 2014:1.00 2015:1.00 2016:1.00 2017:1.00 2018:1.00 2019:1.00 2020:1.00 2021:1.00 2022:1.00 2023:1.00 2024:1.00 2025:0.00 2026:0.00
depth_charts,week,silently-dead,2025,0.0,2025,0.0,2001:0.96 2002:1.00 2003:1.00 2004:1.00 2005:1.00 2006:1.00 2007:0.99 2008:0.99 2009:0.99 2010:0.99 2011:0.99 2012:0.99 2013:0.99 2014:1.00 2015:0.99 2016:0.99 2017:0.99 2018:0.99 2019:0.99 2020:0.99 2021:0.99 2022:0.99 2023:0.99 2024:0.99 2025:0.00 2026:0.00
depth_charts,game_type,silently-dead,2025,0.0,2025,0.0,2001:1.00 2002:1.00 2003:1.00 2004:1.00 2005:1.00 2006:1.00 2007:1.00 2008:1.00 2009:1.00 2010:1.00 2011:1.00 2012:1.00 2013:1.00 2014:1.00 2015:1.00 2016:1.00 2017:1.00 2018:1.00 2019:1.00 2020:1.00 2021:1.00 2022:1.00 2023:1.00 2024:1.00 2025:0.00 2026:0.00
depth_charts,depth_team,silently-dead,2025,0.0,2025,0.0,2001:1.00 2002:1.00 2003:1.00 2004:1.00 2005:1.00 2006:1.00 2007:1.00 2008:1.00 2009:1.00 2010:1.00 2011:1.00 2012:1.00 2013:1.00 2014:1.00 2015:1.00 2016:1.00 2017:1.00 2018:1.00 2019:1.00 2020:1.00 2021:1.00 2022:1.00 2023:1.00 2024:1.00 2025:0.00 2026:0.00
depth_charts,last_name,silently-dead,2025,0.0,2025,0.0,2001:1.00 2002:1.00 2003:1.00 2004:1.00 2005:1.00 2006:1.00 2007:1.00 2008:1.00 2009:1.00 2010:1.00 2011:1.00 2012:1.00 2013:1.00 2014:1.00 2015:1.00 2016:1.00 2017:1.00 2018:1.00 2019:1.00 2020:1.00 2021:1.00 2022:1.00 2023:1.00 2024:1.00 2025:0.00 2026:0.00
depth_charts,first_name,silently-dead,2025,0.0,2025,0.0,2001:1.00 2002:1.00 2003:1.00 2004:1.00 2005:1.00 2006:1.00 2007:1.00 2008:1.00 2009:1.00 2010:1.00 2011:1.00 2012:1.00 2013:1.00 2014:1.00 2015:1.00 2016:1.00 2017:1.00 2018:1.00 2019:1.00 2020:1.00 2021:1.00 2022:1.00 2023:1.00 2024:1.00 2025:0.00 2026:0.00
depth_charts,football_name,silently-dead,2025,0.0,2025,0.0,2001:1.00 2002:1.00 2003:1.00 2004:1.00 2005:1.00 2006:1.00 2007:1.00 2008:1.00 2009:1.00 2010:1.00 2011:1.00 2012:1.00 2013:1.00 2014:1.00 2015:1.00 2016:1.00 2017:1.00 2018:1.00 2019:1.00 2020:1.00 2021:1.00 2022:1.00 2023:1.00 2024:1.00 2025:0.00 2026:0.00
depth_charts,formation,silently-dead,2025,0.0,2025,0.0,2001:1.00 2002:1.00 2003:1.00 2004:1.00 2005:1.00 2006:1.00 2007:1.00 2008:1.00 2009:1.00 2010:1.00 2011:1.00 2012:1.00 2013:1.00 2014:1.00 2015:1.00 2016:1.00 2017:1.00 2018:1.00 2019:1.00 2020:1.00 2021:1.00 2022:1.00 2023:1.00 2024:1.00 2025:0.00 2026:0.00
depth_charts,gsis_id,healthy,2025,0.99,,0.991,2001:1.00 2002:1.00 2003:1.00 2004:1.00 2005:1.00 2006:1.00 2007:1.00 2008:1.00 2009:1.00 2010:1.00 2011:1.00 2012:1.00 2013:1.00 2014:1.00 2015:1.00 2016:1.00 2017:1.00 2018:1.00 2019:1.00 2020:1.00 2021:1.00 2022:1.00 2023:1.00 2024:1.00 2025:0.99 2026:0.99
depth_charts,jersey_number,silently-dead,2025,0.0,2025,0.0,2001:0.99 2002:1.00 2003:1.00 2004:1.00 2005:1.00 2006:1.00 2007:1.00 2008:1.00 2009:1.00 2010:1.00 2011:1.00 2012:1.00 2013:1.00 2014:1.00 2015:1.00 2016:1.00 2017:1.00 2018:1.00 2019:1.00 2020:1.00 2021:1.00 2022:1.00 2023:1.00 2024:1.00 2025:0.00 2026:0.00
depth_charts,position,silently-dead,2025,0.0,2025,0.0,2001:1.00 2002:1.00 2003:1.00 2004:1.00 2005:1.00 2006:1.00 2007:1.00 2008:1.00 2009:1.00 2010:1.00 2011:1.00 2012:1.00 2013:1.00 2014:1.00 2015:1.00 2016:1.00 2017:1.00 2018:1.00 2019:1.00 2020:1.00 2021:1.00 2022:1.00 2023:1.00 2024:1.00 2025:0.00 2026:0.00
depth_charts,elias_id,silently-dead,2025,0.0,2025,0.0,2001:1.00 2002:1.00 2003:1.00 2004:1.00 2005:1.00 2006:1.00 2007:1.00 2008:1.00 2009:1.00 2010:1.00 2011:1.00 2012:1.00 2013:1.00 2014:1.00 2015:1.00 2016:1.00 2017:1.00 2018:1.00 2019:1.00 2020:1.00 2021:1.00 2022:1.00 2023:1.00 2024:1.00 2025:0.00 2026:0.00
depth_charts,depth_position,silently-dead,2025,0.0,2025,0.0,2001:1.00 2002:1.00 2003:1.00 2004:1.00 2005:1.00 2006:1.00 2007:1.00 2008:1.00 2009:1.00 2010:1.00 2011:1.00 2012:1.00 2013:1.00 2014:1.00 2015:1.00 2016:1.00 2017:1.00 2018:1.00 2019:1.00 2020:1.00 2021:1.00 2022:1.00 2023:1.00 2024:1.00 2025:0.00 2026:0.00
depth_charts,full_name,silently-dead,2025,0.0,2025,0.0,2001:1.00 2002:1.00 2003:1.00 2004:1.00 2005:1.00 2006:1.00 2007:1.00 2008:1.00 2009:1.00 2010:1.00 2011:1.00 2012:1.00 2013:1.00 2014:1.00 2015:1.00 2016:1.00 2017:1.00 2018:1.00 2019:1.00 2020:1.00 2021:1.00 2022:1.00 2023:1.00 2024:1.00 2025:0.00 2026:0.00
depth_charts,dt,new-in-anchor,2025,1.0,2025,1.0,2001:0.00 2002:0.00 2003:0.00 2004:0.00 2005:0.00 2006:0.00 2007:0.00 2008:0.00 2009:0.00 2010:0.00 2011:0.00 2012:0.00 2013:0.00 2014:0.00 2015:0.00 2016:0.00 2017:0.00 2018:0.00 2019:0.00 2020:0.00 2021:0.00 2022:0.00 2023:0.00 2024:0.00 2025:1.00 2026:1.00
depth_charts,team,new-in-anchor,2025,1.0,2025,1.0,2001:0.00 2002:0.00 2003:0.00 2004:0.00 2005:0.00 2006:0.00 2007:0.00 2008:0.00 2009:0.00 2010:0.00 2011:0.00 2012:0.00 2013:0.00 2014:0.00 2015:0.00 2016:0.00 2017:0.00 2018:0.00 2019:0.00 2020:0.00 2021:0.00 2022:0.00 2023:0.00 2024:0.00 2025:1.00 2026:1.00
depth_charts,player_name,new-in-anchor,2025,0.999,2025,0.999,2001:0.00 2002:0.00 2003:0.00 2004:0.00 2005:0.00 2006:0.00 2007:0.00 2008:0.00 2009:0.00 2010:0.00 2011:0.00 2012:0.00 2013:0.00 2014:0.00 2015:0.00 2016:0.00 2017:0.00 2018:0.00 2019:0.00 2020:0.00 2021:0.00 2022:0.00 2023:0.00 2024:0.00 2025:1.00 2026:1.00
depth_charts,espn_id,new-in-anchor,2025,1.0,2025,1.0,2001:0.00 2002:0.00 2003:0.00 2004:0.00 2005:0.00 2006:0.00 2007:0.00 2008:0.00 2009:0.00 2010:0.00 2011:0.00 2012:0.00 2013:0.00 2014:0.00 2015:0.00 2016:0.00 2017:0.00 2018:0.00 2019:0.00 2020:0.00 2021:0.00 2022:0.00 2023:0.00 2024:0.00 2025:1.00 2026:1.00
depth_charts,pos_grp_id,new-in-anchor,2025,1.0,2025,1.0,2001:0.00 2002:0.00 2003:0.00 2004:0.00 2005:0.00 2006:0.00 2007:0.00 2008:0.00 2009:0.00 2010:0.00 2011:0.00 2012:0.00 2013:0.00 2014:0.00 2015:0.00 2016:0.00 2017:0.00 2018:0.00 2019:0.00 2020:0.00 2021:0.00 2022:0.00 2023:0.00 2024:0.00 2025:1.00 2026:1.00
depth_charts,pos_grp,new-in-anchor,2025,1.0,2025,1.0,2001:0.00 2002:0.00 2003:0.00 2004:0.00 2005:0.00 2006:0.00 2007:0.00 2008:0.00 2009:0.00 2010:0.00 2011:0.00 2012:0.00 2013:0.00 2014:0.00 2015:0.00 2016:0.00 2017:0.00 2018:0.00 2019:0.00 2020:0.00 2021:0.00 2022:0.00 2023:0.00 2024:0.00 2025:1.00 2026:1.00
depth_charts,pos_id,new-in-anchor,2025,1.0,2025,1.0,2001:0.00 2002:0.00 2003:0.00 2004:0.00 2005:0.00 2006:0.00 2007:0.00 2008:0.00 2009:0.00 2010:0.00 2011:0.00 2012:0.00 2013:0.00 2014:0.00 2015:0.00 2016:0.00 2017:0.00 2018:0.00 2019:0.00 2020:0.00 2021:0.00 2022:0.00 2023:0.00 2024:0.00 2025:1.00 2026:1.00
depth_charts,pos_name,new-in-anchor,2025,1.0,2025,1.0,2001:0.00 2002:0.00 2003:0.00 2004:0.00 2005:0.00 2006:0.00 2007:0.00 2008:0.00 2009:0.00 2010:0.00 2011:0.00 2012:0.00 2013:0.00 2014:0.00 2015:0.00 2016:0.00 2017:0.00 2018:0.00 2019:0.00 2020:0.00 2021:0.00 2022:0.00 2023:0.00 2024:0.00 2025:1.00 2026:1.00
depth_charts,pos_abb,new-in-anchor,2025,1.0,2025,1.0,2001:0.00 2002:0.00 2003:0.00 2004:0.00 2005:0.00 2006:0.00 2007:0.00 2008:0.00 2009:0.00 2010:0.00 2011:0.00 2012:0.00 2013:0.00 2014:0.00 2015:0.00 2016:0.00 2017:0.00 2018:0.00 2019:0.00 2020:0.00 2021:0.00 2022:0.00 2023:0.00 2024:0.00 2025:1.00 2026:1.00
depth_charts,pos_slot,new-in-anchor,2025,1.0,2025,1.0,2001:0.00 2002:0.00 2003:0.00 2004:0.00 2005:0.00 2006:0.00 2007:0.00 2008:0.00 2009:0.00 2010:0.00 2011:0.00 2012:0.00 2013:0.00 2014:0.00 2015:0.00 2016:0.00 2017:0.00 2018:0.00 2019:0.00 2020:0.00 2021:0.00 2022:0.00 2023:0.00 2024:0.00 2025:1.00 2026:1.00
depth_charts,pos_rank,new-in-anchor,2025,1.0,2025,1.0,2001:0.00 2002:0.00 2003:0.00 2004:0.00 2005:0.00 2006:0.00 2007:0.00 2008:0.00 2009:0.00 2010:0.00 2011:0.00 2012:0.00 2013:0.00 2014:0.00 2015:0.00 2016:0.00 2017:0.00 2018:0.00 2019:0.00 2020:0.00 2021:0.00 2022:0.00 2023:0.00 2024:0.00 2025:1.00 2026:1.00
ftn_charting,ftn_game_id,healthy,2025,1.0,,,2022:1.00 2023:1.00 2024:1.00 2025:1.00
ftn_charting,nflverse_game_id,healthy,2025,1.0,,,2022:1.00 2023:1.00 2024:1.00 2025:1.00
ftn_charting,week,healthy,2025,1.0,,,2022:1.00 2023:1.00 2024:1.00 2025:1.00
ftn_charting,ftn_play_id,healthy,2025,1.0,,,2022:1.00 2023:1.00 2024:1.00 2025:1.00
ftn_charting,nflverse_play_id,healthy,2025,1.0,,,2022:1.00 2023:1.00 2024:1.00 2025:1.00
ftn_charting,starting_hash,healthy,2025,1.0,,,2022:0.88 2023:1.00 2024:1.00 2025:1.00
ftn_charting,qb_location,healthy,2025,1.0,,,2022:0.88 2023:1.00 2024:1.00 2025:1.00
ftn_charting,n_offense_backfield,healthy,2025,0.984,,,2022:1.00 2023:0.94 2024:1.00 2025:0.98
ftn_charting,n_defense_box,healthy,2025,1.0,,,2022:1.00 2023:1.00 2024:1.00 2025:1.00
ftn_charting,is_no_huddle,healthy,2025,1.0,,,2022:1.00 2023:1.00 2024:1.00 2025:1.00
ftn_charting,is_motion,healthy,2025,1.0,,,2022:1.00 2023:1.00 2024:1.00 2025:1.00
ftn_charting,is_play_action,healthy,2025,1.0,,,2022:1.00 2023:1.00 2024:1.00 2025:1.00
ftn_charting,is_screen_pass,healthy,2025,1.0,,,2022:1.00 2023:1.00 2024:1.00 2025:1.00
ftn_charting,is_rpo,healthy,2025,1.0,,,2022:1.00 2023:1.00 2024:1.00 2025:1.00
ftn_charting,is_trick_play,healthy,2025,1.0,,,2022:1.00 2023:1.00 2024:1.00 2025:1.00
ftn_charting,is_qb_out_of_pocket,healthy,2025,1.0,,,2022:1.00 2023:1.00 2024:1.00 2025:1.00
ftn_charting,is_interception_worthy,healthy,2025,1.0,,,2022:1.00 2023:1.00 2024:1.00 2025:1.00
ftn_charting,is_throw_away,healthy,2025,1.0,,,2022:1.00 2023:1.00 2024:1.00 2025:1.00
ftn_charting,read_thrown,healthy,2025,1.0,,,2022:0.47 2023:1.00 2024:1.00 2025:1.00
ftn_charting,is_catchable_ball,healthy,2025,1.0,,,2022:1.00 2023:1.00 2024:1.00 2025:1.00
ftn_charting,is_contested_ball,healthy,2025,1.0,,,2022:1.00 2023:1.00 2024:1.00 2025:1.00
ftn_charting,is_created_reception,healthy,2025,1.0,,,2022:1.00 2023:1.00 2024:1.00 2025:1.00
ftn_charting,is_drop,healthy,2025,1.0,,,2022:1.00 2023:1.00 2024:1.00 2025:1.00
ftn_charting,is_qb_sneak,healthy,2025,1.0,,,2022:1.00 2023:1.00 2024:1.00 2025:1.00
ftn_charting,n_blitzers,healthy,2025,1.0,,,2022:1.00 2023:1.00 2024:1.00 2025:1.00
ftn_charting,n_pass_rushers,healthy,2025,1.0,,,2022:1.00 2023:0.97 2024:1.00 2025:1.00
ftn_charting,is_qb_fault_sack,healthy,2025,1.0,,,2022:1.00 2023:1.00 2024:1.00 2025:1.00
ftn_charting,date_pulled,healthy,2025,1.0,,,2022:1.00 2023:1.00 2024:1.00 2025:1.00
injuries,game_type,healthy,2025,1.0,,,2009:1.00 2010:1.00 2011:1.00 2012:1.00 2013:1.00 2014:1.00 2015:1.00 2016:1.00 2017:1.00 2018:1.00 2019:1.00 2020:1.00 2021:1.00 2022:1.00 2023:1.00 2024:1.00 2025:1.00
injuries,team,healthy,2025,1.0,,,2009:1.00 2010:1.00 2011:1.00 2012:1.00 2013:1.00 2014:1.00 2015:1.00 2016:1.00 2017:1.00 2018:1.00 2019:1.00 2020:1.00 2021:1.00 2022:1.00 2023:1.00 2024:1.00 2025:1.00
injuries,week,healthy,2025,1.0,,,2009:1.00 2010:1.00 2011:1.00 2012:1.00 2013:1.00 2014:1.00 2015:1.00 2016:1.00 2017:1.00 2018:1.00 2019:1.00 2020:1.00 2021:1.00 2022:1.00 2023:1.00 2024:1.00 2025:1.00
injuries,gsis_id,healthy,2025,1.0,,,2009:1.00 2010:1.00 2011:1.00 2012:1.00 2013:1.00 2014:1.00 2015:1.00 2016:1.00 2017:1.00 2018:1.00 2019:1.00 2020:1.00 2021:1.00 2022:1.00 2023:1.00 2024:1.00 2025:1.00
injuries,position,healthy,2025,1.0,,,2009:1.00 2010:1.00 2011:1.00 2012:1.00 2013:1.00 2014:1.00 2015:1.00 2016:1.00 2017:1.00 2018:1.00 2019:1.00 2020:1.00 2021:1.00 2022:1.00 2023:1.00 2024:1.00 2025:1.00
injuries,full_name,healthy,2025,1.0,,,2009:1.00 2010:1.00 2011:1.00 2012:1.00 2013:1.00 2014:1.00 2015:1.00 2016:1.00 2017:1.00 2018:1.00 2019:1.00 2020:1.00 2021:1.00 2022:1.00 2023:1.00 2024:1.00 2025:1.00
injuries,first_name,healthy,2025,1.0,,,2009:1.00 2010:1.00 2011:1.00 2012:1.00 2013:1.00 2014:1.00 2015:1.00 2016:1.00 2017:1.00 2018:1.00 2019:1.00 2020:1.00 2021:1.00 2022:1.00 2023:1.00 2024:1.00 2025:1.00
injuries,last_name,healthy,2025,1.0,,,2009:1.00 2010:1.00 2011:1.00 2012:1.00 2013:1.00 2014:1.00 2015:1.00 2016:1.00 2017:1.00 2018:1.00 2019:1.00 2020:1.00 2021:1.00 2022:1.00 2023:1.00 2024:1.00 2025:1.00
injuries,report_primary_injury,healthy,2025,0.459,,,2009:0.94 2010:0.94 2011:0.95 2012:0.97 2013:0.97 2014:0.96 2015:0.97 2016:0.60 2017:0.51 2018:0.47 2019:0.47 2020:0.45 2021:0.46 2022:0.48 2023:0.49 2024:0.45 2025:0.46
injuries,report_secondary_injury,healthy,2025,0.043,,,2009:0.03 2010:0.03 2011:0.04 2012:0.06 2013:0.05 2014:0.05 2015:0.06 2016:0.03 2017:0.03 2018:0.03 2019:0.04 2020:0.03 2021:0.03 2022:0.04 2023:0.03 2024:0.03 2025:0.04
injuries,report_status,healthy,2025,0.459,,,2009:0.94 2010:0.94 2011:0.95 2012:0.97 2013:0.97 2014:0.96 2015:0.97 2016:0.60 2017:0.51 2018:0.47 2019:0.47 2020:0.45 2021:0.46 2022:0.48 2023:0.49 2024:0.46 2025:0.46
injuries,practice_primary_injury,healthy,2025,0.993,,,2009:1.00 2010:1.00 2011:1.00 2012:1.00 2013:1.00 2014:1.00 2015:1.00 2016:1.00 2017:1.00 2018:1.00 2019:0.99 2020:0.99 2021:0.99 2022:1.00 2023:0.99 2024:0.99 2025:0.99
injuries,practice_secondary_injury,healthy,2025,0.083,,,2009:0.03 2010:0.03 2011:0.04 2012:0.07 2013:0.05 2014:0.05 2015:0.06 2016:0.05 2017:0.05 2018:0.06 2019:0.07 2020:0.07 2021:0.06 2022:0.07 2023:0.07 2024:0.07 2025:0.08
injuries,practice_status,healthy,2025,0.993,,,2009:1.00 2010:1.00 2011:1.00 2012:1.00 2013:1.00 2014:1.00 2015:1.00 2016:1.00 2017:1.00 2018:1.00 2019:1.00 2020:1.00 2021:1.00 2022:1.00 2023:1.00 2024:1.00 2025:0.99
injuries,date_modified,silently-dead,2025,0.0,2025,,2009:0.00 2010:0.99 2011:1.00 2012:1.00 2013:1.00 2014:1.00 2015:1.00 2016:1.00 2017:1.00 2018:1.00 2019:1.00 2020:1.00 2021:1.00 2022:1.00 2023:1.00 2024:1.00 2025:0.00
injuries,season_type,new-in-anchor,2025,1.0,2025,,2009:0.00 2010:0.00 2011:0.00 2012:0.00 2013:0.00 2014:0.00 2015:0.00 2016:0.00 2017:0.00 2018:0.00 2019:0.00 2020:0.00 2021:0.00 2022:0.00 2023:0.00 2024:0.00 2025:1.00
nflverse_combine,draft_year,healthy,2025,0.653,,0.0,2000:0.63 2001:0.65 2002:0.63 2003:0.67 2004:0.65 2005:0.65 2006:0.67 2007:0.65 2008:0.65 2009:0.64 2010:0.66 2011:0.66 2012:0.66 2013:0.67 2014:0.67 2015:0.66 2016:0.64 2017:0.68 2018:0.63 2019:0.65 2020:0.68 2021:0.42 2022:0.69 2023:0.60 2024:0.66 2025:0.65 2026:0.00
nflverse_combine,draft_team,healthy,2025,0.653,,0.0,2000:0.63 2001:0.65 2002:0.63 2003:0.67 2004:0.65 2005:0.65 2006:0.67 2007:0.65 2008:0.65 2009:0.64 2010:0.66 2011:0.66 2012:0.66 2013:0.67 2014:0.67 2015:0.66 2016:0.64 2017:0.68 2018:0.63 2019:0.65 2020:0.68 2021:0.42 2022:0.69 2023:0.60 2024:0.66 2025:0.65 2026:0.00
nflverse_combine,draft_round,healthy,2025,0.653,,0.0,2000:0.63 2001:0.65 2002:0.63 2003:0.67 2004:0.65 2005:0.65 2006:0.67 2007:0.65 2008:0.65 2009:0.64 2010:0.66 2011:0.66 2012:0.66 2013:0.67 2014:0.67 2015:0.66 2016:0.64 2017:0.68 2018:0.63 2019:0.65 2020:0.68 2021:0.42 2022:0.69 2023:0.60 2024:0.66 2025:0.65 2026:0.00
nflverse_combine,draft_ovr,healthy,2025,0.653,,0.0,2000:0.63 2001:0.65 2002:0.63 2003:0.67 2004:0.65 2005:0.65 2006:0.67 2007:0.65 2008:0.65 2009:0.64 2010:0.66 2011:0.66 2012:0.66 2013:0.67 2014:0.67 2015:0.66 2016:0.64 2017:0.68 2018:0.63 2019:0.65 2020:0.68 2021:0.42 2022:0.69 2023:0.60 2024:0.66 2025:0.65 2026:0.00
nflverse_combine,pfr_id,healthy,2025,0.884,,0.831,2000:0.69 2001:0.71 2002:0.71 2003:0.75 2004:0.73 2005:0.71 2006:0.71 2007:0.67 2008:0.76 2009:0.82 2010:0.83 2011:0.90 2012:0.87 2013:0.93 2014:0.97 2015:0.94 2016:0.95 2017:0.97 2018:0.87 2019:0.99 2020:1.00 2021:0.64 2022:0.96 2023:0.82 2024:0.85 2025:0.88 2026:0.83
nflverse_combine,cfb_id,healthy,2025,0.979,,0.984,2000:0.32 2001:0.63 2002:0.67 2003:0.67 2004:0.72 2005:0.64 2006:0.81 2007:0.82 2008:0.85 2009:0.83 2010:0.89 2011:0.84 2012:0.86 2013:0.79 2014:0.87 2015:0.87 2016:0.92 2017:0.92 2018:0.85 2019:0.95 2020:0.96 2021:0.98 2022:0.92 2023:0.89 2024:0.89 2025:0.98 2026:0.98
nflverse_combine,player_name,healthy,2025,1.0,,1.0,2000:1.00 2001:1.00 2002:1.00 2003:1.00 2004:1.00 2005:1.00 2006:1.00 2007:1.00 2008:1.00 2009:1.00 2010:1.00 2011:1.00 2012:1.00 2013:1.00 2014:1.00 2015:1.00 2016:1.00 2017:1.00 2018:1.00 2019:1.00 2020:1.00 2021:1.00 2022:1.00 2023:1.00 2024:1.00 2025:1.00 2026:1.00
nflverse_combine,pos,healthy,2025,1.0,,1.0,2000:1.00 2001:1.00 2002:1.00 2003:1.00 2004:1.00 2005:1.00 2006:1.00 2007:1.00 2008:1.00 2009:1.00 2010:1.00 2011:1.00 2012:1.00 2013:1.00 2014:1.00 2015:1.00 2016:1.00 2017:1.00 2018:1.00 2019:1.00 2020:1.00 2021:1.00 2022:1.00 2023:1.00 2024:1.00 2025:1.00 2026:1.00
nflverse_combine,school,healthy,2025,1.0,,1.0,2000:1.00 2001:1.00 2002:1.00 2003:1.00 2004:1.00 2005:1.00 2006:1.00 2007:1.00 2008:1.00 2009:1.00 2010:1.00 2011:1.00 2012:1.00 2013:1.00 2014:1.00 2015:1.00 2016:1.00 2017:1.00 2018:1.00 2019:1.00 2020:1.00 2021:1.00 2022:1.00 2023:1.00 2024:1.00 2025:1.00 2026:1.00
nflverse_combine,ht,healthy,2025,1.0,,1.0,2000:1.00 2001:1.00 2002:1.00 2003:1.00 2004:1.00 2005:1.00 2006:1.00 2007:1.00 2008:1.00 2009:1.00 2010:1.00 2011:1.00 2012:1.00 2013:1.00 2014:1.00 2015:1.00 2016:1.00 2017:1.00 2018:1.00 2019:1.00 2020:1.00 2021:0.94 2022:1.00 2023:1.00 2024:1.00 2025:1.00 2026:1.00
nflverse_combine,wt,healthy,2025,1.0,,1.0,2000:1.00 2001:1.00 2002:1.00 2003:1.00 2004:1.00 2005:1.00 2006:1.00 2007:1.00 2008:1.00 2009:1.00 2010:1.00 2011:1.00 2012:1.00 2013:1.00 2014:1.00 2015:1.00 2016:1.00 2017:1.00 2018:1.00 2019:1.00 2020:1.00 2021:0.95 2022:1.00 2023:1.00 2024:1.00 2025:1.00 2026:1.00
nflverse_combine,forty,healthy,2025,0.611,,0.592,2000:0.97 2001:0.97 2002:0.98 2003:1.00 2004:1.00 2005:0.98 2006:0.99 2007:0.99 2008:1.00 2009:1.00 2010:0.99 2011:1.00 2012:1.00 2013:1.00 2014:0.98 2015:1.00 2016:1.00 2017:0.83 2018:0.80 2019:0.78 2020:0.79 2021:0.85 2022:0.73 2023:0.70 2024:0.69 2025:0.61 2026:0.59
nflverse_combine,bench,degraded,2025,0.204,2025,0.141,2000:0.55 2001:0.54 2002:0.63 2003:0.56 2004:0.57 2005:0.60 2006:0.65 2007:0.67 2008:0.70 2009:0.75 2010:0.76 2011:0.78 2012:0.75 2013:0.72 2014:0.73 2015:0.68 2016:0.73 2017:0.76 2018:0.72 2019:0.76 2020:0.64 2021:0.73 2022:0.23 2023:0.32 2024:0.22 2025:0.20 2026:0.14
nflverse_combine,vertical,healthy,2025,0.632,,0.596,2000:0.71 2001:0.66 2002:0.76 2003:0.71 2004:0.72 2005:0.75 2006:0.81 2007:0.76 2008:0.79 2009:0.78 2010:0.78 2011:0.84 2012:0.82 2013:0.75 2014:0.81 2015:0.78 2016:0.82 2017:0.84 2018:0.76 2019:0.79 2020:0.74 2021:0.86 2022:0.69 2023:0.72 2024:0.72 2025:0.63 2026:0.60
nflverse_combine,broad_jump,healthy,2025,0.596,,0.552,2000:0.74 2001:0.67 2002:0.75 2003:0.71 2004:0.73 2005:0.72 2006:0.81 2007:0.74 2008:0.78 2009:0.78 2010:0.78 2011:0.83 2012:0.79 2013:0.78 2014:0.79 2015:0.77 2016:0.80 2017:0.83 2018:0.75 2019:0.79 2020:0.71 2021:0.82 2022:0.67 2023:0.71 2024:0.69 2025:0.60 2026:0.55
nflverse_combine,cone,degraded,2025,0.228,2025,0.16,2000:0.63 2001:0.57 2002:0.60 2003:0.61 2004:0.59 2005:0.67 2006:0.70 2007:0.67 2008:0.65 2009:0.69 2010:0.64 2011:0.76 2012:0.68 2013:0.61 2014:0.66 2015:0.68 2016:0.62 2017:0.63 2018:0.55 2019:0.60 2020:0.46 2021:0.75 2022:0.28 2023:0.25 2024:0.23 2025:0.23 2026:0.16
nflverse_combine,shuttle,degraded,2025,0.261,2025,0.185,2000:0.63 2001:0.57 2002:0.59 2003:0.61 2004:0.61 2005:0.67 2006:0.72 2007:0.66 2008:0.63 2009:0.70 2010:0.66 2011:0.78 2012:0.69 2013:0.65 2014:0.67 2015:0.70 2016:0.65 2017:0.64 2018:0.58 2019:0.63 2020:0.47 2021:0.77 2022:0.31 2023:0.31 2024:0.28 2025:0.26 2026:0.18
nflverse_draft_picks,round,healthy,2025,1.0,,1.0,1999:1.00 2000:1.00 2001:1.00 2002:1.00 2003:1.00 2004:1.00 2005:1.00 2006:1.00 2007:1.00 2008:1.00 2009:1.00 2010:1.00 2011:1.00 2012:1.00 2013:1.00 2014:1.00 2015:1.00 2016:1.00 2017:1.00 2018:1.00 2019:1.00 2020:1.00 2021:1.00 2022:1.00 2023:1.00 2024:1.00 2025:1.00 2026:1.00
nflverse_draft_picks,pick,healthy,2025,1.0,,1.0,1999:1.00 2000:1.00 2001:1.00 2002:1.00 2003:1.00 2004:1.00 2005:1.00 2006:1.00 2007:1.00 2008:1.00 2009:1.00 2010:1.00 2011:1.00 2012:1.00 2013:1.00 2014:1.00 2015:1.00 2016:1.00 2017:1.00 2018:1.00 2019:1.00 2020:1.00 2021:1.00 2022:1.00 2023:1.00 2024:1.00 2025:1.00 2026:1.00
nflverse_draft_picks,team,healthy,2025,1.0,,1.0,1999:1.00 2000:1.00 2001:1.00 2002:1.00 2003:1.00 2004:1.00 2005:1.00 2006:1.00 2007:1.00 2008:1.00 2009:1.00 2010:1.00 2011:1.00 2012:1.00 2013:1.00 2014:1.00 2015:1.00 2016:1.00 2017:1.00 2018:1.00 2019:1.00 2020:1.00 2021:1.00 2022:1.00 2023:1.00 2024:1.00 2025:1.00 2026:1.00
nflverse_draft_picks,gsis_id,healthy,2025,0.996,,0.895,1999:0.89 2000:0.86 2001:0.89 2002:0.87 2003:0.90 2004:0.89 2005:0.86 2006:0.89 2007:0.88 2008:0.98 2009:0.97 2010:0.96 2011:0.99 2012:1.00 2013:0.99 2014:0.99 2015:0.99 2016:1.00 2017:1.00 2018:1.00 2019:1.00 2020:0.99 2021:1.00 2022:1.00 2023:1.00 2024:1.00 2025:1.00 2026:0.89
nflverse_draft_picks,pfr_player_id,healthy,2025,1.0,,1.0,1999:0.89 2000:0.86 2001:0.90 2002:0.87 2003:0.90 2004:0.89 2005:0.87 2006:0.89 2007:0.89 2008:0.99 2009:0.97 2010:0.96 2011:1.00 2012:1.00 2013:1.00 2014:1.00 2015:1.00 2016:1.00 2017:1.00 2018:1.00 2019:1.00 2020:1.00 2021:1.00 2022:1.00 2023:1.00 2024:1.00 2025:1.00 2026:1.00
nflverse_draft_picks,cfb_player_id,healthy,2025,0.969,,0.798,1999:0.58 2000:0.59 2001:0.62 2002:0.67 2003:0.70 2004:0.72 2005:0.66 2006:0.82 2007:0.84 2008:0.81 2009:0.86 2010:0.85 2011:0.86 2012:0.85 2013:0.83 2014:0.89 2015:0.91 2016:0.91 2017:0.92 2018:0.91 2019:0.94 2020:0.97 2021:0.97 2022:0.90 2023:0.96 2024:0.94 2025:0.97 2026:0.80
nflverse_draft_picks,pfr_player_name,healthy,2025,1.0,,1.0,1999:1.00 2000:1.00 2001:1.00 2002:1.00 2003:1.00 2004:1.00 2005:1.00 2006:1.00 2007:1.00 2008:1.00 2009:1.00 2010:1.00 2011:1.00 2012:1.00 2013:1.00 2014:1.00 2015:1.00 2016:1.00 2017:1.00 2018:1.00 2019:1.00 2020:1.00 2021:1.00 2022:1.00 2023:1.00 2024:1.00 2025:1.00 2026:1.00
nflverse_draft_picks,hof,healthy,2025,1.0,,1.0,1999:1.00 2000:1.00 2001:1.00 2002:1.00 2003:1.00 2004:1.00 2005:1.00 2006:1.00 2007:1.00 2008:1.00 2009:1.00 2010:1.00 2011:1.00 2012:1.00 2013:1.00 2014:1.00 2015:1.00 2016:1.00 2017:1.00 2018:1.00 2019:1.00 2020:1.00 2021:1.00 2022:1.00 2023:1.00 2024:1.00 2025:1.00 2026:1.00
nflverse_draft_picks,position,healthy,2025,1.0,,1.0,1999:1.00 2000:1.00 2001:1.00 2002:1.00 2003:1.00 2004:1.00 2005:1.00 2006:1.00 2007:1.00 2008:1.00 2009:1.00 2010:1.00 2011:1.00 2012:1.00 2013:1.00 2014:1.00 2015:1.00 2016:1.00 2017:1.00 2018:1.00 2019:1.00 2020:1.00 2021:1.00 2022:1.00 2023:1.00 2024:1.00 2025:1.00 2026:1.00
nflverse_draft_picks,category,healthy,2025,1.0,,1.0,1999:1.00 2000:1.00 2001:1.00 2002:1.00 2003:1.00 2004:1.00 2005:1.00 2006:1.00 2007:1.00 2008:1.00 2009:1.00 2010:1.00 2011:1.00 2012:1.00 2013:1.00 2014:1.00 2015:1.00 2016:1.00 2017:1.00 2018:1.00 2019:1.00 2020:1.00 2021:1.00 2022:1.00 2023:1.00 2024:1.00 2025:1.00 2026:1.00
nflverse_draft_picks,side,healthy,2025,0.996,,0.996,1999:1.00 2000:1.00 2001:1.00 2002:1.00 2003:1.00 2004:1.00 2005:1.00 2006:1.00 2007:1.00 2008:1.00 2009:1.00 2010:1.00 2011:1.00 2012:1.00 2013:1.00 2014:1.00 2015:1.00 2016:1.00 2017:1.00 2018:1.00 2019:1.00 2020:1.00 2021:1.00 2022:1.00 2023:1.00 2024:1.00 2025:1.00 2026:1.00
nflverse_draft_picks,college,healthy,2025,1.0,,1.0,1999:1.00 2000:1.00 2001:1.00 2002:1.00 2003:1.00 2004:1.00 2005:1.00 2006:1.00 2007:1.00 2008:1.00 2009:1.00 2010:1.00 2011:1.00 2012:1.00 2013:1.00 2014:1.00 2015:1.00 2016:1.00 2017:1.00 2018:1.00 2019:1.00 2020:1.00 2021:1.00 2022:1.00 2023:1.00 2024:1.00 2025:1.00 2026:1.00
nflverse_draft_picks,age,healthy,2025,0.992,,0.837,1999:0.89 2000:0.86 2001:0.90 2002:0.87 2003:0.90 2004:0.89 2005:0.87 2006:0.89 2007:0.89 2008:0.99 2009:0.97 2010:0.96 2011:1.00 2012:0.99 2013:1.00 2014:1.00 2015:0.99 2016:1.00 2017:1.00 2018:1.00 2019:1.00 2020:1.00 2021:1.00 2022:1.00 2023:1.00 2024:1.00 2025:0.99 2026:0.84
nflverse_draft_picks,to,healthy,2025,0.883,,0.0,1999:0.89 2000:0.86 2001:0.89 2002:0.87 2003:0.90 2004:0.89 2005:0.87 2006:0.89 2007:0.88 2008:0.91 2009:0.90 2010:0.93 2011:0.91 2012:0.91 2013:0.91 2014:0.89 2015:0.89 2016:0.93 2017:0.91 2018:0.94 2019:0.93 2020:0.96 2021:0.97 2022:0.97 2023:0.97 2024:0.93 2025:0.88 2026:0.00
nflverse_draft_picks,allpro,healthy,2025,1.0,,1.0,1999:1.00 2000:1.00 2001:1.00 2002:1.00 2003:1.00 2004:1.00 2005:1.00 2006:1.00 2007:1.00 2008:1.00 2009:1.00 2010:1.00 2011:1.00 2012:1.00 2013:1.00 2014:1.00 2015:1.00 2016:1.00 2017:1.00 2018:1.00 2019:1.00 2020:1.00 2021:1.00 2022:1.00 2023:1.00 2024:1.00 2025:1.00 2026:1.00
nflverse_draft_picks,probowls,healthy,2025,1.0,,1.0,1999:1.00 2000:1.00 2001:1.00 2002:1.00 2003:1.00 2004:1.00 2005:1.00 2006:1.00 2007:1.00 2008:1.00 2009:1.00 2010:1.00 2011:1.00 2012:1.00 2013:1.00 2014:1.00 2015:1.00 2016:1.00 2017:1.00 2018:1.00 2019:1.00 2020:1.00 2021:1.00 2022:1.00 2023:1.00 2024:1.00 2025:1.00 2026:1.00
nflverse_draft_picks,seasons_started,healthy,2025,1.0,,1.0,1999:1.00 2000:1.00 2001:1.00 2002:1.00 2003:1.00 2004:1.00 2005:1.00 2006:1.00 2007:1.00 2008:1.00 2009:1.00 2010:1.00 2011:1.00 2012:1.00 2013:1.00 2014:1.00 2015:1.00 2016:1.00 2017:1.00 2018:1.00 2019:1.00 2020:1.00 2021:1.00 2022:1.00 2023:1.00 2024:1.00 2025:1.00 2026:1.00
nflverse_draft_picks,w_av,healthy,2025,0.883,,0.0,1999:0.89 2000:0.86 2001:0.89 2002:0.87 2003:0.90 2004:0.89 2005:0.87 2006:0.89 2007:0.88 2008:0.91 2009:0.90 2010:0.93 2011:0.91 2012:0.91 2013:0.91 2014:0.89 2015:0.89 2016:0.93 2017:0.91 2018:0.94 2019:0.93 2020:0.96 2021:0.97 2022:0.97 2023:0.97 2024:0.93 2025:0.88 2026:0.00
nflverse_draft_picks,car_av,born-null,2025,0.0,,0.0,1999:0.00 2000:0.00 2001:0.00 2002:0.00 2003:0.00 2004:0.00 2005:0.00 2006:0.00 2007:0.00 2008:0.00 2009:0.00 2010:0.00 2011:0.00 2012:0.00 2013:0.00 2014:0.00 2015:0.00 2016:0.00 2017:0.00 2018:0.00 2019:0.00 2020:0.00 2021:0.00 2022:0.00 2023:0.00 2024:0.00 2025:0.00 2026:0.00
nflverse_draft_picks,dr_av,healthy,2025,0.872,,0.0,1999:0.79 2000:0.81 2001:0.78 2002:0.81 2003:0.83 2004:0.82 2005:0.80 2006:0.82 2007:0.80 2008:0.84 2009:0.82 2010:0.86 2011:0.86 2012:0.84 2013:0.83 2014:0.82 2015:0.84 2016:0.87 2017:0.86 2018:0.88 2019:0.86 2020:0.93 2021:0.92 2022:0.93 2023:0.92 2024:0.89 2025:0.87 2026:0.00
nflverse_draft_picks,games,healthy,2025,0.883,,0.0,1999:0.89 2000:0.86 2001:0.89 2002:0.87 2003:0.90 2004:0.89 2005:0.87 2006:0.89 2007:0.88 2008:0.91 2009:0.90 2010:0.93 2011:0.91 2012:0.91 2013:0.91 2014:0.89 2015:0.89 2016:0.93 2017:0.91 2018:0.94 2019:0.93 2020:0.96 2021:0.97 2022:0.97 2023:0.97 2024:0.93 2025:0.88 2026:0.00
nflverse_draft_picks,pass_completions,healthy,2025,0.883,,0.0,1999:0.89 2000:0.86 2001:0.89 2002:0.87 2003:0.90 2004:0.89 2005:0.87 2006:0.89 2007:0.88 2008:0.91 2009:0.90 2010:0.93 2011:0.91 2012:0.91 2013:0.91 2014:0.89 2015:0.89 2016:0.93 2017:0.91 2018:0.94 2019:0.93 2020:0.96 2021:0.97 2022:0.97 2023:0.97 2024:0.93 2025:0.88 2026:0.00
nflverse_draft_picks,pass_attempts,healthy,2025,0.883,,0.0,1999:0.89 2000:0.86 2001:0.89 2002:0.87 2003:0.90 2004:0.89 2005:0.87 2006:0.89 2007:0.88 2008:0.91 2009:0.90 2010:0.93 2011:0.91 2012:0.91 2013:0.91 2014:0.89 2015:0.89 2016:0.93 2017:0.91 2018:0.94 2019:0.93 2020:0.96 2021:0.97 2022:0.97 2023:0.97 2024:0.93 2025:0.88 2026:0.00
nflverse_draft_picks,pass_yards,healthy,2025,0.883,,0.0,1999:0.89 2000:0.86 2001:0.89 2002:0.87 2003:0.90 2004:0.89 2005:0.87 2006:0.89 2007:0.88 2008:0.91 2009:0.90 2010:0.93 2011:0.91 2012:0.91 2013:0.91 2014:0.89 2015:0.89 2016:0.93 2017:0.91 2018:0.94 2019:0.93 2020:0.96 2021:0.97 2022:0.97 2023:0.97 2024:0.93 2025:0.88 2026:0.00
nflverse_draft_picks,pass_tds,healthy,2025,0.883,,0.0,1999:0.89 2000:0.86 2001:0.89 2002:0.87 2003:0.90 2004:0.89 2005:0.87 2006:0.89 2007:0.88 2008:0.91 2009:0.90 2010:0.93 2011:0.91 2012:0.91 2013:0.91 2014:0.89 2015:0.89 2016:0.93 2017:0.91 2018:0.94 2019:0.93 2020:0.96 2021:0.97 2022:0.97 2023:0.97 2024:0.93 2025:0.88 2026:0.00
nflverse_draft_picks,pass_ints,healthy,2025,0.883,,0.0,1999:0.89 2000:0.86 2001:0.89 2002:0.87 2003:0.90 2004:0.89 2005:0.86 2006:0.89 2007:0.88 2008:0.91 2009:0.90 2010:0.93 2011:0.91 2012:0.91 2013:0.91 2014:0.89 2015:0.89 2016:0.93 2017:0.91 2018:0.94 2019:0.93 2020:0.96 2021:0.97 2022:0.97 2023:0.97 2024:0.93 2025:0.88 2026:0.00
nflverse_draft_picks,rush_atts,healthy,2025,0.883,,0.0,1999:0.89 2000:0.86 2001:0.89 2002:0.87 2003:0.90 2004:0.89 2005:0.87 2006:0.89 2007:0.88 2008:0.91 2009:0.90 2010:0.93 2011:0.91 2012:0.91 2013:0.91 2014:0.89 2015:0.89 2016:0.93 2017:0.91 2018:0.94 2019:0.93 2020:0.96 2021:0.97 2022:0.97 2023:0.97 2024:0.93 2025:0.88 2026:0.00
nflverse_draft_picks,rush_yards,healthy,2025,0.883,,0.0,1999:0.89 2000:0.86 2001:0.89 2002:0.87 2003:0.90 2004:0.89 2005:0.87 2006:0.89 2007:0.88 2008:0.91 2009:0.90 2010:0.93 2011:0.91 2012:0.91 2013:0.91 2014:0.89 2015:0.89 2016:0.93 2017:0.91 2018:0.94 2019:0.93 2020:0.96 2021:0.97 2022:0.97 2023:0.97 2024:0.93 2025:0.88 2026:0.00
nflverse_draft_picks,rush_tds,healthy,2025,0.883,,0.0,1999:0.89 2000:0.86 2001:0.89 2002:0.87 2003:0.90 2004:0.89 2005:0.87 2006:0.89 2007:0.88 2008:0.91 2009:0.90 2010:0.93 2011:0.91 2012:0.91 2013:0.91 2014:0.89 2015:0.89 2016:0.93 2017:0.91 2018:0.94 2019:0.93 2020:0.96 2021:0.97 2022:0.97 2023:0.97 2024:0.93 2025:0.88 2026:0.00
nflverse_draft_picks,receptions,healthy,2025,0.883,,0.0,1999:0.89 2000:0.86 2001:0.89 2002:0.87 2003:0.90 2004:0.89 2005:0.87 2006:0.89 2007:0.88 2008:0.91 2009:0.90 2010:0.93 2011:0.91 2012:0.91 2013:0.91 2014:0.89 2015:0.89 2016:0.93 2017:0.91 2018:0.94 2019:0.93 2020:0.96 2021:0.97 2022:0.97 2023:0.97 2024:0.93 2025:0.88 2026:0.00
nflverse_draft_picks,rec_yards,healthy,2025,0.883,,0.0,1999:0.89 2000:0.86 2001:0.89 2002:0.87 2003:0.90 2004:0.89 2005:0.87 2006:0.89 2007:0.88 2008:0.91 2009:0.90 2010:0.93 2011:0.91 2012:0.91 2013:0.91 2014:0.89 2015:0.89 2016:0.93 2017:0.91 2018:0.94 2019:0.93 2020:0.96 2021:0.97 2022:0.97 2023:0.97 2024:0.93 2025:0.88 2026:0.00
nflverse_draft_picks,rec_tds,healthy,2025,0.883,,0.0,1999:0.89 2000:0.86 2001:0.89 2002:0.87 2003:0.90 2004:0.89 2005:0.87 2006:0.89 2007:0.88 2008:0.91 2009:0.90 2010:0.93 2011:0.91 2012:0.91 2013:0.91 2014:0.89 2015:0.89 2016:0.93 2017:0.91 2018:0.94 2019:0.93 2020:0.96 2021:0.97 2022:0.97 2023:0.97 2024:0.93 2025:0.88 2026:0.00
nflverse_draft_picks,def_solo_tackles,healthy,2025,0.467,,0.0,1999:0.60 2000:0.62 2001:0.67 2002:0.62 2003:0.64 2004:0.60 2005:0.58 2006:0.61 2007:0.64 2008:0.61 2009:0.64 2010:0.67 2011:0.65 2012:0.60 2013:0.67 2014:0.62 2015:0.62 2016:0.68 2017:0.68 2018:0.72 2019:0.69 2020:0.71 2021:0.74 2022:0.73 2023:0.58 2024:0.50 2025:0.47 2026:0.00
nflverse_draft_picks,def_ints,degraded,2025,0.082,2025,0.0,1999:0.22 2000:0.26 2001:0.20 2002:0.21 2003:0.24 2004:0.22 2005:0.22 2006:0.25 2007:0.22 2008:0.23 2009:0.21 2010:0.25 2011:0.20 2012:0.23 2013:0.22 2014:0.22 2015:0.19 2016:0.27 2017:0.21 2018:0.23 2019:0.24 2020:0.22 2021:0.19 2022:0.20 2023:0.15 2024:0.12 2025:0.08 2026:0.00
nflverse_draft_picks,def_sacks,healthy,2025,0.175,,0.0,1999:0.27 2000:0.33 2001:0.28 2002:0.28 2003:0.31 2004:0.30 2005:0.25 2006:0.29 2007:0.29 2008:0.27 2009:0.29 2010:0.32 2011:0.25 2012:0.30 2013:0.31 2014:0.29 2015:0.27 2016:0.36 2017:0.32 2018:0.33 2019:0.29 2020:0.33 2021:0.29 2022:0.30 2023:0.25 2024:0.21 2025:0.18 2026:0.00
nflverse_players,gsis_id,healthy,0,1.0,,,
nflverse_players,display_name,healthy,0,1.0,,,
nflverse_players,common_first_name,healthy,0,1.0,,,
nflverse_players,first_name,healthy,0,1.0,,,
nflverse_players,last_name,healthy,0,1.0,,,
nflverse_players,short_name,healthy,0,0.294,,,
nflverse_players,football_name,healthy,0,0.313,,,
nflverse_players,suffix,healthy,0,0.007,,,
nflverse_players,esb_id,healthy,0,1.0,,,
nflverse_players,nfl_id,healthy,0,0.457,,,
nflverse_players,pfr_id,healthy,0,0.901,,,
nflverse_players,pff_id,healthy,0,0.449,,,
nflverse_players,otc_id,healthy,0,0.373,,,
nflverse_players,espn_id,healthy,0,0.67,,,
nflverse_players,smart_id,healthy,0,1.0,,,
nflverse_players,birth_date,healthy,0,0.998,,,
nflverse_players,position_group,healthy,0,1.0,,,
nflverse_players,position,healthy,0,1.0,,,
nflverse_players,ngs_position_group,healthy,0,0.119,,,
nflverse_players,ngs_position,healthy,0,0.115,,,
nflverse_players,height,healthy,0,1.0,,,
nflverse_players,weight,healthy,0,1.0,,,
nflverse_players,headshot,healthy,0,0.99,,,
nflverse_players,college_name,healthy,0,1.0,,,
nflverse_players,college_conference,healthy,0,0.247,,,
nflverse_players,jersey_number,healthy,0,0.971,,,
nflverse_players,rookie_season,healthy,0,1.0,,,
nflverse_players,last_season,healthy,0,1.0,,,
nflverse_players,latest_team,healthy,0,1.0,,,
nflverse_players,status,healthy,0,1.0,,,
nflverse_players,ngs_status,healthy,0,0.313,,,
nflverse_players,ngs_status_short_description,healthy,0,0.248,,,
nflverse_players,years_of_experience,healthy,0,1.0,,,
nflverse_players,pff_position,healthy,0,0.297,,,
nflverse_players,pff_status,healthy,0,0.154,,,
nflverse_players,draft_year,healthy,0,0.488,,,
nflverse_players,draft_round,healthy,0,0.488,,,
nflverse_players,draft_pick,healthy,0,0.488,,,
nflverse_players,draft_team,healthy,0,0.488,,,
ngs_passing,season_type,healthy,2025,1.0,,,2016:1.00 2017:1.00 2018:1.00 2019:1.00 2020:1.00 2021:1.00 2022:1.00 2023:1.00 2024:1.00 2025:1.00
ngs_passing,week,healthy,2025,1.0,,,2016:1.00 2017:1.00 2018:1.00 2019:1.00 2020:1.00 2021:1.00 2022:1.00 2023:1.00 2024:1.00 2025:1.00
ngs_passing,player_display_name,healthy,2025,1.0,,,2016:1.00 2017:1.00 2018:1.00 2019:1.00 2020:1.00 2021:1.00 2022:1.00 2023:1.00 2024:1.00 2025:1.00
ngs_passing,player_position,healthy,2025,1.0,,,2016:1.00 2017:1.00 2018:1.00 2019:1.00 2020:1.00 2021:1.00 2022:1.00 2023:1.00 2024:1.00 2025:1.00
ngs_passing,team_abbr,healthy,2025,1.0,,,2016:1.00 2017:1.00 2018:1.00 2019:1.00 2020:1.00 2021:0.99 2022:1.00 2023:1.00 2024:1.00 2025:1.00
ngs_passing,avg_time_to_throw,healthy,2025,1.0,,,2016:1.00 2017:1.00 2018:1.00 2019:1.00 2020:1.00 2021:1.00 2022:1.00 2023:1.00 2024:1.00 2025:1.00
ngs_passing,avg_completed_air_yards,healthy,2025,1.0,,,2016:1.00 2017:1.00 2018:1.00 2019:1.00 2020:1.00 2021:1.00 2022:1.00 2023:1.00 2024:1.00 2025:1.00
ngs_passing,avg_intended_air_yards,healthy,2025,1.0,,,2016:1.00 2017:1.00 2018:1.00 2019:1.00 2020:1.00 2021:1.00 2022:1.00 2023:1.00 2024:1.00 2025:1.00
ngs_passing,avg_air_yards_differential,healthy,2025,1.0,,,2016:1.00 2017:1.00 2018:1.00 2019:1.00 2020:1.00 2021:1.00 2022:1.00 2023:1.00 2024:1.00 2025:1.00
ngs_passing,aggressiveness,healthy,2025,1.0,,,2016:1.00 2017:1.00 2018:1.00 2019:1.00 2020:1.00 2021:1.00 2022:1.00 2023:1.00 2024:1.00 2025:1.00
ngs_passing,max_completed_air_distance,healthy,2025,1.0,,,2016:1.00 2017:1.00 2018:1.00 2019:1.00 2020:1.00 2021:1.00 2022:1.00 2023:1.00 2024:1.00 2025:1.00
ngs_passing,avg_air_yards_to_sticks,healthy,2025,1.0,,,2016:1.00 2017:1.00 2018:1.00 2019:1.00 2020:1.00 2021:1.00 2022:1.00 2023:1.00 2024:1.00 2025:1.00
ngs_passing,attempts,healthy,2025,1.0,,,2016:1.00 2017:1.00 2018:1.00 2019:1.00 2020:1.00 2021:1.00 2022:1.00 2023:1.00 2024:1.00 2025:1.00
ngs_passing,pass_yards,healthy,2025,1.0,,,2016:1.00 2017:1.00 2018:1.00 2019:1.00 2020:1.00 2021:1.00 2022:1.00 2023:1.00 2024:1.00 2025:1.00
ngs_passing,pass_touchdowns,healthy,2025,1.0,,,2016:1.00 2017:1.00 2018:1.00 2019:1.00 2020:1.00 2021:1.00 2022:1.00 2023:1.00 2024:1.00 2025:1.00
ngs_passing,interceptions,healthy,2025,1.0,,,2016:1.00 2017:1.00 2018:1.00 2019:1.00 2020:1.00 2021:1.00 2022:1.00 2023:1.00 2024:1.00 2025:1.00
ngs_passing,passer_rating,healthy,2025,1.0,,,2016:1.00 2017:1.00 2018:1.00 2019:1.00 2020:1.00 2021:1.00 2022:1.00 2023:1.00 2024:1.00 2025:1.00
ngs_passing,completions,healthy,2025,1.0,,,2016:1.00 2017:1.00 2018:1.00 2019:1.00 2020:1.00 2021:1.00 2022:1.00 2023:1.00 2024:1.00 2025:1.00
ngs_passing,completion_percentage,healthy,2025,1.0,,,2016:1.00 2017:1.00 2018:1.00 2019:1.00 2020:1.00 2021:1.00 2022:1.00 2023:1.00 2024:1.00 2025:1.00
ngs_passing,expected_completion_percentage,healthy,2025,1.0,,,2016:1.00 2017:1.00 2018:1.00 2019:1.00 2020:1.00 2021:1.00 2022:1.00 2023:1.00 2024:1.00 2025:1.00
ngs_passing,completion_percentage_above_expectation,healthy,2025,1.0,,,2016:1.00 2017:1.00 2018:1.00 2019:1.00 2020:1.00 2021:1.00 2022:1.00 2023:1.00 2024:1.00 2025:1.00
ngs_passing,avg_air_distance,healthy,2025,1.0,,,2016:1.00 2017:1.00 2018:1.00 2019:1.00 2020:1.00 2021:1.00 2022:1.00 2023:1.00 2024:1.00 2025:1.00
ngs_passing,max_air_distance,healthy,2025,1.0,,,2016:1.00 2017:1.00 2018:1.00 2019:1.00 2020:1.00 2021:1.00 2022:1.00 2023:1.00 2024:1.00 2025:1.00
ngs_passing,player_gsis_id,healthy,2025,1.0,,,2016:1.00 2017:1.00 2018:1.00 2019:1.00 2020:1.00 2021:1.00 2022:1.00 2023:1.00 2024:1.00 2025:1.00
ngs_passing,player_first_name,healthy,2025,1.0,,,2016:1.00 2017:1.00 2018:1.00 2019:1.00 2020:1.00 2021:1.00 2022:1.00 2023:1.00 2024:1.00 2025:1.00
ngs_passing,player_last_name,healthy,2025,1.0,,,2016:1.00 2017:1.00 2018:1.00 2019:1.00 2020:1.00 2021:1.00 2022:1.00 2023:1.00 2024:1.00 2025:1.00
ngs_passing,player_jersey_number,healthy,2025,1.0,,,2016:1.00 2017:1.00 2018:1.00 2019:1.00 2020:1.00 2021:1.00 2022:1.00 2023:1.00 2024:1.00 2025:1.00
ngs_passing,player_short_name,healthy,2025,1.0,,,2016:0.99 2017:1.00 2018:1.00 2019:1.00 2020:1.00 2021:1.00 2022:1.00 2023:1.00 2024:1.00 2025:1.00
ngs_receiving,season_type,healthy,2025,1.0,,,2016:1.00 2017:1.00 2018:1.00 2019:1.00 2020:1.00 2021:1.00 2022:1.00 2023:1.00 2024:1.00 2025:1.00
ngs_receiving,week,healthy,2025,1.0,,,2016:1.00 2017:1.00 2018:1.00 2019:1.00 2020:1.00 2021:1.00 2022:1.00 2023:1.00 2024:1.00 2025:1.00
ngs_receiving,player_display_name,healthy,2025,1.0,,,2016:1.00 2017:1.00 2018:1.00 2019:1.00 2020:1.00 2021:1.00 2022:1.00 2023:1.00 2024:1.00 2025:1.00
ngs_receiving,player_position,healthy,2025,1.0,,,2016:1.00 2017:1.00 2018:1.00 2019:1.00 2020:1.00 2021:1.00 2022:1.00 2023:1.00 2024:1.00 2025:1.00
ngs_receiving,team_abbr,healthy,2025,1.0,,,2016:1.00 2017:1.00 2018:1.00 2019:1.00 2020:1.00 2021:0.99 2022:1.00 2023:1.00 2024:1.00 2025:1.00
ngs_receiving,avg_cushion,healthy,2025,1.0,,,2016:1.00 2017:1.00 2018:1.00 2019:1.00 2020:1.00 2021:1.00 2022:1.00 2023:1.00 2024:1.00 2025:1.00
ngs_receiving,avg_separation,healthy,2025,1.0,,,2016:1.00 2017:1.00 2018:1.00 2019:1.00 2020:1.00 2021:1.00 2022:1.00 2023:1.00 2024:1.00 2025:1.00
ngs_receiving,avg_intended_air_yards,healthy,2025,1.0,,,2016:1.00 2017:1.00 2018:1.00 2019:1.00 2020:1.00 2021:1.00 2022:1.00 2023:1.00 2024:1.00 2025:1.00
ngs_receiving,percent_share_of_intended_air_yards,healthy,2025,1.0,,,2016:1.00 2017:1.00 2018:1.00 2019:1.00 2020:1.00 2021:1.00 2022:1.00 2023:1.00 2024:1.00 2025:1.00
ngs_receiving,receptions,healthy,2025,1.0,,,2016:1.00 2017:1.00 2018:1.00 2019:1.00 2020:1.00 2021:1.00 2022:1.00 2023:1.00 2024:1.00 2025:1.00
ngs_receiving,targets,healthy,2025,1.0,,,2016:1.00 2017:1.00 2018:1.00 2019:1.00 2020:1.00 2021:1.00 2022:1.00 2023:1.00 2024:1.00 2025:1.00
ngs_receiving,catch_percentage,healthy,2025,1.0,,,2016:1.00 2017:1.00 2018:1.00 2019:1.00 2020:1.00 2021:1.00 2022:1.00 2023:1.00 2024:1.00 2025:1.00
ngs_receiving,yards,healthy,2025,0.999,,,2016:1.00 2017:1.00 2018:0.99 2019:1.00 2020:1.00 2021:1.00 2022:1.00 2023:1.00 2024:1.00 2025:1.00
ngs_receiving,rec_touchdowns,healthy,2025,1.0,,,2016:1.00 2017:1.00 2018:1.00 2019:1.00 2020:1.00 2021:1.00 2022:1.00 2023:1.00 2024:1.00 2025:1.00
ngs_receiving,avg_yac,healthy,2025,0.999,,,2016:1.00 2017:1.00 2018:0.99 2019:1.00 2020:1.00 2021:1.00 2022:1.00 2023:1.00 2024:1.00 2025:1.00
ngs_receiving,avg_expected_yac,healthy,2025,0.998,,,2016:1.00 2017:0.99 2018:0.99 2019:1.00 2020:1.00 2021:1.00 2022:1.00 2023:1.00 2024:1.00 2025:1.00
ngs_receiving,avg_yac_above_expectation,healthy,2025,0.998,,,2016:1.00 2017:0.99 2018:0.99 2019:1.00 2020:1.00 2021:1.00 2022:1.00 2023:1.00 2024:1.00 2025:1.00
ngs_receiving,player_gsis_id,healthy,2025,1.0,,,2016:1.00 2017:1.00 2018:1.00 2019:1.00 2020:1.00 2021:1.00 2022:1.00 2023:1.00 2024:1.00 2025:1.00
ngs_receiving,player_first_name,healthy,2025,1.0,,,2016:1.00 2017:1.00 2018:1.00 2019:1.00 2020:1.00 2021:1.00 2022:1.00 2023:1.00 2024:1.00 2025:1.00
ngs_receiving,player_last_name,healthy,2025,1.0,,,2016:1.00 2017:1.00 2018:1.00 2019:1.00 2020:1.00 2021:1.00 2022:1.00 2023:1.00 2024:1.00 2025:1.00
ngs_receiving,player_jersey_number,healthy,2025,1.0,,,2016:1.00 2017:1.00 2018:1.00 2019:1.00 2020:1.00 2021:1.00 2022:1.00 2023:1.00 2024:1.00 2025:1.00
ngs_receiving,player_short_name,healthy,2025,1.0,,,2016:0.99 2017:1.00 2018:1.00 2019:1.00 2020:1.00 2021:1.00 2022:1.00 2023:1.00 2024:1.00 2025:1.00
ngs_rushing,season_type,healthy,2025,1.0,,,2016:1.00 2017:1.00 2018:1.00 2019:1.00 2020:1.00 2021:1.00 2022:1.00 2023:1.00 2024:1.00 2025:1.00
ngs_rushing,week,healthy,2025,1.0,,,2016:1.00 2017:1.00 2018:1.00 2019:1.00 2020:1.00 2021:1.00 2022:1.00 2023:1.00 2024:1.00 2025:1.00
ngs_rushing,player_display_name,healthy,2025,1.0,,,2016:1.00 2017:1.00 2018:1.00 2019:1.00 2020:1.00 2021:1.00 2022:1.00 2023:1.00 2024:1.00 2025:1.00
ngs_rushing,player_position,healthy,2025,1.0,,,2016:1.00 2017:1.00 2018:1.00 2019:1.00 2020:1.00 2021:1.00 2022:1.00 2023:1.00 2024:1.00 2025:1.00
ngs_rushing,team_abbr,healthy,2025,1.0,,,2016:1.00 2017:1.00 2018:1.00 2019:1.00 2020:1.00 2021:0.99 2022:1.00 2023:1.00 2024:1.00 2025:1.00
ngs_rushing,efficiency,healthy,2025,1.0,,,2016:1.00 2017:1.00 2018:1.00 2019:1.00 2020:1.00 2021:1.00 2022:1.00 2023:1.00 2024:1.00 2025:1.00
ngs_rushing,percent_attempts_gte_eight_defenders,healthy,2025,1.0,,,2016:1.00 2017:1.00 2018:1.00 2019:1.00 2020:1.00 2021:1.00 2022:1.00 2023:1.00 2024:1.00 2025:1.00
ngs_rushing,avg_time_to_los,healthy,2025,1.0,,,2016:1.00 2017:1.00 2018:1.00 2019:1.00 2020:1.00 2021:1.00 2022:1.00 2023:1.00 2024:1.00 2025:1.00
ngs_rushing,rush_attempts,healthy,2025,1.0,,,2016:1.00 2017:1.00 2018:1.00 2019:1.00 2020:1.00 2021:1.00 2022:1.00 2023:1.00 2024:1.00 2025:1.00
ngs_rushing,rush_yards,healthy,2025,1.0,,,2016:1.00 2017:1.00 2018:1.00 2019:1.00 2020:1.00 2021:1.00 2022:1.00 2023:1.00 2024:1.00 2025:1.00
ngs_rushing,avg_rush_yards,healthy,2025,1.0,,,2016:1.00 2017:1.00 2018:1.00 2019:1.00 2020:1.00 2021:1.00 2022:1.00 2023:1.00 2024:1.00 2025:1.00
ngs_rushing,rush_touchdowns,healthy,2025,1.0,,,2016:1.00 2017:1.00 2018:1.00 2019:1.00 2020:1.00 2021:1.00 2022:1.00 2023:1.00 2024:1.00 2025:1.00
ngs_rushing,player_gsis_id,healthy,2025,1.0,,,2016:1.00 2017:1.00 2018:1.00 2019:1.00 2020:1.00 2021:1.00 2022:1.00 2023:1.00 2024:1.00 2025:1.00
ngs_rushing,player_first_name,healthy,2025,1.0,,,2016:1.00 2017:1.00 2018:1.00 2019:1.00 2020:1.00 2021:1.00 2022:1.00 2023:1.00 2024:1.00 2025:1.00
ngs_rushing,player_last_name,healthy,2025,1.0,,,2016:1.00 2017:1.00 2018:1.00 2019:1.00 2020:1.00 2021:1.00 2022:1.00 2023:1.00 2024:1.00 2025:1.00
ngs_rushing,player_jersey_number,healthy,2025,1.0,,,2016:1.00 2017:1.00 2018:1.00 2019:1.00 2020:1.00 2021:1.00 2022:1.00 2023:1.00 2024:1.00 2025:1.00
ngs_rushing,player_short_name,healthy,2025,1.0,,,2016:0.99 2017:1.00 2018:1.00 2019:1.00 2020:1.00 2021:1.00 2022:1.00 2023:1.00 2024:1.00 2025:1.00
ngs_rushing,expected_rush_yards,healthy,2025,1.0,,,2016:0.00 2017:0.00 2018:1.00 2019:1.00 2020:1.00 2021:1.00 2022:1.00 2023:1.00 2024:1.00 2025:1.00
ngs_rushing,rush_yards_over_expected,healthy,2025,1.0,,,2016:0.00 2017:0.00 2018:1.00 2019:1.00 2020:1.00 2021:1.00 2022:1.00 2023:1.00 2024:1.00 2025:1.00
ngs_rushing,rush_yards_over_expected_per_att,healthy,2025,1.0,,,2016:0.00 2017:0.00 2018:1.00 2019:1.00 2020:1.00 2021:1.00 2022:1.00 2023:1.00 2024:1.00 2025:1.00
ngs_rushing,rush_pct_over_expected,healthy,2025,1.0,,,2016:0.00 2017:0.00 2018:1.00 2019:1.00 2020:1.00 2021:1.00 2022:1.00 2023:1.00 2024:1.00 2025:1.00
officials,game_id,healthy,2025,1.0,,,2015:1.00 2016:1.00 2017:1.00 2018:1.00 2019:1.00 2020:1.00 2021:1.00 2022:1.00 2023:1.00 2024:1.00 2025:1.00
officials,game_key,healthy,2025,1.0,,,2015:1.00 2016:1.00 2017:1.00 2018:1.00 2019:1.00 2020:1.00 2021:1.00 2022:1.00 2023:1.00 2024:1.00 2025:1.00
officials,official_name,healthy,2025,1.0,,,2015:1.00 2016:1.00 2017:1.00 2018:1.00 2019:1.00 2020:1.00 2021:1.00 2022:1.00 2023:1.00 2024:1.00 2025:1.00
officials,position,healthy,2025,1.0,,,2015:1.00 2016:1.00 2017:1.00 2018:1.00 2019:1.00 2020:1.00 2021:1.00 2022:1.00 2023:1.00 2024:1.00 2025:1.00
officials,jersey_number,healthy,2025,1.0,,,2015:1.00 2016:1.00 2017:1.00 2018:1.00 2019:1.00 2020:1.00 2021:1.00 2022:1.00 2023:1.00 2024:1.00 2025:1.00
officials,official_id,healthy,2025,1.0,,,2015:1.00 2016:1.00 2017:1.00 2018:1.00 2019:1.00 2020:1.00 2021:1.00 2022:1.00 2023:1.00 2024:1.00 2025:1.00
officials,season_type,healthy,2025,1.0,,,2015:1.00 2016:1.00 2017:1.00 2018:1.00 2019:1.00 2020:1.00 2021:1.00 2022:1.00 2023:1.00 2024:1.00 2025:1.00
officials,week,healthy,2025,1.0,,,2015:1.00 2016:1.00 2017:1.00 2018:1.00 2019:1.00 2020:1.00 2021:1.00 2022:1.00 2023:1.00 2024:1.00 2025:1.00
pbp,play_id,healthy,2025,1.0,,,1999:1.00 2000:1.00 2001:1.00 2002:1.00 2003:1.00 2004:1.00 2005:1.00 2006:1.00 2007:1.00 2008:1.00 2009:1.00 2010:1.00 2011:1.00 2012:1.00 2013:1.00 2014:1.00 2015:1.00 2016:1.00 2017:1.00 2018:1.00 2019:1.00 2020:1.00 2021:1.00 2022:1.00 2023:1.00 2024:1.00 2025:1.00
pbp,game_id,healthy,2025,1.0,,,1999:1.00 2000:1.00 2001:1.00 2002:1.00 2003:1.00 2004:1.00 2005:1.00 2006:1.00 2007:1.00 2008:1.00 2009:1.00 2010:1.00 2011:1.00 2012:1.00 2013:1.00 2014:1.00 2015:1.00 2016:1.00 2017:1.00 2018:1.00 2019:1.00 2020:1.00 2021:1.00 2022:1.00 2023:1.00 2024:1.00 2025:1.00
pbp,old_game_id,healthy,2025,1.0,,,1999:1.00 2000:1.00 2001:1.00 2002:1.00 2003:1.00 2004:1.00 2005:1.00 2006:1.00 2007:1.00 2008:1.00 2009:1.00 2010:1.00 2011:1.00 2012:1.00 2013:1.00 2014:1.00 2015:1.00 2016:1.00 2017:1.00 2018:1.00 2019:1.00 2020:1.00 2021:1.00 2022:1.00 2023:1.00 2024:1.00 2025:1.00
pbp,home_team,healthy,2025,1.0,,,1999:1.00 2000:1.00 2001:1.00 2002:1.00 2003:1.00 2004:1.00 2005:1.00 2006:1.00 2007:1.00 2008:1.00 2009:1.00 2010:1.00 2011:1.00 2012:1.00 2013:1.00 2014:1.00 2015:1.00 2016:1.00 2017:1.00 2018:1.00 2019:1.00 2020:1.00 2021:1.00 2022:1.00 2023:1.00 2024:1.00 2025:1.00
pbp,away_team,healthy,2025,1.0,,,1999:1.00 2000:1.00 2001:1.00 2002:1.00 2003:1.00 2004:1.00 2005:1.00 2006:1.00 2007:1.00 2008:1.00 2009:1.00 2010:1.00 2011:1.00 2012:1.00 2013:1.00 2014:1.00 2015:1.00 2016:1.00 2017:1.00 2018:1.00 2019:1.00 2020:1.00 2021:1.00 2022:1.00 2023:1.00 2024:1.00 2025:1.00
pbp,season_type,healthy,2025,1.0,,,1999:1.00 2000:1.00 2001:1.00 2002:1.00 2003:1.00 2004:1.00 2005:1.00 2006:1.00 2007:1.00 2008:1.00 2009:1.00 2010:1.00 2011:1.00 2012:1.00 2013:1.00 2014:1.00 2015:1.00 2016:1.00 2017:1.00 2018:1.00 2019:1.00 2020:1.00 2021:1.00 2022:1.00 2023:1.00 2024:1.00 2025:1.00
pbp,week,healthy,2025,1.0,,,1999:1.00 2000:1.00 2001:1.00 2002:1.00 2003:1.00 2004:1.00 2005:1.00 2006:1.00 2007:1.00 2008:1.00 2009:1.00 2010:1.00 2011:1.00 2012:1.00 2013:1.00 2014:1.00 2015:1.00 2016:1.00 2017:1.00 2018:1.00 2019:1.00 2020:1.00 2021:1.00 2022:1.00 2023:1.00 2024:1.00 2025:1.00
pbp,posteam,healthy,2025,0.944,,,1999:0.99 2000:0.99 2001:0.94 2002:0.94 2003:0.95 2004:0.95 2005:0.95 2006:0.95 2007:0.95 2008:0.95 2009:0.95 2010:0.95 2011:0.95 2012:0.95 2013:0.95 2014:0.95 2015:0.95 2016:0.95 2017:0.95 2018:0.95 2019:0.95 2020:0.95 2021:0.95 2022:0.94 2023:0.95 2024:0.95 2025:0.94
pbp,posteam_type,healthy,2025,0.944,,,1999:0.99 2000:0.99 2001:0.94 2002:0.94 2003:0.95 2004:0.95 2005:0.95 2006:0.95 2007:0.95 2008:0.95 2009:0.95 2010:0.95 2011:0.95 2012:0.95 2013:0.95 2014:0.95 2015:0.95 2016:0.95 2017:0.95 2018:0.95 2019:0.95 2020:0.95 2021:0.95 2022:0.94 2023:0.95 2024:0.95 2025:0.94
pbp,defteam,healthy,2025,0.944,,,1999:0.99 2000:0.99 2001:0.94 2002:0.94 2003:0.95 2004:0.95 2005:0.95 2006:0.95 2007:0.95 2008:0.95 2009:0.95 2010:0.95 2011:0.95 2012:0.95 2013:0.95 2014:0.95 2015:0.95 2016:0.95 2017:0.95 2018:0.95 2019:0.95 2020:0.95 2021:0.95 2022:0.94 2023:0.95 2024:0.95 2025:0.94
pbp,side_of_field,healthy,2025,0.926,,,1999:1.00 2000:1.00 2001:0.93 2002:0.93 2003:0.93 2004:0.93 2005:0.93 2006:0.93 2007:0.93 2008:0.93 2009:0.93 2010:0.93 2011:0.93 2012:0.93 2013:0.93 2014:0.93 2015:0.93 2016:0.93 2017:0.93 2018:0.93 2019:0.93 2020:0.93 2021:0.93 2022:0.93 2023:0.93 2024:0.93 2025:0.93
pbp,yardline_100,healthy,2025,0.927,,,1999:0.99 2000:0.99 2001:0.93 2002:0.93 2003:0.93 2004:0.93 2005:0.93 2006:0.93 2007:0.93 2008:0.93 2009:0.93 2010:0.93 2011:0.93 2012:0.93 2013:0.93 2014:0.93 2015:0.93 2016:0.93 2017:0.93 2018:0.93 2019:0.93 2020:0.93 2021:0.93 2022:0.93 2023:0.93 2024:0.93 2025:0.93
pbp,game_date,healthy,2025,1.0,,,1999:1.00 2000:1.00 2001:1.00 2002:1.00 2003:1.00 2004:1.00 2005:1.00 2006:1.00 2007:1.00 2008:1.00 2009:1.00 2010:1.00 2011:1.00 2012:1.00 2013:1.00 2014:1.00 2015:1.00 2016:1.00 2017:1.00 2018:1.00 2019:1.00 2020:1.00 2021:1.00 2022:1.00 2023:1.00 2024:1.00 2025:1.00
pbp,quarter_seconds_remaining,healthy,2025,1.0,,,1999:1.00 2000:1.00 2001:1.00 2002:1.00 2003:1.00 2004:1.00 2005:1.00 2006:1.00 2007:1.00 2008:1.00 2009:1.00 2010:1.00 2011:1.00 2012:1.00 2013:1.00 2014:1.00 2015:1.00 2016:1.00 2017:1.00 2018:1.00 2019:1.00 2020:1.00 2021:1.00 2022:1.00 2023:1.00 2024:1.00 2025:1.00
pbp,half_seconds_remaining,healthy,2025,1.0,,,1999:1.00 2000:1.00 2001:1.00 2002:1.00 2003:1.00 2004:1.00 2005:1.00 2006:1.00 2007:1.00 2008:1.00 2009:1.00 2010:1.00 2011:1.00 2012:1.00 2013:1.00 2014:1.00 2015:1.00 2016:1.00 2017:1.00 2018:1.00 2019:1.00 2020:1.00 2021:1.00 2022:1.00 2023:1.00 2024:1.00 2025:1.00
pbp,game_seconds_remaining,healthy,2025,1.0,,,1999:1.00 2000:1.00 2001:1.00 2002:1.00 2003:1.00 2004:1.00 2005:1.00 2006:1.00 2007:1.00 2008:1.00 2009:1.00 2010:1.00 2011:1.00 2012:1.00 2013:1.00 2014:1.00 2015:1.00 2016:1.00 2017:1.00 2018:1.00 2019:1.00 2020:1.00 2021:1.00 2022:1.00 2023:1.00 2024:1.00 2025:1.00
pbp,game_half,healthy,2025,1.0,,,1999:1.00 2000:1.00 2001:1.00 2002:1.00 2003:1.00 2004:1.00 2005:1.00 2006:1.00 2007:1.00 2008:1.00 2009:1.00 2010:1.00 2011:1.00 2012:1.00 2013:1.00 2014:1.00 2015:1.00 2016:1.00 2017:1.00 2018:1.00 2019:1.00 2020:1.00 2021:1.00 2022:1.00 2023:1.00 2024:1.00 2025:1.00
pbp,quarter_end,healthy,2025,1.0,,,1999:1.00 2000:1.00 2001:1.00 2002:1.00 2003:1.00 2004:1.00 2005:1.00 2006:1.00 2007:1.00 2008:1.00 2009:1.00 2010:1.00 2011:1.00 2012:1.00 2013:1.00 2014:1.00 2015:1.00 2016:1.00 2017:1.00 2018:1.00 2019:1.00 2020:1.00 2021:1.00 2022:1.00 2023:1.00 2024:1.00 2025:1.00
pbp,drive,healthy,2025,0.988,,,1999:1.00 2000:1.00 2001:0.99 2002:0.99 2003:0.99 2004:0.99 2005:0.99 2006:0.99 2007:0.99 2008:0.99 2009:0.99 2010:0.99 2011:0.99 2012:0.99 2013:0.99 2014:0.99 2015:0.99 2016:0.99 2017:0.99 2018:0.99 2019:0.99 2020:0.99 2021:0.99 2022:0.99 2023:0.99 2024:0.99 2025:0.99
pbp,sp,healthy,2025,1.0,,,1999:1.00 2000:1.00 2001:1.00 2002:1.00 2003:1.00 2004:1.00 2005:1.00 2006:1.00 2007:1.00 2008:1.00 2009:1.00 2010:1.00 2011:1.00 2012:1.00 2013:1.00 2014:1.00 2015:1.00 2016:1.00 2017:1.00 2018:1.00 2019:1.00 2020:1.00 2021:1.00 2022:1.00 2023:1.00 2024:1.00 2025:1.00
pbp,qtr,healthy,2025,1.0,,,1999:1.00 2000:1.00 2001:1.00 2002:1.00 2003:1.00 2004:1.00 2005:1.00 2006:1.00 2007:1.00 2008:1.00 2009:1.00 2010:1.00 2011:1.00 2012:1.00 2013:1.00 2014:1.00 2015:1.00 2016:1.00 2017:1.00 2018:1.00 2019:1.00 2020:1.00 2021:1.00 2022:1.00 2023:1.00 2024:1.00 2025:1.00
pbp,down,healthy,2025,0.836,,,1999:0.85 2000:0.84 2001:0.85 2002:0.85 2003:0.85 2004:0.85 2005:0.85 2006:0.85 2007:0.85 2008:0.84 2009:0.85 2010:0.84 2011:0.85 2012:0.85 2013:0.84 2014:0.85 2015:0.85 2016:0.84 2017:0.85 2018:0.84 2019:0.84 2020:0.84 2021:0.84 2022:0.84 2023:0.84 2024:0.84 2025:0.84
pbp,goal_to_go,healthy,2025,1.0,,,1999:1.00 2000:1.00 2001:1.00 2002:1.00 2003:1.00 2004:1.00 2005:1.00 2006:1.00 2007:1.00 2008:1.00 2009:1.00 2010:1.00 2011:1.00 2012:1.00 2013:1.00 2014:1.00 2015:1.00 2016:1.00 2017:1.00 2018:1.00 2019:1.00 2020:1.00 2021:1.00 2022:1.00 2023:1.00 2024:1.00 2025:1.00
pbp,time,healthy,2025,1.0,,,1999:1.00 2000:1.00 2001:1.00 2002:1.00 2003:1.00 2004:1.00 2005:1.00 2006:1.00 2007:1.00 2008:1.00 2009:1.00 2010:1.00 2011:1.00 2012:1.00 2013:1.00 2014:1.00 2015:1.00 2016:1.00 2017:1.00 2018:1.00 2019:1.00 2020:1.00 2021:1.00 2022:1.00 2023:1.00 2024:1.00 2025:1.00
pbp,yrdln,healthy,2025,0.993,,,1999:1.00 2000:1.00 2001:0.99 2002:0.99 2003:0.99 2004:0.99 2005:0.99 2006:0.99 2007:0.99 2008:0.99 2009:0.99 2010:0.99 2011:0.99 2012:0.99 2013:0.99 2014:0.99 2015:0.99 2016:0.99 2017:0.99 2018:0.99 2019:0.99 2020:0.99 2021:0.99 2022:0.99 2023:0.99 2024:0.99 2025:0.99
pbp,ydstogo,healthy,2025,1.0,,,1999:1.00 2000:1.00 2001:1.00 2002:1.00 2003:1.00 2004:1.00 2005:1.00 2006:1.00 2007:1.00 2008:1.00 2009:1.00 2010:1.00 2011:1.00 2012:1.00 2013:1.00 2014:1.00 2015:1.00 2016:1.00 2017:1.00 2018:1.00 2019:1.00 2020:1.00 2021:1.00 2022:1.00 2023:1.00 2024:1.00 2025:1.00
pbp,ydsnet,healthy,2025,0.988,,,1999:1.00 2000:1.00 2001:0.99 2002:0.99 2003:0.99 2004:0.99 2005:0.99 2006:0.99 2007:0.99 2008:0.99 2009:0.99 2010:0.99 2011:0.99 2012:0.99 2013:0.99 2014:0.99 2015:0.99 2016:0.99 2017:0.99 2018:0.99 2019:0.99 2020:0.99 2021:0.99 2022:0.99 2023:0.99 2024:0.99 2025:0.99
pbp,desc,healthy,2025,1.0,,,1999:1.00 2000:1.00 2001:1.00 2002:1.00 2003:1.00 2004:1.00 2005:1.00 2006:1.00 2007:1.00 2008:1.00 2009:1.00 2010:1.00 2011:1.00 2012:1.00 2013:1.00 2014:1.00 2015:1.00 2016:1.00 2017:1.00 2018:1.00 2019:1.00 2020:1.00 2021:1.00 2022:1.00 2023:1.00 2024:1.00 2025:1.00
pbp,play_type,healthy,2025,0.97,,,1999:0.92 2000:0.91 2001:0.97 2002:0.97 2003:0.97 2004:0.97 2005:0.97 2006:0.97 2007:0.97 2008:0.97 2009:0.97 2010:0.97 2011:0.97 2012:0.97 2013:0.97 2014:0.97 2015:0.97 2016:0.97 2017:0.97 2018:0.97 2019:0.97 2020:0.97 2021:0.97 2022:0.97 2023:0.97 2024:0.97 2025:0.97
pbp,yards_gained,healthy,2025,0.969,,,1999:0.96 2000:0.96 2001:0.97 2002:0.97 2003:0.97 2004:0.97 2005:0.97 2006:0.97 2007:0.97 2008:0.97 2009:0.97 2010:0.97 2011:0.97 2012:0.97 2013:0.97 2014:0.97 2015:0.97 2016:0.97 2017:0.97 2018:0.97 2019:0.97 2020:0.97 2021:0.97 2022:0.97 2023:0.97 2024:0.97 2025:0.97
pbp,shotgun,healthy,2025,1.0,,,1999:1.00 2000:1.00 2001:1.00 2002:1.00 2003:1.00 2004:1.00 2005:1.00 2006:1.00 2007:1.00 2008:1.00 2009:1.00 2010:1.00 2011:1.00 2012:1.00 2013:1.00 2014:1.00 2015:1.00 2016:1.00 2017:1.00 2018:1.00 2019:1.00 2020:1.00 2021:1.00 2022:1.00 2023:1.00 2024:1.00 2025:1.00
pbp,no_huddle,healthy,2025,1.0,,,1999:1.00 2000:1.00 2001:1.00 2002:1.00 2003:1.00 2004:1.00 2005:1.00 2006:1.00 2007:1.00 2008:1.00 2009:1.00 2010:1.00 2011:1.00 2012:1.00 2013:1.00 2014:1.00 2015:1.00 2016:1.00 2017:1.00 2018:1.00 2019:1.00 2020:1.00 2021:1.00 2022:1.00 2023:1.00 2024:1.00 2025:1.00
pbp,qb_dropback,healthy,2025,0.97,,,1999:0.92 2000:0.91 2001:0.97 2002:0.97 2003:0.97 2004:0.97 2005:0.97 2006:0.97 2007:0.97 2008:0.97 2009:0.97 2010:0.97 2011:0.97 2012:0.97 2013:0.97 2014:0.97 2015:0.97 2016:0.97 2017:0.97 2018:0.97 2019:0.97 2020:0.97 2021:0.97 2022:0.97 2023:0.97 2024:0.97 2025:0.97
pbp,qb_kneel,healthy,2025,1.0,,,1999:1.00 2000:1.00 2001:1.00 2002:1.00 2003:1.00 2004:1.00 2005:1.00 2006:1.00 2007:1.00 2008:1.00 2009:1.00 2010:1.00 2011:1.00 2012:1.00 2013:1.00 2014:1.00 2015:1.00 2016:1.00 2017:1.00 2018:1.00 2019:1.00 2020:1.00 2021:1.00 2022:1.00 2023:1.00 2024:1.00 2025:1.00
pbp,qb_spike,healthy,2025,1.0,,,1999:1.00 2000:1.00 2001:1.00 2002:1.00 2003:1.00 2004:1.00 2005:1.00 2006:1.00 2007:1.00 2008:1.00 2009:1.00 2010:1.00 2011:1.00 2012:1.00 2013:1.00 2014:1.00 2015:1.00 2016:1.00 2017:1.00 2018:1.00 2019:1.00 2020:1.00 2021:1.00 2022:1.00 2023:1.00 2024:1.00 2025:1.00
pbp,qb_scramble,healthy,2025,1.0,,,1999:1.00 2000:1.00 2001:1.00 2002:1.00 2003:1.00 2004:1.00 2005:1.00 2006:1.00 2007:1.00 2008:1.00 2009:1.00 2010:1.00 2011:1.00 2012:1.00 2013:1.00 2014:1.00 2015:1.00 2016:1.00 2017:1.00 2018:1.00 2019:1.00 2020:1.00 2021:1.00 2022:1.00 2023:1.00 2024:1.00 2025:1.00
pbp,pass_length,healthy,2025,0.375,,,1999:0.01 2000:0.00 2001:0.00 2002:0.00 2003:0.00 2004:0.00 2005:0.00 2006:0.34 2007:0.37 2008:0.37 2009:0.38 2010:0.38 2011:0.38 2012:0.39 2013:0.39 2014:0.39 2015:0.40 2016:0.40 2017:0.39 2018:0.39 2019:0.39 2020:0.40 2021:0.39 2022:0.38 2023:0.39 2024:0.37 2025:0.37
pbp,pass_location,healthy,2025,0.375,,,1999:0.01 2000:0.00 2001:0.00 2002:0.00 2003:0.00 2004:0.00 2005:0.00 2006:0.34 2007:0.37 2008:0.37 2009:0.38 2010:0.38 2011:0.38 2012:0.39 2013:0.39 2014:0.39 2015:0.40 2016:0.40 2017:0.39 2018:0.39 2019:0.39 2020:0.40 2021:0.39 2022:0.38 2023:0.39 2024:0.37 2025:0.37
pbp,air_yards,healthy,2025,0.377,,,1999:0.00 2000:0.00 2001:0.00 2002:0.00 2003:0.00 2004:0.00 2005:0.00 2006:0.37 2007:0.38 2008:0.38 2009:0.38 2010:0.38 2011:0.38 2012:0.39 2013:0.39 2014:0.39 2015:0.40 2016:0.40 2017:0.39 2018:0.39 2019:0.39 2020:0.40 2021:0.39 2022:0.38 2023:0.39 2024:0.38 2025:0.38
pbp,yards_after_catch,healthy,2025,0.241,,,1999:0.01 2000:0.00 2001:0.00 2002:0.00 2003:0.00 2004:0.00 2005:0.00 2006:0.22 2007:0.23 2008:0.23 2009:0.23 2010:0.23 2011:0.23 2012:0.24 2013:0.24 2014:0.25 2015:0.25 2016:0.25 2017:0.24 2018:0.25 2019:0.25 2020:0.26 2021:0.26 2022:0.25 2023:0.25 2024:0.25 2025:0.24
pbp,run_location,healthy,2025,0.303,,,1999:0.29 2000:0.30 2001:0.30 2002:0.30 2003:0.31 2004:0.31 2005:0.31 2006:0.31 2007:0.30 2008:0.31 2009:0.30 2010:0.30 2011:0.30 2012:0.29 2013:0.29 2014:0.29 2015:0.28 2016:0.28 2017:0.29 2018:0.28 2019:0.29 2020:0.29 2021:0.29 2022:0.30 2023:0.30 2024:0.30 2025:0.30
pbp,run_gap,healthy,2025,0.223,,,1999:0.19 2000:0.20 2001:0.21 2002:0.21 2003:0.22 2004:0.21 2005:0.22 2006:0.22 2007:0.22 2008:0.22 2009:0.22 2010:0.21 2011:0.22 2012:0.22 2013:0.21 2014:0.21 2015:0.21 2016:0.20 2017:0.21 2018:0.20 2019:0.21 2020:0.22 2021:0.21 2022:0.23 2023:0.22 2024:0.23 2025:0.22
pbp,field_goal_result,healthy,2025,0.023,,,1999:0.02 2000:0.02 2001:0.02 2002:0.02 2003:0.02 2004:0.02 2005:0.02 2006:0.02 2007:0.02 2008:0.02 2009:0.02 2010:0.02 2011:0.02 2012:0.02 2013:0.02 2014:0.02 2015:0.02 2016:0.02 2017:0.02 2018:0.02 2019:0.02 2020:0.02 2021:0.02 2022:0.02 2023:0.02 2024:0.02 2025:0.02
pbp,kick_distance,healthy,2025,0.152,,,1999:0.16 2000:0.15 2001:0.16 2002:0.16 2003:0.16 2004:0.16 2005:0.16 2006:0.16 2007:0.16 2008:0.16 2009:0.16 2010:0.16 2011:0.16 2012:0.16 2013:0.16 2014:0.16 2015:0.16 2016:0.16 2017:0.16 2018:0.16 2019:0.15 2020:0.15 2021:0.15 2022:0.15 2023:0.15 2024:0.15 2025:0.15
pbp,extra_point_result,healthy,2025,0.027,,,1999:0.02 2000:0.02 2001:0.02 2002:0.03 2003:0.03 2004:0.03 2005:0.02 2006:0.03 2007:0.03 2008:0.03 2009:0.03 2010:0.03 2011:0.03 2012:0.03 2013:0.03 2014:0.03 2015:0.03 2016:0.03 2017:0.03 2018:0.03 2019:0.03 2020:0.03 2021:0.03 2022:0.03 2023:0.02 2024:0.03 2025:0.03
pbp,two_point_conv_result,healthy,2025,0.003,,,1999:0.00 2000:0.00 2001:0.00 2002:0.00 2003:0.00 2004:0.00 2005:0.00 2006:0.00 2007:0.00 2008:0.00 2009:0.00 2010:0.00 2011:0.00 2012:0.00 2013:0.00 2014:0.00 2015:0.00 2016:0.00 2017:0.00 2018:0.00 2019:0.00 2020:0.00 2021:0.00 2022:0.00 2023:0.00 2024:0.00 2025:0.00
pbp,home_timeouts_remaining,healthy,2025,1.0,,,1999:1.00 2000:1.00 2001:1.00 2002:1.00 2003:1.00 2004:1.00 2005:1.00 2006:1.00 2007:1.00 2008:1.00 2009:1.00 2010:1.00 2011:1.00 2012:1.00 2013:1.00 2014:1.00 2015:1.00 2016:1.00 2017:1.00 2018:1.00 2019:1.00 2020:1.00 2021:1.00 2022:1.00 2023:1.00 2024:1.00 2025:1.00
pbp,away_timeouts_remaining,healthy,2025,1.0,,,1999:1.00 2000:1.00 2001:1.00 2002:1.00 2003:1.00 2004:1.00 2005:1.00 2006:1.00 2007:1.00 2008:1.00 2009:1.00 2010:1.00 2011:1.00 2012:1.00 2013:1.00 2014:1.00 2015:1.00 2016:1.00 2017:1.00 2018:1.00 2019:1.00 2020:1.00 2021:1.00 2022:1.00 2023:1.00 2024:1.00 2025:1.00
pbp,timeout,healthy,2025,0.969,,,1999:0.96 2000:0.96 2001:0.97 2002:0.97 2003:0.97 2004:0.97 2005:0.97 2006:0.97 2007:0.97 2008:0.97 2009:0.97 2010:0.97 2011:0.97 2012:0.97 2013:0.97 2014:0.97 2015:0.97 2016:0.97 2017:0.97 2018:0.97 2019:0.97 2020:0.97 2021:0.97 2022:0.97 2023:0.97 2024:0.97 2025:0.97
pbp,timeout_team,healthy,2025,0.045,,,1999:0.04 2000:0.04 2001:0.04 2002:0.04 2003:0.04 2004:0.04 2005:0.04 2006:0.04 2007:0.04 2008:0.04 2009:0.04 2010:0.04 2011:0.04 2012:0.04 2013:0.04 2014:0.04 2015:0.04 2016:0.04 2017:0.04 2018:0.04 2019:0.04 2020:0.04 2021:0.04 2022:0.04 2023:0.04 2024:0.04 2025:0.05
pbp,td_team,healthy,2025,0.03,,,1999:0.03 2000:0.03 2001:0.03 2002:0.03 2003:0.03 2004:0.03 2005:0.03 2006:0.03 2007:0.03 2008:0.03 2009:0.03 2010:0.03 2011:0.03 2012:0.03 2013:0.03 2014:0.03 2015:0.03 2016:0.03 2017:0.03 2018:0.03 2019:0.03 2020:0.03 2021:0.03 2022:0.03 2023:0.03 2024:0.03 2025:0.03
pbp,td_player_name,healthy,2025,0.03,,,1999:0.03 2000:0.03 2001:0.03 2002:0.03 2003:0.03 2004:0.03 2005:0.03 2006:0.03 2007:0.03 2008:0.03 2009:0.03 2010:0.03 2011:0.03 2012:0.03 2013:0.03 2014:0.03 2015:0.03 2016:0.03 2017:0.03 2018:0.03 2019:0.03 2020:0.03 2021:0.03 2022:0.03 2023:0.03 2024:0.03 2025:0.03
pbp,td_player_id,healthy,2025,0.03,,,1999:0.03 2000:0.03 2001:0.03 2002:0.03 2003:0.03 2004:0.03 2005:0.03 2006:0.03 2007:0.03 2008:0.03 2009:0.03 2010:0.03 2011:0.03 2012:0.03 2013:0.03 2014:0.03 2015:0.03 2016:0.03 2017:0.03 2018:0.03 2019:0.03 2020:0.03 2021:0.03 2022:0.03 2023:0.03 2024:0.03 2025:0.03
pbp,posteam_timeouts_remaining,healthy,2025,0.944,,,1999:0.99 2000:0.99 2001:0.94 2002:0.94 2003:0.95 2004:0.95 2005:0.95 2006:0.95 2007:0.95 2008:0.95 2009:0.95 2010:0.95 2011:0.95 2012:0.95 2013:0.95 2014:0.95 2015:0.95 2016:0.95 2017:0.95 2018:0.95 2019:0.95 2020:0.95 2021:0.95 2022:0.94 2023:0.95 2024:0.95 2025:0.94
pbp,defteam_timeouts_remaining,healthy,2025,0.944,,,1999:0.99 2000:0.99 2001:0.94 2002:0.94 2003:0.95 2004:0.95 2005:0.95 2006:0.95 2007:0.95 2008:0.95 2009:0.95 2010:0.95 2011:0.95 2012:0.95 2013:0.95 2014:0.95 2015:0.95 2016:0.95 2017:0.95 2018:0.95 2019:0.95 2020:0.95 2021:0.95 2022:0.94 2023:0.95 2024:0.95 2025:0.94
pbp,total_home_score,healthy,2025,1.0,,,1999:1.00 2000:1.00 2001:1.00 2002:1.00 2003:1.00 2004:1.00 2005:1.00 2006:1.00 2007:1.00 2008:1.00 2009:1.00 2010:1.00 2011:1.00 2012:1.00 2013:1.00 2014:1.00 2015:1.00 2016:1.00 2017:1.00 2018:1.00 2019:1.00 2020:1.00 2021:1.00 2022:1.00 2023:1.00 2024:1.00 2025:1.00
pbp,total_away_score,healthy,2025,1.0,,,1999:1.00 2000:1.00 2001:1.00 2002:1.00 2003:1.00 2004:1.00 2005:1.00 2006:1.00 2007:1.00 2008:1.00 2009:1.00 2010:1.00 2011:1.00 2012:1.00 2013:1.00 2014:1.00 2015:1.00 2016:1.00 2017:1.00 2018:1.00 2019:1.00 2020:1.00 2021:1.00 2022:1.00 2023:1.00 2024:1.00 2025:1.00
pbp,posteam_score,healthy,2025,0.944,,,1999:0.98 2000:0.98 2001:0.94 2002:0.94 2003:0.95 2004:0.95 2005:0.95 2006:0.95 2007:0.95 2008:0.95 2009:0.95 2010:0.95 2011:0.95 2012:0.95 2013:0.95 2014:0.95 2015:0.95 2016:0.95 2017:0.95 2018:0.95 2019:0.95 2020:0.95 2021:0.95 2022:0.94 2023:0.95 2024:0.95 2025:0.94
pbp,defteam_score,healthy,2025,0.944,,,1999:0.98 2000:0.98 2001:0.94 2002:0.94 2003:0.95 2004:0.95 2005:0.95 2006:0.95 2007:0.95 2008:0.95 2009:0.95 2010:0.95 2011:0.95 2012:0.95 2013:0.95 2014:0.95 2015:0.95 2016:0.95 2017:0.95 2018:0.95 2019:0.95 2020:0.95 2021:0.95 2022:0.94 2023:0.95 2024:0.95 2025:0.94
pbp,score_differential,healthy,2025,0.944,,,1999:0.98 2000:0.98 2001:0.94 2002:0.94 2003:0.95 2004:0.95 2005:0.95 2006:0.95 2007:0.95 2008:0.95 2009:0.95 2010:0.95 2011:0.95 2012:0.95 2013:0.95 2014:0.95 2015:0.95 2016:0.95 2017:0.95 2018:0.95 2019:0.95 2020:0.95 2021:0.95 2022:0.94 2023:0.95 2024:0.95 2025:0.94
pbp,posteam_score_post,healthy,2025,0.944,,,1999:0.99 2000:0.99 2001:0.94 2002:0.94 2003:0.95 2004:0.95 2005:0.95 2006:0.95 2007:0.95 2008:0.95 2009:0.95 2010:0.95 2011:0.95 2012:0.95 2013:0.95 2014:0.95 2015:0.95 2016:0.95 2017:0.95 2018:0.95 2019:0.95 2020:0.95 2021:0.95 2022:0.94 2023:0.95 2024:0.95 2025:0.94
pbp,defteam_score_post,healthy,2025,0.944,,,1999:0.99 2000:0.99 2001:0.94 2002:0.94 2003:0.95 2004:0.95 2005:0.95 2006:0.95 2007:0.95 2008:0.95 2009:0.95 2010:0.95 2011:0.95 2012:0.95 2013:0.95 2014:0.95 2015:0.95 2016:0.95 2017:0.95 2018:0.95 2019:0.95 2020:0.95 2021:0.95 2022:0.94 2023:0.95 2024:0.95 2025:0.94
pbp,score_differential_post,healthy,2025,0.944,,,1999:0.99 2000:0.99 2001:0.94 2002:0.94 2003:0.95 2004:0.95 2005:0.95 2006:0.95 2007:0.95 2008:0.95 2009:0.95 2010:0.95 2011:0.95 2012:0.95 2013:0.95 2014:0.95 2015:0.95 2016:0.95 2017:0.95 2018:0.95 2019:0.95 2020:0.95 2021:0.95 2022:0.94 2023:0.95 2024:0.95 2025:0.94
pbp,no_score_prob,healthy,2025,1.0,,,1999:1.00 2000:1.00 2001:1.00 2002:1.00 2003:1.00 2004:1.00 2005:1.00 2006:1.00 2007:1.00 2008:1.00 2009:1.00 2010:1.00 2011:1.00 2012:1.00 2013:1.00 2014:1.00 2015:1.00 2016:1.00 2017:1.00 2018:1.00 2019:1.00 2020:1.00 2021:1.00 2022:1.00 2023:1.00 2024:1.00 2025:1.00
pbp,opp_fg_prob,healthy,2025,1.0,,,1999:1.00 2000:1.00 2001:1.00 2002:1.00 2003:1.00 2004:1.00 2005:1.00 2006:1.00 2007:1.00 2008:1.00 2009:1.00 2010:1.00 2011:1.00 2012:1.00 2013:1.00 2014:1.00 2015:1.00 2016:1.00 2017:1.00 2018:1.00 2019:1.00 2020:1.00 2021:1.00 2022:1.00 2023:1.00 2024:1.00 2025:1.00
pbp,opp_safety_prob,healthy,2025,1.0,,,1999:1.00 2000:1.00 2001:1.00 2002:1.00 2003:1.00 2004:1.00 2005:1.00 2006:1.00 2007:1.00 2008:1.00 2009:1.00 2010:1.00 2011:1.00 2012:1.00 2013:1.00 2014:1.00 2015:1.00 2016:1.00 2017:1.00 2018:1.00 2019:1.00 2020:1.00 2021:1.00 2022:1.00 2023:1.00 2024:1.00 2025:1.00
pbp,opp_td_prob,healthy,2025,1.0,,,1999:1.00 2000:1.00 2001:1.00 2002:1.00 2003:1.00 2004:1.00 2005:1.00 2006:1.00 2007:1.00 2008:1.00 2009:1.00 2010:1.00 2011:1.00 2012:1.00 2013:1.00 2014:1.00 2015:1.00 2016:1.00 2017:1.00 2018:1.00 2019:1.00 2020:1.00 2021:1.00 2022:1.00 2023:1.00 2024:1.00 2025:1.00
pbp,fg_prob,healthy,2025,1.0,,,1999:1.00 2000:1.00 2001:1.00 2002:1.00 2003:1.00 2004:1.00 2005:1.00 2006:1.00 2007:1.00 2008:1.00 2009:1.00 2010:1.00 2011:1.00 2012:1.00 2013:1.00 2014:1.00 2015:1.00 2016:1.00 2017:1.00 2018:1.00 2019:1.00 2020:1.00 2021:1.00 2022:1.00 2023:1.00 2024:1.00 2025:1.00
pbp,safety_prob,healthy,2025,1.0,,,1999:1.00 2000:1.00 2001:1.00 2002:1.00 2003:1.00 2004:1.00 2005:1.00 2006:1.00 2007:1.00 2008:1.00 2009:1.00 2010:1.00 2011:1.00 2012:1.00 2013:1.00 2014:1.00 2015:1.00 2016:1.00 2017:1.00 2018:1.00 2019:1.00 2020:1.00 2021:1.00 2022:1.00 2023:1.00 2024:1.00 2025:1.00
pbp,td_prob,healthy,2025,1.0,,,1999:1.00 2000:1.00 2001:1.00 2002:1.00 2003:1.00 2004:1.00 2005:1.00 2006:1.00 2007:1.00 2008:1.00 2009:1.00 2010:1.00 2011:1.00 2012:1.00 2013:1.00 2014:1.00 2015:1.00 2016:1.00 2017:1.00 2018:1.00 2019:1.00 2020:1.00 2021:1.00 2022:1.00 2023:1.00 2024:1.00 2025:1.00
pbp,extra_point_prob,healthy,2025,1.0,,,1999:1.00 2000:1.00 2001:1.00 2002:1.00 2003:1.00 2004:1.00 2005:1.00 2006:1.00 2007:1.00 2008:1.00 2009:1.00 2010:1.00 2011:1.00 2012:1.00 2013:1.00 2014:1.00 2015:1.00 2016:1.00 2017:1.00 2018:1.00 2019:1.00 2020:1.00 2021:1.00 2022:1.00 2023:1.00 2024:1.00 2025:1.00
pbp,two_point_conversion_prob,healthy,2025,1.0,,,1999:1.00 2000:1.00 2001:1.00 2002:1.00 2003:1.00 2004:1.00 2005:1.00 2006:1.00 2007:1.00 2008:1.00 2009:1.00 2010:1.00 2011:1.00 2012:1.00 2013:1.00 2014:1.00 2015:1.00 2016:1.00 2017:1.00 2018:1.00 2019:1.00 2020:1.00 2021:1.00 2022:1.00 2023:1.00 2024:1.00 2025:1.00
pbp,ep,healthy,2025,0.988,,,1999:0.99 2000:0.99 2001:0.99 2002:0.99 2003:0.99 2004:0.99 2005:0.99 2006:0.99 2007:0.99 2008:0.99 2009:0.99 2010:0.99 2011:0.99 2012:0.99 2013:0.99 2014:0.99 2015:0.99 2016:0.99 2017:0.99 2018:0.99 2019:0.99 2020:0.99 2021:0.99 2022:0.99 2023:0.99 2024:0.99 2025:0.99
pbp,epa,healthy,2025,0.988,,,1999:0.99 2000:0.99 2001:0.99 2002:0.99 2003:0.99 2004:0.99 2005:0.99 2006:0.99 2007:0.99 2008:0.99 2009:0.99 2010:0.99 2011:0.99 2012:0.99 2013:0.99 2014:0.99 2015:0.99 2016:0.99 2017:0.99 2018:0.99 2019:0.99 2020:0.99 2021:0.99 2022:0.99 2023:0.99 2024:0.99 2025:0.99
pbp,total_home_epa,healthy,2025,1.0,,,1999:1.00 2000:1.00 2001:1.00 2002:1.00 2003:1.00 2004:1.00 2005:1.00 2006:1.00 2007:1.00 2008:1.00 2009:1.00 2010:1.00 2011:1.00 2012:1.00 2013:1.00 2014:1.00 2015:1.00 2016:1.00 2017:1.00 2018:1.00 2019:1.00 2020:1.00 2021:1.00 2022:1.00 2023:1.00 2024:1.00 2025:1.00
pbp,total_away_epa,healthy,2025,1.0,,,1999:1.00 2000:1.00 2001:1.00 2002:1.00 2003:1.00 2004:1.00 2005:1.00 2006:1.00 2007:1.00 2008:1.00 2009:1.00 2010:1.00 2011:1.00 2012:1.00 2013:1.00 2014:1.00 2015:1.00 2016:1.00 2017:1.00 2018:1.00 2019:1.00 2020:1.00 2021:1.00 2022:1.00 2023:1.00 2024:1.00 2025:1.00
pbp,total_home_rush_epa,healthy,2025,1.0,,,1999:1.00 2000:1.00 2001:1.00 2002:1.00 2003:1.00 2004:1.00 2005:1.00 2006:1.00 2007:1.00 2008:1.00 2009:1.00 2010:1.00 2011:1.00 2012:1.00 2013:1.00 2014:1.00 2015:1.00 2016:1.00 2017:1.00 2018:1.00 2019:1.00 2020:1.00 2021:1.00 2022:1.00 2023:1.00 2024:1.00 2025:1.00
pbp,total_away_rush_epa,healthy,2025,1.0,,,1999:1.00 2000:1.00 2001:1.00 2002:1.00 2003:1.00 2004:1.00 2005:1.00 2006:1.00 2007:1.00 2008:1.00 2009:1.00 2010:1.00 2011:1.00 2012:1.00 2013:1.00 2014:1.00 2015:1.00 2016:1.00 2017:1.00 2018:1.00 2019:1.00 2020:1.00 2021:1.00 2022:1.00 2023:1.00 2024:1.00 2025:1.00
pbp,total_home_pass_epa,healthy,2025,1.0,,,1999:1.00 2000:1.00 2001:1.00 2002:1.00 2003:1.00 2004:1.00 2005:1.00 2006:1.00 2007:1.00 2008:1.00 2009:1.00 2010:1.00 2011:1.00 2012:1.00 2013:1.00 2014:1.00 2015:1.00 2016:1.00 2017:1.00 2018:1.00 2019:1.00 2020:1.00 2021:1.00 2022:1.00 2023:1.00 2024:1.00 2025:1.00
pbp,total_away_pass_epa,healthy,2025,1.0,,,1999:1.00 2000:1.00 2001:1.00 2002:1.00 2003:1.00 2004:1.00 2005:1.00 2006:1.00 2007:1.00 2008:1.00 2009:1.00 2010:1.00 2011:1.00 2012:1.00 2013:1.00 2014:1.00 2015:1.00 2016:1.00 2017:1.00 2018:1.00 2019:1.00 2020:1.00 2021:1.00 2022:1.00 2023:1.00 2024:1.00 2025:1.00
pbp,air_epa,healthy,2025,0.375,,,1999:0.00 2000:0.00 2001:0.00 2002:0.00 2003:0.00 2004:0.00 2005:0.00 2006:0.37 2007:0.38 2008:0.37 2009:0.38 2010:0.38 2011:0.38 2012:0.39 2013:0.39 2014:0.39 2015:0.40 2016:0.40 2017:0.39 2018:0.39 2019:0.39 2020:0.40 2021:0.39 2022:0.38 2023:0.39 2024:0.37 2025:0.37
pbp,yac_epa,healthy,2025,0.375,,,1999:0.00 2000:0.00 2001:0.00 2002:0.00 2003:0.00 2004:0.00 2005:0.00 2006:0.37 2007:0.38 2008:0.37 2009:0.38 2010:0.38 2011:0.38 2012:0.39 2013:0.39 2014:0.39 2015:0.40 2016:0.40 2017:0.39 2018:0.39 2019:0.39 2020:0.40 2021:0.39 2022:0.38 2023:0.39 2024:0.37 2025:0.37
pbp,comp_air_epa,healthy,2025,0.969,,,1999:0.00 2000:0.00 2001:0.00 2002:0.00 2003:0.00 2004:0.00 2005:0.00 2006:0.97 2007:0.97 2008:0.97 2009:0.97 2010:0.97 2011:0.97 2012:0.97 2013:0.97 2014:0.97 2015:0.97 2016:0.97 2017:0.97 2018:0.97 2019:0.97 2020:0.97 2021:0.97 2022:0.97 2023:0.97 2024:0.97 2025:0.97
pbp,comp_yac_epa,healthy,2025,0.969,,,1999:0.00 2000:0.00 2001:0.00 2002:0.00 2003:0.00 2004:0.00 2005:0.00 2006:0.97 2007:0.97 2008:0.97 2009:0.97 2010:0.97 2011:0.97 2012:0.97 2013:0.97 2014:0.97 2015:0.97 2016:0.97 2017:0.97 2018:0.97 2019:0.97 2020:0.97 2021:0.97 2022:0.97 2023:0.97 2024:0.97 2025:0.97
pbp,total_home_comp_air_epa,healthy,2025,1.0,,,1999:0.00 2000:0.00 2001:0.00 2002:0.00 2003:0.00 2004:0.00 2005:0.00 2006:1.00 2007:1.00 2008:1.00 2009:1.00 2010:1.00 2011:1.00 2012:1.00 2013:1.00 2014:1.00 2015:1.00 2016:1.00 2017:1.00 2018:1.00 2019:1.00 2020:1.00 2021:1.00 2022:1.00 2023:1.00 2024:1.00 2025:1.00
pbp,total_away_comp_air_epa,healthy,2025,1.0,,,1999:0.00 2000:0.00 2001:0.00 2002:0.00 2003:0.00 2004:0.00 2005:0.00 2006:1.00 2007:1.00 2008:1.00 2009:1.00 2010:1.00 2011:1.00 2012:1.00 2013:1.00 2014:1.00 2015:1.00 2016:1.00 2017:1.00 2018:1.00 2019:1.00 2020:1.00 2021:1.00 2022:1.00 2023:1.00 2024:1.00 2025:1.00
pbp,total_home_comp_yac_epa,healthy,2025,1.0,,,1999:0.00 2000:0.00 2001:0.00 2002:0.00 2003:0.00 2004:0.00 2005:0.00 2006:1.00 2007:1.00 2008:1.00 2009:1.00 2010:1.00 2011:1.00 2012:1.00 2013:1.00 2014:1.00 2015:1.00 2016:1.00 2017:1.00 2018:1.00 2019:1.00 2020:1.00 2021:1.00 2022:1.00 2023:1.00 2024:1.00 2025:1.00
pbp,total_away_comp_yac_epa,healthy,2025,1.0,,,1999:0.00 2000:0.00 2001:0.00 2002:0.00 2003:0.00 2004:0.00 2005:0.00 2006:1.00 2007:1.00 2008:1.00 2009:1.00 2010:1.00 2011:1.00 2012:1.00 2013:1.00 2014:1.00 2015:1.00 2016:1.00 2017:1.00 2018:1.00 2019:1.00 2020:1.00 2021:1.00 2022:1.00 2023:1.00 2024:1.00 2025:1.00
pbp,total_home_raw_air_epa,healthy,2025,1.0,,,1999:0.00 2000:0.00 2001:0.00 2002:0.00 2003:0.00 2004:0.00 2005:0.00 2006:1.00 2007:1.00 2008:1.00 2009:1.00 2010:1.00 2011:1.00 2012:1.00 2013:1.00 2014:1.00 2015:1.00 2016:1.00 2017:1.00 2018:1.00 2019:1.00 2020:1.00 2021:1.00 2022:1.00 2023:1.00 2024:1.00 2025:1.00
pbp,total_away_raw_air_epa,healthy,2025,1.0,,,1999:0.00 2000:0.00 2001:0.00 2002:0.00 2003:0.00 2004:0.00 2005:0.00 2006:1.00 2007:1.00 2008:1.00 2009:1.00 2010:1.00 2011:1.00 2012:1.00 2013:1.00 2014:1.00 2015:1.00 2016:1.00 2017:1.00 2018:1.00 2019:1.00 2020:1.00 2021:1.00 2022:1.00 2023:1.00 2024:1.00 2025:1.00
pbp,total_home_raw_yac_epa,healthy,2025,1.0,,,1999:0.00 2000:0.00 2001:0.00 2002:0.00 2003:0.00 2004:0.00 2005:0.00 2006:1.00 2007:1.00 2008:1.00 2009:1.00 2010:1.00 2011:1.00 2012:1.00 2013:1.00 2014:1.00 2015:1.00 2016:1.00 2017:1.00 2018:1.00 2019:1.00 2020:1.00 2021:1.00 2022:1.00 2023:1.00 2024:1.00 2025:1.00
pbp,total_away_raw_yac_epa,healthy,2025,1.0,,,1999:0.00 2000:0.00 2001:0.00 2002:0.00 2003:0.00 2004:0.00 2005:0.00 2006:1.00 2007:1.00 2008:1.00 2009:1.00 2010:1.00 2011:1.00 2012:1.00 2013:1.00 2014:1.00 2015:1.00 2016:1.00 2017:1.00 2018:1.00 2019:1.00 2020:1.00 2021:1.00 2022:1.00 2023:1.00 2024:1.00 2025:1.00
pbp,wp,healthy,2025,0.994,,,1999:0.99 2000:0.99 2001:0.99 2002:0.99 2003:0.99 2004:0.99 2005:0.99 2006:0.99 2007:0.99 2008:0.99 2009:0.99 2010:0.99 2011:0.99 2012:0.99 2013:0.99 2014:0.99 2015:0.99 2016:0.99 2017:0.99 2018:0.99 2019:0.99 2020:0.99 2021:0.99 2022:0.99 2023:0.99 2024:0.99 2025:0.99
pbp,def_wp,healthy,2025,0.994,,,1999:0.99 2000:0.99 2001:0.99 2002:0.99 2003:0.99 2004:0.99 2005:0.99 2006:0.99 2007:0.99 2008:0.99 2009:0.99 2010:0.99 2011:0.99 2012:0.99 2013:0.99 2014:0.99 2015:0.99 2016:0.99 2017:0.99 2018:0.99 2019:0.99 2020:0.99 2021:0.99 2022:0.99 2023:0.99 2024:0.99 2025:0.99
pbp,home_wp,healthy,2025,1.0,,,1999:1.00 2000:1.00 2001:1.00 2002:1.00 2003:1.00 2004:1.00 2005:1.00 2006:1.00 2007:1.00 2008:1.00 2009:1.00 2010:1.00 2011:1.00 2012:1.00 2013:1.00 2014:1.00 2015:1.00 2016:1.00 2017:1.00 2018:1.00 2019:1.00 2020:1.00 2021:1.00 2022:1.00 2023:1.00 2024:1.00 2025:1.00
pbp,away_wp,healthy,2025,1.0,,,1999:1.00 2000:1.00 2001:1.00 2002:1.00 2003:1.00 2004:1.00 2005:1.00 2006:1.00 2007:1.00 2008:1.00 2009:1.00 2010:1.00 2011:1.00 2012:1.00 2013:1.00 2014:1.00 2015:1.00 2016:1.00 2017:1.00 2018:1.00 2019:1.00 2020:1.00 2021:1.00 2022:1.00 2023:1.00 2024:1.00 2025:1.00
pbp,wpa,healthy,2025,0.985,,,1999:0.99 2000:0.99 2001:0.99 2002:0.99 2003:0.99 2004:0.99 2005:0.99 2006:0.99 2007:0.99 2008:0.99 2009:0.99 2010:0.99 2011:0.99 2012:0.99 2013:0.99 2014:0.99 2015:0.98 2016:0.99 2017:0.98 2018:0.99 2019:0.99 2020:0.98 2021:0.99 2022:0.99 2023:0.99 2024:0.99 2025:0.98
pbp,vegas_wpa,healthy,2025,0.985,,,1999:0.99 2000:0.99 2001:0.99 2002:0.99 2003:0.99 2004:0.99 2005:0.99 2006:0.99 2007:0.99 2008:0.99 2009:0.99 2010:0.99 2011:0.99 2012:0.99 2013:0.99 2014:0.99 2015:0.98 2016:0.99 2017:0.98 2018:0.99 2019:0.99 2020:0.98 2021:0.99 2022:0.99 2023:0.99 2024:0.99 2025:0.98
pbp,vegas_home_wpa,healthy,2025,0.994,,,1999:0.99 2000:0.99 2001:0.99 2002:0.99 2003:0.99 2004:0.99 2005:0.99 2006:0.99 2007:0.99 2008:0.99 2009:0.99 2010:0.99 2011:0.99 2012:0.99 2013:0.99 2014:0.99 2015:0.99 2016:0.99 2017:0.99 2018:0.99 2019:0.99 2020:0.99 2021:0.99 2022:0.99 2023:0.99 2024:0.99 2025:0.99
pbp,home_wp_post,healthy,2025,0.928,,,1999:0.98 2000:0.98 2001:0.94 2002:0.94 2003:0.94 2004:0.94 2005:0.93 2006:0.93 2007:0.93 2008:0.93 2009:0.93 2010:0.93 2011:0.93 2012:0.93 2013:0.93 2014:0.93 2015:0.93 2016:0.93 2017:0.93 2018:0.93 2019:0.93 2020:0.93 2021:0.93 2022:0.93 2023:0.93 2024:0.93 2025:0.93
pbp,away_wp_post,healthy,2025,0.928,,,1999:0.98 2000:0.98 2001:0.94 2002:0.94 2003:0.94 2004:0.94 2005:0.93 2006:0.93 2007:0.93 2008:0.93 2009:0.93 2010:0.93 2011:0.93 2012:0.93 2013:0.93 2014:0.93 2015:0.93 2016:0.93 2017:0.93 2018:0.93 2019:0.93 2020:0.93 2021:0.93 2022:0.93 2023:0.93 2024:0.93 2025:0.93
pbp,vegas_wp,healthy,2025,0.994,,,1999:0.99 2000:0.99 2001:0.99 2002:0.99 2003:0.99 2004:0.99 2005:0.99 2006:0.99 2007:0.99 2008:0.99 2009:0.99 2010:0.99 2011:0.99 2012:0.99 2013:0.99 2014:0.99 2015:0.99 2016:0.99 2017:0.99 2018:0.99 2019:0.99 2020:0.99 2021:0.99 2022:0.99 2023:0.99 2024:0.99 2025:0.99
pbp,vegas_home_wp,healthy,2025,1.0,,,1999:1.00 2000:1.00 2001:1.00 2002:1.00 2003:1.00 2004:1.00 2005:1.00 2006:1.00 2007:1.00 2008:1.00 2009:1.00 2010:1.00 2011:1.00 2012:1.00 2013:1.00 2014:1.00 2015:1.00 2016:1.00 2017:1.00 2018:1.00 2019:1.00 2020:1.00 2021:1.00 2022:1.00 2023:1.00 2024:1.00 2025:1.00
pbp,total_home_rush_wpa,healthy,2025,1.0,,,1999:1.00 2000:1.00 2001:1.00 2002:1.00 2003:1.00 2004:1.00 2005:1.00 2006:1.00 2007:1.00 2008:1.00 2009:1.00 2010:1.00 2011:1.00 2012:1.00 2013:1.00 2014:1.00 2015:1.00 2016:1.00 2017:1.00 2018:1.00 2019:1.00 2020:1.00 2021:1.00 2022:1.00 2023:1.00 2024:1.00 2025:1.00
pbp,total_away_rush_wpa,healthy,2025,1.0,,,1999:1.00 2000:1.00 2001:1.00 2002:1.00 2003:1.00 2004:1.00 2005:1.00 2006:1.00 2007:1.00 2008:1.00 2009:1.00 2010:1.00 2011:1.00 2012:1.00 2013:1.00 2014:1.00 2015:1.00 2016:1.00 2017:1.00 2018:1.00 2019:1.00 2020:1.00 2021:1.00 2022:1.00 2023:1.00 2024:1.00 2025:1.00
pbp,total_home_pass_wpa,healthy,2025,1.0,,,1999:1.00 2000:1.00 2001:1.00 2002:1.00 2003:1.00 2004:1.00 2005:1.00 2006:1.00 2007:1.00 2008:1.00 2009:1.00 2010:1.00 2011:1.00 2012:1.00 2013:1.00 2014:1.00 2015:1.00 2016:1.00 2017:1.00 2018:1.00 2019:1.00 2020:1.00 2021:1.00 2022:1.00 2023:1.00 2024:1.00 2025:1.00
pbp,total_away_pass_wpa,healthy,2025,1.0,,,1999:1.00 2000:1.00 2001:1.00 2002:1.00 2003:1.00 2004:1.00 2005:1.00 2006:1.00 2007:1.00 2008:1.00 2009:1.00 2010:1.00 2011:1.00 2012:1.00 2013:1.00 2014:1.00 2015:1.00 2016:1.00 2017:1.00 2018:1.00 2019:1.00 2020:1.00 2021:1.00 2022:1.00 2023:1.00 2024:1.00 2025:1.00
pbp,air_wpa,healthy,2025,0.375,,,1999:0.00 2000:0.00 2001:0.00 2002:0.00 2003:0.00 2004:0.00 2005:0.00 2006:0.37 2007:0.38 2008:0.37 2009:0.38 2010:0.38 2011:0.38 2012:0.39 2013:0.39 2014:0.39 2015:0.40 2016:0.40 2017:0.39 2018:0.39 2019:0.39 2020:0.40 2021:0.39 2022:0.38 2023:0.39 2024:0.37 2025:0.37
pbp,yac_wpa,healthy,2025,0.375,,,1999:0.00 2000:0.00 2001:0.00 2002:0.00 2003:0.00 2004:0.00 2005:0.00 2006:0.37 2007:0.38 2008:0.37 2009:0.38 2010:0.38 2011:0.38 2012:0.39 2013:0.39 2014:0.39 2015:0.40 2016:0.40 2017:0.39 2018:0.39 2019:0.39 2020:0.40 2021:0.39 2022:0.38 2023:0.39 2024:0.37 2025:0.37
pbp,comp_air_wpa,healthy,2025,0.969,,,1999:0.00 2000:0.00 2001:0.00 2002:0.00 2003:0.00 2004:0.00 2005:0.00 2006:0.97 2007:0.97 2008:0.97 2009:0.97 2010:0.97 2011:0.97 2012:0.97 2013:0.97 2014:0.97 2015:0.97 2016:0.97 2017:0.97 2018:0.97 2019:0.97 2020:0.97 2021:0.97 2022:0.97 2023:0.97 2024:0.97 2025:0.97
pbp,comp_yac_wpa,healthy,2025,0.969,,,1999:0.00 2000:0.00 2001:0.00 2002:0.00 2003:0.00 2004:0.00 2005:0.00 2006:0.97 2007:0.97 2008:0.97 2009:0.97 2010:0.97 2011:0.97 2012:0.97 2013:0.97 2014:0.97 2015:0.97 2016:0.97 2017:0.97 2018:0.97 2019:0.97 2020:0.97 2021:0.97 2022:0.97 2023:0.97 2024:0.97 2025:0.97
pbp,total_home_comp_air_wpa,healthy,2025,1.0,,,1999:0.00 2000:0.00 2001:0.00 2002:0.00 2003:0.00 2004:0.00 2005:0.00 2006:1.00 2007:1.00 2008:1.00 2009:1.00 2010:1.00 2011:1.00 2012:1.00 2013:1.00 2014:1.00 2015:1.00 2016:1.00 2017:1.00 2018:1.00 2019:1.00 2020:1.00 2021:1.00 2022:1.00 2023:1.00 2024:1.00 2025:1.00
pbp,total_away_comp_air_wpa,healthy,2025,1.0,,,1999:0.00 2000:0.00 2001:0.00 2002:0.00 2003:0.00 2004:0.00 2005:0.00 2006:1.00 2007:1.00 2008:1.00 2009:1.00 2010:1.00 2011:1.00 2012:1.00 2013:1.00 2014:1.00 2015:1.00 2016:1.00 2017:1.00 2018:1.00 2019:1.00 2020:1.00 2021:1.00 2022:1.00 2023:1.00 2024:1.00 2025:1.00
pbp,total_home_comp_yac_wpa,healthy,2025,1.0,,,1999:0.00 2000:0.00 2001:0.00 2002:0.00 2003:0.00 2004:0.00 2005:0.00 2006:1.00 2007:1.00 2008:1.00 2009:1.00 2010:1.00 2011:1.00 2012:1.00 2013:1.00 2014:1.00 2015:1.00 2016:1.00 2017:1.00 2018:1.00 2019:1.00 2020:1.00 2021:1.00 2022:1.00 2023:1.00 2024:1.00 2025:1.00
pbp,total_away_comp_yac_wpa,healthy,2025,1.0,,,1999:0.00 2000:0.00 2001:0.00 2002:0.00 2003:0.00 2004:0.00 2005:0.00 2006:1.00 2007:1.00 2008:1.00 2009:1.00 2010:1.00 2011:1.00 2012:1.00 2013:1.00 2014:1.00 2015:1.00 2016:1.00 2017:1.00 2018:1.00 2019:1.00 2020:1.00 2021:1.00 2022:1.00 2023:1.00 2024:1.00 2025:1.00
pbp,total_home_raw_air_wpa,healthy,2025,1.0,,,1999:0.00 2000:0.00 2001:0.00 2002:0.00 2003:0.00 2004:0.00 2005:0.00 2006:1.00 2007:1.00 2008:1.00 2009:1.00 2010:1.00 2011:1.00 2012:1.00 2013:1.00 2014:1.00 2015:1.00 2016:1.00 2017:1.00 2018:1.00 2019:1.00 2020:1.00 2021:1.00 2022:1.00 2023:1.00 2024:1.00 2025:1.00
pbp,total_away_raw_air_wpa,healthy,2025,1.0,,,1999:0.00 2000:0.00 2001:0.00 2002:0.00 2003:0.00 2004:0.00 2005:0.00 2006:1.00 2007:1.00 2008:1.00 2009:1.00 2010:1.00 2011:1.00 2012:1.00 2013:1.00 2014:1.00 2015:1.00 2016:1.00 2017:1.00 2018:1.00 2019:1.00 2020:1.00 2021:1.00 2022:1.00 2023:1.00 2024:1.00 2025:1.00
pbp,total_home_raw_yac_wpa,healthy,2025,1.0,,,1999:0.00 2000:0.00 2001:0.00 2002:0.00 2003:0.00 2004:0.00 2005:0.00 2006:1.00 2007:1.00 2008:1.00 2009:1.00 2010:1.00 2011:1.00 2012:1.00 2013:1.00 2014:1.00 2015:1.00 2016:1.00 2017:1.00 2018:1.00 2019:1.00 2020:1.00 2021:1.00 2022:1.00 2023:1.00 2024:1.00 2025:1.00
pbp,total_away_raw_yac_wpa,healthy,2025,1.0,,,1999:0.00 2000:0.00 2001:0.00 2002:0.00 2003:0.00 2004:0.00 2005:0.00 2006:1.00 2007:1.00 2008:1.00 2009:1.00 2010:1.00 2011:1.00 2012:1.00 2013:1.00 2014:1.00 2015:1.00 2016:1.00 2017:1.00 2018:1.00 2019:1.00 2020:1.00 2021:1.00 2022:1.00 2023:1.00 2024:1.00 2025:1.00
pbp,punt_blocked,healthy,2025,0.969,,,1999:0.96 2000:0.96 2001:0.97 2002:0.97 2003:0.97 2004:0.97 2005:0.97 2006:0.97 2007:0.97 2008:0.97 2009:0.97 2010:0.97 2011:0.97 2012:0.97 2013:0.97 2014:0.97 2015:0.97 2016:0.97 2017:0.97 2018:0.97 2019:0.97 2020:0.97 2021:0.97 2022:0.97 2023:0.97 2024:0.97 2025:0.97
pbp,first_down_rush,healthy,2025,0.969,,,1999:0.96 2000:0.96 2001:0.97 2002:0.97 2003:0.97 2004:0.97 2005:0.97 2006:0.97 2007:0.97 2008:0.97 2009:0.97 2010:0.97 2011:0.97 2012:0.97 2013:0.97 2014:0.97 2015:0.97 2016:0.97 2017:0.97 2018:0.97 2019:0.97 2020:0.97 2021:0.97 2022:0.97 2023:0.97 2024:0.97 2025:0.97
pbp,first_down_pass,healthy,2025,0.969,,,1999:0.96 2000:0.96 2001:0.97 2002:0.97 2003:0.97 2004:0.97 2005:0.97 2006:0.97 2007:0.97 2008:0.97 2009:0.97 2010:0.97 2011:0.97 2012:0.97 2013:0.97 2014:0.97 2015:0.97 2016:0.97 2017:0.97 2018:0.97 2019:0.97 2020:0.97 2021:0.97 2022:0.97 2023:0.97 2024:0.97 2025:0.97
pbp,first_down_penalty,healthy,2025,0.969,,,1999:0.96 2000:0.96 2001:0.97 2002:0.97 2003:0.97 2004:0.97 2005:0.97 2006:0.97 2007:0.97 2008:0.97 2009:0.97 2010:0.97 2011:0.97 2012:0.97 2013:0.97 2014:0.97 2015:0.97 2016:0.97 2017:0.97 2018:0.97 2019:0.97 2020:0.97 2021:0.97 2022:0.97 2023:0.97 2024:0.97 2025:0.97
pbp,third_down_converted,healthy,2025,0.969,,,1999:0.96 2000:0.96 2001:0.97 2002:0.97 2003:0.97 2004:0.97 2005:0.97 2006:0.97 2007:0.97 2008:0.97 2009:0.97 2010:0.97 2011:0.97 2012:0.97 2013:0.97 2014:0.97 2015:0.97 2016:0.97 2017:0.97 2018:0.97 2019:0.97 2020:0.97 2021:0.97 2022:0.97 2023:0.97 2024:0.97 2025:0.97
pbp,third_down_failed,healthy,2025,0.969,,,1999:0.96 2000:0.96 2001:0.97 2002:0.97 2003:0.97 2004:0.97 2005:0.97 2006:0.97 2007:0.97 2008:0.97 2009:0.97 2010:0.97 2011:0.97 2012:0.97 2013:0.97 2014:0.97 2015:0.97 2016:0.97 2017:0.97 2018:0.97 2019:0.97 2020:0.97 2021:0.97 2022:0.97 2023:0.97 2024:0.97 2025:0.97
pbp,fourth_down_converted,healthy,2025,0.969,,,1999:0.96 2000:0.96 2001:0.97 2002:0.97 2003:0.97 2004:0.97 2005:0.97 2006:0.97 2007:0.97 2008:0.97 2009:0.97 2010:0.97 2011:0.97 2012:0.97 2013:0.97 2014:0.97 2015:0.97 2016:0.97 2017:0.97 2018:0.97 2019:0.97 2020:0.97 2021:0.97 2022:0.97 2023:0.97 2024:0.97 2025:0.97
pbp,fourth_down_failed,healthy,2025,0.969,,,1999:0.96 2000:0.96 2001:0.97 2002:0.97 2003:0.97 2004:0.97 2005:0.97 2006:0.97 2007:0.97 2008:0.97 2009:0.97 2010:0.97 2011:0.97 2012:0.97 2013:0.97 2014:0.97 2015:0.97 2016:0.97 2017:0.97 2018:0.97 2019:0.97 2020:0.97 2021:0.97 2022:0.97 2023:0.97 2024:0.97 2025:0.97
pbp,incomplete_pass,healthy,2025,0.969,,,1999:0.96 2000:0.96 2001:0.97 2002:0.97 2003:0.97 2004:0.97 2005:0.97 2006:0.97 2007:0.97 2008:0.97 2009:0.97 2010:0.97 2011:0.97 2012:0.97 2013:0.97 2014:0.97 2015:0.97 2016:0.97 2017:0.97 2018:0.97 2019:0.97 2020:0.97 2021:0.97 2022:0.97 2023:0.97 2024:0.97 2025:0.97
pbp,touchback,healthy,2025,1.0,,,1999:1.00 2000:1.00 2001:1.00 2002:1.00 2003:1.00 2004:1.00 2005:1.00 2006:1.00 2007:1.00 2008:1.00 2009:1.00 2010:1.00 2011:1.00 2012:1.00 2013:1.00 2014:1.00 2015:1.00 2016:1.00 2017:1.00 2018:1.00 2019:1.00 2020:1.00 2021:1.00 2022:1.00 2023:1.00 2024:1.00 2025:1.00
pbp,interception,healthy,2025,0.969,,,1999:0.96 2000:0.96 2001:0.97 2002:0.97 2003:0.97 2004:0.97 2005:0.97 2006:0.97 2007:0.97 2008:0.97 2009:0.97 2010:0.97 2011:0.97 2012:0.97 2013:0.97 2014:0.97 2015:0.97 2016:0.97 2017:0.97 2018:0.97 2019:0.97 2020:0.97 2021:0.97 2022:0.97 2023:0.97 2024:0.97 2025:0.97
pbp,punt_inside_twenty,healthy,2025,0.969,,,1999:0.96 2000:0.96 2001:0.97 2002:0.97 2003:0.97 2004:0.97 2005:0.97 2006:0.97 2007:0.97 2008:0.97 2009:0.97 2010:0.97 2011:0.97 2012:0.97 2013:0.97 2014:0.97 2015:0.97 2016:0.97 2017:0.97 2018:0.97 2019:0.97 2020:0.97 2021:0.97 2022:0.97 2023:0.97 2024:0.97 2025:0.97
pbp,punt_in_endzone,healthy,2025,0.969,,,1999:0.96 2000:0.96 2001:0.97 2002:0.97 2003:0.97 2004:0.97 2005:0.97 2006:0.97 2007:0.97 2008:0.97 2009:0.97 2010:0.97 2011:0.97 2012:0.97 2013:0.97 2014:0.97 2015:0.97 2016:0.97 2017:0.97 2018:0.97 2019:0.97 2020:0.97 2021:0.97 2022:0.97 2023:0.97 2024:0.97 2025:0.97
pbp,punt_out_of_bounds,healthy,2025,0.969,,,1999:0.96 2000:0.96 2001:0.97 2002:0.97 2003:0.97 2004:0.97 2005:0.97 2006:0.97 2007:0.97 2008:0.97 2009:0.97 2010:0.97 2011:0.97 2012:0.97 2013:0.97 2014:0.97 2015:0.97 2016:0.97 2017:0.97 2018:0.97 2019:0.97 2020:0.97 2021:0.97 2022:0.97 2023:0.97 2024:0.97 2025:0.97
pbp,punt_downed,healthy,2025,0.969,,,1999:0.96 2000:0.96 2001:0.97 2002:0.97 2003:0.97 2004:0.97 2005:0.97 2006:0.97 2007:0.97 2008:0.97 2009:0.97 2010:0.97 2011:0.97 2012:0.97 2013:0.97 2014:0.97 2015:0.97 2016:0.97 2017:0.97 2018:0.97 2019:0.97 2020:0.97 2021:0.97 2022:0.97 2023:0.97 2024:0.97 2025:0.97
pbp,punt_fair_catch,healthy,2025,0.969,,,1999:0.96 2000:0.96 2001:0.97 2002:0.97 2003:0.97 2004:0.97 2005:0.97 2006:0.97 2007:0.97 2008:0.97 2009:0.97 2010:0.97 2011:0.97 2012:0.97 2013:0.97 2014:0.97 2015:0.97 2016:0.97 2017:0.97 2018:0.97 2019:0.97 2020:0.97 2021:0.97 2022:0.97 2023:0.97 2024:0.97 2025:0.97
pbp,kickoff_inside_twenty,healthy,2025,0.969,,,1999:0.96 2000:0.96 2001:0.97 2002:0.97 2003:0.97 2004:0.97 2005:0.97 2006:0.97 2007:0.97 2008:0.97 2009:0.97 2010:0.97 2011:0.97 2012:0.97 2013:0.97 2014:0.97 2015:0.97 2016:0.97 2017:0.97 2018:0.97 2019:0.97 2020:0.97 2021:0.97 2022:0.97 2023:0.97 2024:0.97 2025:0.97
pbp,kickoff_in_endzone,healthy,2025,0.969,,,1999:0.96 2000:0.96 2001:0.97 2002:0.97 2003:0.97 2004:0.97 2005:0.97 2006:0.97 2007:0.97 2008:0.97 2009:0.97 2010:0.97 2011:0.97 2012:0.97 2013:0.97 2014:0.97 2015:0.97 2016:0.97 2017:0.97 2018:0.97 2019:0.97 2020:0.97 2021:0.97 2022:0.97 2023:0.97 2024:0.97 2025:0.97
pbp,kickoff_out_of_bounds,healthy,2025,0.969,,,1999:0.96 2000:0.96 2001:0.97 2002:0.97 2003:0.97 2004:0.97 2005:0.97 2006:0.97 2007:0.97 2008:0.97 2009:0.97 2010:0.97 2011:0.97 2012:0.97 2013:0.97 2014:0.97 2015:0.97 2016:0.97 2017:0.97 2018:0.97 2019:0.97 2020:0.97 2021:0.97 2022:0.97 2023:0.97 2024:0.97 2025:0.97
pbp,kickoff_downed,healthy,2025,0.969,,,1999:0.96 2000:0.96 2001:0.97 2002:0.97 2003:0.97 2004:0.97 2005:0.97 2006:0.97 2007:0.97 2008:0.97 2009:0.97 2010:0.97 2011:0.97 2012:0.97 2013:0.97 2014:0.97 2015:0.97 2016:0.97 2017:0.97 2018:0.97 2019:0.97 2020:0.97 2021:0.97 2022:0.97 2023:0.97 2024:0.97 2025:0.97
pbp,kickoff_fair_catch,healthy,2025,0.969,,,1999:0.96 2000:0.96 2001:0.97 2002:0.97 2003:0.97 2004:0.97 2005:0.97 2006:0.97 2007:0.97 2008:0.97 2009:0.97 2010:0.97 2011:0.97 2012:0.97 2013:0.97 2014:0.97 2015:0.97 2016:0.97 2017:0.97 2018:0.97 2019:0.97 2020:0.97 2021:0.97 2022:0.97 2023:0.97 2024:0.97 2025:0.97
pbp,fumble_forced,healthy,2025,0.969,,,1999:0.96 2000:0.96 2001:0.97 2002:0.97 2003:0.97 2004:0.97 2005:0.97 2006:0.97 2007:0.97 2008:0.97 2009:0.97 2010:0.97 2011:0.97 2012:0.97 2013:0.97 2014:0.97 2015:0.97 2016:0.97 2017:0.97 2018:0.97 2019:0.97 2020:0.97 2021:0.97 2022:0.97 2023:0.97 2024:0.97 2025:0.97
pbp,fumble_not_forced,healthy,2025,0.969,,,1999:0.96 2000:0.96 2001:0.97 2002:0.97 2003:0.97 2004:0.97 2005:0.97 2006:0.97 2007:0.97 2008:0.97 2009:0.97 2010:0.97 2011:0.97 2012:0.97 2013:0.97 2014:0.97 2015:0.97 2016:0.97 2017:0.97 2018:0.97 2019:0.97 2020:0.97 2021:0.97 2022:0.97 2023:0.97 2024:0.97 2025:0.97
pbp,fumble_out_of_bounds,healthy,2025,0.969,,,1999:0.96 2000:0.96 2001:0.97 2002:0.97 2003:0.97 2004:0.97 2005:0.97 2006:0.97 2007:0.97 2008:0.97 2009:0.97 2010:0.97 2011:0.97 2012:0.97 2013:0.97 2014:0.97 2015:0.97 2016:0.97 2017:0.97 2018:0.97 2019:0.97 2020:0.97 2021:0.97 2022:0.97 2023:0.97 2024:0.97 2025:0.97
pbp,solo_tackle,healthy,2025,0.969,,,1999:0.96 2000:0.96 2001:0.97 2002:0.97 2003:0.97 2004:0.97 2005:0.97 2006:0.97 2007:0.97 2008:0.97 2009:0.97 2010:0.97 2011:0.97 2012:0.97 2013:0.97 2014:0.97 2015:0.97 2016:0.97 2017:0.97 2018:0.97 2019:0.97 2020:0.97 2021:0.97 2022:0.97 2023:0.97 2024:0.97 2025:0.97
pbp,safety,healthy,2025,0.969,,,1999:0.96 2000:0.96 2001:0.97 2002:0.97 2003:0.97 2004:0.97 2005:0.97 2006:0.97 2007:0.97 2008:0.97 2009:0.97 2010:0.97 2011:0.97 2012:0.97 2013:0.97 2014:0.97 2015:0.97 2016:0.97 2017:0.97 2018:0.97 2019:0.97 2020:0.97 2021:0.97 2022:0.97 2023:0.97 2024:0.97 2025:0.97
pbp,penalty,healthy,2025,0.969,,,1999:0.96 2000:0.96 2001:0.97 2002:0.97 2003:0.97 2004:0.97 2005:0.97 2006:0.97 2007:0.97 2008:0.97 2009:0.97 2010:0.97 2011:0.97 2012:0.97 2013:0.97 2014:0.97 2015:0.97 2016:0.97 2017:0.97 2018:0.97 2019:0.97 2020:0.97 2021:0.97 2022:0.97 2023:0.97 2024:0.97 2025:0.97
pbp,tackled_for_loss,healthy,2025,0.969,,,1999:0.96 2000:0.96 2001:0.97 2002:0.97 2003:0.97 2004:0.97 2005:0.97 2006:0.97 2007:0.97 2008:0.97 2009:0.97 2010:0.97 2011:0.97 2012:0.97 2013:0.97 2014:0.97 2015:0.97 2016:0.97 2017:0.97 2018:0.97 2019:0.97 2020:0.97 2021:0.97 2022:0.97 2023:0.97 2024:0.97 2025:0.97
pbp,fumble_lost,healthy,2025,0.969,,,1999:0.96 2000:0.96 2001:0.97 2002:0.97 2003:0.97 2004:0.97 2005:0.97 2006:0.97 2007:0.97 2008:0.97 2009:0.97 2010:0.97 2011:0.97 2012:0.97 2013:0.97 2014:0.97 2015:0.97 2016:0.97 2017:0.97 2018:0.97 2019:0.97 2020:0.97 2021:0.97 2022:0.97 2023:0.97 2024:0.97 2025:0.97
pbp,own_kickoff_recovery,healthy,2025,0.969,,,1999:0.96 2000:0.96 2001:0.97 2002:0.97 2003:0.97 2004:0.97 2005:0.97 2006:0.97 2007:0.97 2008:0.97 2009:0.97 2010:0.97 2011:0.97 2012:0.97 2013:0.97 2014:0.97 2015:0.97 2016:0.97 2017:0.97 2018:0.97 2019:0.97 2020:0.97 2021:0.97 2022:0.97 2023:0.97 2024:0.97 2025:0.97
pbp,own_kickoff_recovery_td,healthy,2025,0.969,,,1999:0.96 2000:0.96 2001:0.97 2002:0.97 2003:0.97 2004:0.97 2005:0.97 2006:0.97 2007:0.97 2008:0.97 2009:0.97 2010:0.97 2011:0.97 2012:0.97 2013:0.97 2014:0.97 2015:0.97 2016:0.97 2017:0.97 2018:0.97 2019:0.97 2020:0.97 2021:0.97 2022:0.97 2023:0.97 2024:0.97 2025:0.97
pbp,qb_hit,healthy,2025,0.969,,,1999:0.96 2000:0.96 2001:0.97 2002:0.97 2003:0.97 2004:0.97 2005:0.97 2006:0.97 2007:0.97 2008:0.97 2009:0.97 2010:0.97 2011:0.97 2012:0.97 2013:0.97 2014:0.97 2015:0.97 2016:0.97 2017:0.97 2018:0.97 2019:0.97 2020:0.97 2021:0.97 2022:0.97 2023:0.97 2024:0.97 2025:0.97
pbp,rush_attempt,healthy,2025,0.969,,,1999:0.96 2000:0.96 2001:0.97 2002:0.97 2003:0.97 2004:0.97 2005:0.97 2006:0.97 2007:0.97 2008:0.97 2009:0.97 2010:0.97 2011:0.97 2012:0.97 2013:0.97 2014:0.97 2015:0.97 2016:0.97 2017:0.97 2018:0.97 2019:0.97 2020:0.97 2021:0.97 2022:0.97 2023:0.97 2024:0.97 2025:0.97
pbp,pass_attempt,healthy,2025,0.969,,,1999:0.96 2000:0.96 2001:0.97 2002:0.97 2003:0.97 2004:0.97 2005:0.97 2006:0.97 2007:0.97 2008:0.97 2009:0.97 2010:0.97 2011:0.97 2012:0.97 2013:0.97 2014:0.97 2015:0.97 2016:0.97 2017:0.97 2018:0.97 2019:0.97 2020:0.97 2021:0.97 2022:0.97 2023:0.97 2024:0.97 2025:0.97
pbp,sack,healthy,2025,0.969,,,1999:0.96 2000:0.96 2001:0.97 2002:0.97 2003:0.97 2004:0.97 2005:0.97 2006:0.97 2007:0.97 2008:0.97 2009:0.97 2010:0.97 2011:0.97 2012:0.97 2013:0.97 2014:0.97 2015:0.97 2016:0.97 2017:0.97 2018:0.97 2019:0.97 2020:0.97 2021:0.97 2022:0.97 2023:0.97 2024:0.97 2025:0.97
pbp,touchdown,healthy,2025,0.969,,,1999:0.96 2000:0.96 2001:0.97 2002:0.97 2003:0.97 2004:0.97 2005:0.97 2006:0.97 2007:0.97 2008:0.97 2009:0.97 2010:0.97 2011:0.97 2012:0.97 2013:0.97 2014:0.97 2015:0.97 2016:0.97 2017:0.97 2018:0.97 2019:0.97 2020:0.97 2021:0.97 2022:0.97 2023:0.97 2024:0.97 2025:0.97
pbp,pass_touchdown,healthy,2025,0.969,,,1999:0.96 2000:0.96 2001:0.97 2002:0.97 2003:0.97 2004:0.97 2005:0.97 2006:0.97 2007:0.97 2008:0.97 2009:0.97 2010:0.97 2011:0.97 2012:0.97 2013:0.97 2014:0.97 2015:0.97 2016:0.97 2017:0.97 2018:0.97 2019:0.97 2020:0.97 2021:0.97 2022:0.97 2023:0.97 2024:0.97 2025:0.97
pbp,rush_touchdown,healthy,2025,0.969,,,1999:0.96 2000:0.96 2001:0.97 2002:0.97 2003:0.97 2004:0.97 2005:0.97 2006:0.97 2007:0.97 2008:0.97 2009:0.97 2010:0.97 2011:0.97 2012:0.97 2013:0.97 2014:0.97 2015:0.97 2016:0.97 2017:0.97 2018:0.97 2019:0.97 2020:0.97 2021:0.97 2022:0.97 2023:0.97 2024:0.97 2025:0.97
pbp,return_touchdown,healthy,2025,0.969,,,1999:0.96 2000:0.96 2001:0.97 2002:0.97 2003:0.97 2004:0.97 2005:0.97 2006:0.97 2007:0.97 2008:0.97 2009:0.97 2010:0.97 2011:0.97 2012:0.97 2013:0.97 2014:0.97 2015:0.97 2016:0.97 2017:0.97 2018:0.97 2019:0.97 2020:0.97 2021:0.97 2022:0.97 2023:0.97 2024:0.97 2025:0.97
pbp,extra_point_attempt,healthy,2025,0.969,,,1999:0.96 2000:0.96 2001:0.97 2002:0.97 2003:0.97 2004:0.97 2005:0.97 2006:0.97 2007:0.97 2008:0.97 2009:0.97 2010:0.97 2011:0.97 2012:0.97 2013:0.97 2014:0.97 2015:0.97 2016:0.97 2017:0.97 2018:0.97 2019:0.97 2020:0.97 2021:0.97 2022:0.97 2023:0.97 2024:0.97 2025:0.97
pbp,two_point_attempt,healthy,2025,0.969,,,1999:0.96 2000:0.96 2001:0.97 2002:0.97 2003:0.97 2004:0.97 2005:0.97 2006:0.97 2007:0.97 2008:0.97 2009:0.97 2010:0.97 2011:0.97 2012:0.97 2013:0.97 2014:0.97 2015:0.97 2016:0.97 2017:0.97 2018:0.97 2019:0.97 2020:0.97 2021:0.97 2022:0.97 2023:0.97 2024:0.97 2025:0.97
pbp,field_goal_attempt,healthy,2025,0.969,,,1999:0.96 2000:0.96 2001:0.97 2002:0.97 2003:0.97 2004:0.97 2005:0.97 2006:0.97 2007:0.97 2008:0.97 2009:0.97 2010:0.97 2011:0.97 2012:0.97 2013:0.97 2014:0.97 2015:0.97 2016:0.97 2017:0.97 2018:0.97 2019:0.97 2020:0.97 2021:0.97 2022:0.97 2023:0.97 2024:0.97 2025:0.97
pbp,kickoff_attempt,healthy,2025,0.969,,,1999:0.96 2000:0.96 2001:0.97 2002:0.97 2003:0.97 2004:0.97 2005:0.97 2006:0.97 2007:0.97 2008:0.97 2009:0.97 2010:0.97 2011:0.97 2012:0.97 2013:0.97 2014:0.97 2015:0.97 2016:0.97 2017:0.97 2018:0.97 2019:0.97 2020:0.97 2021:0.97 2022:0.97 2023:0.97 2024:0.97 2025:0.97
pbp,punt_attempt,healthy,2025,0.969,,,1999:0.96 2000:0.96 2001:0.97 2002:0.97 2003:0.97 2004:0.97 2005:0.97 2006:0.97 2007:0.97 2008:0.97 2009:0.97 2010:0.97 2011:0.97 2012:0.97 2013:0.97 2014:0.97 2015:0.97 2016:0.97 2017:0.97 2018:0.97 2019:0.97 2020:0.97 2021:0.97 2022:0.97 2023:0.97 2024:0.97 2025:0.97
pbp,fumble,healthy,2025,0.969,,,1999:0.96 2000:0.96 2001:0.97 2002:0.97 2003:0.97 2004:0.97 2005:0.97 2006:0.97 2007:0.97 2008:0.97 2009:0.97 2010:0.97 2011:0.97 2012:0.97 2013:0.97 2014:0.97 2015:0.97 2016:0.97 2017:0.97 2018:0.97 2019:0.97 2020:0.97 2021:0.97 2022:0.97 2023:0.97 2024:0.97 2025:0.97
pbp,complete_pass,healthy,2025,0.969,,,1999:0.96 2000:0.96 2001:0.97 2002:0.97 2003:0.97 2004:0.97 2005:0.97 2006:0.97 2007:0.97 2008:0.97 2009:0.97 2010:0.97 2011:0.97 2012:0.97 2013:0.97 2014:0.97 2015:0.97 2016:0.97 2017:0.97 2018:0.97 2019:0.97 2020:0.97 2021:0.97 2022:0.97 2023:0.97 2024:0.97 2025:0.97
pbp,assist_tackle,healthy,2025,0.969,,,1999:0.96 2000:0.96 2001:0.97 2002:0.97 2003:0.97 2004:0.97 2005:0.97 2006:0.97 2007:0.97 2008:0.97 2009:0.97 2010:0.97 2011:0.97 2012:0.97 2013:0.97 2014:0.97 2015:0.97 2016:0.97 2017:0.97 2018:0.97 2019:0.97 2020:0.97 2021:0.97 2022:0.97 2023:0.97 2024:0.97 2025:0.97
pbp,lateral_reception,healthy,2025,0.969,,,1999:0.96 2000:0.96 2001:0.97 2002:0.97 2003:0.97 2004:0.97 2005:0.97 2006:0.97 2007:0.97 2008:0.97 2009:0.97 2010:0.97 2011:0.97 2012:0.97 2013:0.97 2014:0.97 2015:0.97 2016:0.97 2017:0.97 2018:0.97 2019:0.97 2020:0.97 2021:0.97 2022:0.97 2023:0.97 2024:0.97 2025:0.97
pbp,lateral_rush,healthy,2025,0.969,,,1999:0.96 2000:0.96 2001:0.97 2002:0.97 2003:0.97 2004:0.97 2005:0.97 2006:0.97 2007:0.97 2008:0.97 2009:0.97 2010:0.97 2011:0.97 2012:0.97 2013:0.97 2014:0.97 2015:0.97 2016:0.97 2017:0.97 2018:0.97 2019:0.97 2020:0.97 2021:0.97 2022:0.97 2023:0.97 2024:0.97 2025:0.97
pbp,lateral_return,healthy,2025,0.969,,,1999:0.96 2000:0.96 2001:0.97 2002:0.97 2003:0.97 2004:0.97 2005:0.97 2006:0.97 2007:0.97 2008:0.97 2009:0.97 2010:0.97 2011:0.97 2012:0.97 2013:0.97 2014:0.97 2015:0.97 2016:0.97 2017:0.97 2018:0.97 2019:0.97 2020:0.97 2021:0.97 2022:0.97 2023:0.97 2024:0.97 2025:0.97
pbp,lateral_recovery,healthy,2025,0.969,,,1999:0.96 2000:0.96 2001:0.97 2002:0.97 2003:0.97 2004:0.97 2005:0.97 2006:0.97 2007:0.97 2008:0.97 2009:0.97 2010:0.97 2011:0.97 2012:0.97 2013:0.97 2014:0.97 2015:0.97 2016:0.97 2017:0.97 2018:0.97 2019:0.97 2020:0.97 2021:0.97 2022:0.97 2023:0.97 2024:0.97 2025:0.97
pbp,passer_player_id,healthy,2025,0.406,,,1999:0.41 2000:0.40 2001:0.41 2002:0.41 2003:0.39 2004:0.39 2005:0.39 2006:0.40 2007:0.41 2008:0.40 2009:0.41 2010:0.41 2011:0.41 2012:0.41 2013:0.42 2014:0.42 2015:0.42 2016:0.43 2017:0.42 2018:0.42 2019:0.42 2020:0.42 2021:0.42 2022:0.41 2023:0.42 2024:0.41 2025:0.41
pbp,passer_player_name,healthy,2025,0.406,,,1999:0.41 2000:0.40 2001:0.41 2002:0.41 2003:0.39 2004:0.39 2005:0.39 2006:0.40 2007:0.41 2008:0.40 2009:0.41 2010:0.41 2011:0.41 2012:0.41 2013:0.42 2014:0.42 2015:0.42 2016:0.43 2017:0.42 2018:0.42 2019:0.42 2020:0.42 2021:0.42 2022:0.41 2023:0.42 2024:0.41 2025:0.41
pbp,passing_yards,healthy,2025,0.241,,,1999:0.21 2000:0.22 2001:0.22 2002:0.23 2003:0.22 2004:0.22 2005:0.22 2006:0.22 2007:0.24 2008:0.23 2009:0.23 2010:0.23 2011:0.23 2012:0.24 2013:0.24 2014:0.25 2015:0.25 2016:0.25 2017:0.24 2018:0.25 2019:0.25 2020:0.26 2021:0.26 2022:0.25 2023:0.25 2024:0.25 2025:0.24
pbp,receiver_player_id,healthy,2025,0.361,,,1999:0.37 2000:0.36 2001:0.37 2002:0.37 2003:0.22 2004:0.22 2005:0.22 2006:0.22 2007:0.24 2008:0.23 2009:0.38 2010:0.38 2011:0.38 2012:0.38 2013:0.39 2014:0.39 2015:0.39 2016:0.40 2017:0.38 2018:0.38 2019:0.38 2020:0.38 2021:0.38 2022:0.37 2023:0.37 2024:0.36 2025:0.36
pbp,receiver_player_name,healthy,2025,0.361,,,1999:0.37 2000:0.36 2001:0.37 2002:0.37 2003:0.22 2004:0.22 2005:0.22 2006:0.22 2007:0.24 2008:0.23 2009:0.38 2010:0.38 2011:0.38 2012:0.38 2013:0.39 2014:0.39 2015:0.39 2016:0.40 2017:0.38 2018:0.38 2019:0.38 2020:0.38 2021:0.38 2022:0.37 2023:0.37 2024:0.36 2025:0.36
pbp,receiving_yards,healthy,2025,0.241,,,1999:0.21 2000:0.22 2001:0.22 2002:0.23 2003:0.22 2004:0.22 2005:0.22 2006:0.22 2007:0.24 2008:0.23 2009:0.23 2010:0.23 2011:0.23 2012:0.24 2013:0.24 2014:0.25 2015:0.25 2016:0.25 2017:0.24 2018:0.25 2019:0.25 2020:0.26 2021:0.26 2022:0.25 2023:0.25 2024:0.25 2025:0.24
pbp,rusher_player_id,healthy,2025,0.315,,,1999:0.31 2000:0.31 2001:0.32 2002:0.31 2003:0.32 2004:0.32 2005:0.32 2006:0.33 2007:0.32 2008:0.32 2009:0.32 2010:0.31 2011:0.31 2012:0.31 2013:0.30 2014:0.30 2015:0.29 2016:0.29 2017:0.30 2018:0.29 2019:0.30 2020:0.30 2021:0.30 2022:0.31 2023:0.31 2024:0.31 2025:0.31
pbp,rusher_player_name,healthy,2025,0.315,,,1999:0.31 2000:0.31 2001:0.32 2002:0.31 2003:0.32 2004:0.32 2005:0.32 2006:0.33 2007:0.32 2008:0.32 2009:0.32 2010:0.31 2011:0.31 2012:0.31 2013:0.30 2014:0.30 2015:0.29 2016:0.29 2017:0.30 2018:0.29 2019:0.30 2020:0.30 2021:0.30 2022:0.31 2023:0.31 2024:0.31 2025:0.31
pbp,rushing_yards,healthy,2025,0.314,,,1999:0.31 2000:0.31 2001:0.32 2002:0.31 2003:0.32 2004:0.32 2005:0.32 2006:0.33 2007:0.31 2008:0.32 2009:0.32 2010:0.31 2011:0.31 2012:0.30 2013:0.30 2014:0.30 2015:0.29 2016:0.29 2017:0.30 2018:0.29 2019:0.30 2020:0.30 2021:0.30 2022:0.31 2023:0.31 2024:0.31 2025:0.31
pbp,lateral_receiver_player_id,healthy,2025,0.0,,,1999:0.00 2000:0.00 2001:0.00 2002:0.00 2003:0.00 2004:0.00 2005:0.00 2006:0.00 2007:0.00 2008:0.00 2009:0.00 2010:0.00 2011:0.00 2012:0.00 2013:0.00 2014:0.00 2015:0.00 2016:0.00 2017:0.00 2018:0.00 2019:0.00 2020:0.00 2021:0.00 2022:0.00 2023:0.00 2024:0.00 2025:0.00
pbp,lateral_receiver_player_name,healthy,2025,0.0,,,1999:0.00 2000:0.00 2001:0.00 2002:0.00 2003:0.00 2004:0.00 2005:0.00 2006:0.00 2007:0.00 2008:0.00 2009:0.00 2010:0.00 2011:0.00 2012:0.00 2013:0.00 2014:0.00 2015:0.00 2016:0.00 2017:0.00 2018:0.00 2019:0.00 2020:0.00 2021:0.00 2022:0.00 2023:0.00 2024:0.00 2025:0.00
pbp,lateral_receiving_yards,healthy,2025,0.0,,,1999:0.00 2000:0.00 2001:0.00 2002:0.00 2003:0.00 2004:0.00 2005:0.00 2006:0.00 2007:0.00 2008:0.00 2009:0.00 2010:0.00 2011:0.00 2012:0.00 2013:0.00 2014:0.00 2015:0.00 2016:0.00 2017:0.00 2018:0.00 2019:0.00 2020:0.00 2021:0.00 2022:0.00 2023:0.00 2024:0.00 2025:0.00
pbp,lateral_rusher_player_id,healthy,2025,0.0,,,1999:0.00 2000:0.00 2001:0.00 2002:0.00 2003:0.00 2004:0.00 2005:0.00 2006:0.00 2007:0.00 2008:0.00 2009:0.00 2010:0.00 2011:0.00 2012:0.00 2013:0.00 2014:0.00 2015:0.00 2016:0.00 2017:0.00 2018:0.00 2019:0.00 2020:0.00 2021:0.00 2022:0.00 2023:0.00 2024:0.00 2025:0.00
pbp,lateral_rusher_player_name,healthy,2025,0.0,,,1999:0.00 2000:0.00 2001:0.00 2002:0.00 2003:0.00 2004:0.00 2005:0.00 2006:0.00 2007:0.00 2008:0.00 2009:0.00 2010:0.00 2011:0.00 2012:0.00 2013:0.00 2014:0.00 2015:0.00 2016:0.00 2017:0.00 2018:0.00 2019:0.00 2020:0.00 2021:0.00 2022:0.00 2023:0.00 2024:0.00 2025:0.00
pbp,lateral_rushing_yards,healthy,2025,0.0,,,1999:0.00 2000:0.00 2001:0.00 2002:0.00 2003:0.00 2004:0.00 2005:0.00 2006:0.00 2007:0.00 2008:0.00 2009:0.00 2010:0.00 2011:0.00 2012:0.00 2013:0.00 2014:0.00 2015:0.00 2016:0.00 2017:0.00 2018:0.00 2019:0.00 2020:0.00 2021:0.00 2022:0.00 2023:0.00 2024:0.00 2025:0.00
pbp,lateral_sack_player_id,born-null,2025,0.0,,,1999:0.00 2000:0.00 2001:0.00 2002:0.00 2003:0.00 2004:0.00 2005:0.00 2006:0.00 2007:0.00 2008:0.00 2009:0.00 2010:0.00 2011:0.00 2012:0.00 2013:0.00 2014:0.00 2015:0.00 2016:0.00 2017:0.00 2018:0.00 2019:0.00 2020:0.00 2021:0.00 2022:0.00 2023:0.00 2024:0.00 2025:0.00
pbp,lateral_sack_player_name,born-null,2025,0.0,,,1999:0.00 2000:0.00 2001:0.00 2002:0.00 2003:0.00 2004:0.00 2005:0.00 2006:0.00 2007:0.00 2008:0.00 2009:0.00 2010:0.00 2011:0.00 2012:0.00 2013:0.00 2014:0.00 2015:0.00 2016:0.00 2017:0.00 2018:0.00 2019:0.00 2020:0.00 2021:0.00 2022:0.00 2023:0.00 2024:0.00 2025:0.00
pbp,interception_player_id,healthy,2025,0.008,,,1999:0.01 2000:0.01 2001:0.01 2002:0.01 2003:0.01 2004:0.01 2005:0.01 2006:0.01 2007:0.01 2008:0.01 2009:0.01 2010:0.01 2011:0.01 2012:0.01 2013:0.01 2014:0.01 2015:0.01 2016:0.01 2017:0.01 2018:0.01 2019:0.01 2020:0.01 2021:0.01 2022:0.01 2023:0.01 2024:0.01 2025:0.01
pbp,interception_player_name,healthy,2025,0.008,,,1999:0.01 2000:0.01 2001:0.01 2002:0.01 2003:0.01 2004:0.01 2005:0.01 2006:0.01 2007:0.01 2008:0.01 2009:0.01 2010:0.01 2011:0.01 2012:0.01 2013:0.01 2014:0.01 2015:0.01 2016:0.01 2017:0.01 2018:0.01 2019:0.01 2020:0.01 2021:0.01 2022:0.01 2023:0.01 2024:0.01 2025:0.01
pbp,lateral_interception_player_id,healthy,2025,0.0,,,1999:0.00 2000:0.00 2001:0.00 2002:0.00 2003:0.00 2004:0.00 2005:0.00 2006:0.00 2007:0.00 2008:0.00 2009:0.00 2010:0.00 2011:0.00 2012:0.00 2013:0.00 2014:0.00 2015:0.00 2016:0.00 2017:0.00 2018:0.00 2019:0.00 2020:0.00 2021:0.00 2022:0.00 2023:0.00 2024:0.00 2025:0.00
pbp,lateral_interception_player_name,healthy,2025,0.0,,,1999:0.00 2000:0.00 2001:0.00 2002:0.00 2003:0.00 2004:0.00 2005:0.00 2006:0.00 2007:0.00 2008:0.00 2009:0.00 2010:0.00 2011:0.00 2012:0.00 2013:0.00 2014:0.00 2015:0.00 2016:0.00 2017:0.00 2018:0.00 2019:0.00 2020:0.00 2021:0.00 2022:0.00 2023:0.00 2024:0.00 2025:0.00
pbp,punt_returner_player_id,healthy,2025,0.029,,,1999:0.04 2000:0.04 2001:0.04 2002:0.04 2003:0.04 2004:0.04 2005:0.04 2006:0.04 2007:0.03 2008:0.04 2009:0.04 2010:0.04 2011:0.04 2012:0.04 2013:0.04 2014:0.04 2015:0.04 2016:0.04 2017:0.04 2018:0.03 2019:0.03 2020:0.03 2021:0.03 2022:0.03 2023:0.03 2024:0.03 2025:0.03
pbp,punt_returner_player_name,healthy,2025,0.029,,,1999:0.04 2000:0.04 2001:0.04 2002:0.04 2003:0.04 2004:0.04 2005:0.04 2006:0.04 2007:0.03 2008:0.04 2009:0.04 2010:0.04 2011:0.04 2012:0.04 2013:0.04 2014:0.04 2015:0.04 2016:0.04 2017:0.04 2018:0.03 2019:0.03 2020:0.03 2021:0.03 2022:0.03 2023:0.03 2024:0.03 2025:0.03
pbp,lateral_punt_returner_player_id,healthy,2025,0.0,,,1999:0.00 2000:0.00 2001:0.00 2002:0.00 2003:0.00 2004:0.00 2005:0.00 2006:0.00 2007:0.00 2008:0.00 2009:0.00 2010:0.00 2011:0.00 2012:0.00 2013:0.00 2014:0.00 2015:0.00 2016:0.00 2017:0.00 2018:0.00 2019:0.00 2020:0.00 2021:0.00 2022:0.00 2023:0.00 2024:0.00 2025:0.00
pbp,lateral_punt_returner_player_name,healthy,2025,0.0,,,1999:0.00 2000:0.00 2001:0.00 2002:0.00 2003:0.00 2004:0.00 2005:0.00 2006:0.00 2007:0.00 2008:0.00 2009:0.00 2010:0.00 2011:0.00 2012:0.00 2013:0.00 2014:0.00 2015:0.00 2016:0.00 2017:0.00 2018:0.00 2019:0.00 2020:0.00 2021:0.00 2022:0.00 2023:0.00 2024:0.00 2025:0.00
pbp,kickoff_returner_player_name,healthy,2025,0.045,,,1999:0.05 2000:0.05 2001:0.05 2002:0.05 2003:0.05 2004:0.05 2005:0.05 2006:0.05 2007:0.05 2008:0.05 2009:0.05 2010:0.05 2011:0.03 2012:0.03 2013:0.03 2014:0.03 2015:0.02 2016:0.02 2017:0.02 2018:0.02 2019:0.02 2020:0.02 2021:0.02 2022:0.02 2023:0.01 2024:0.02 2025:0.04
pbp,kickoff_returner_player_id,healthy,2025,0.045,,,1999:0.05 2000:0.05 2001:0.05 2002:0.05 2003:0.05 2004:0.05 2005:0.05 2006:0.05 2007:0.05 2008:0.05 2009:0.05 2010:0.05 2011:0.03 2012:0.03 2013:0.03 2014:0.03 2015:0.02 2016:0.02 2017:0.02 2018:0.02 2019:0.02 2020:0.02 2021:0.02 2022:0.02 2023:0.01 2024:0.02 2025:0.04
pbp,lateral_kickoff_returner_player_id,healthy,2025,0.0,,,1999:0.00 2000:0.00 2001:0.00 2002:0.00 2003:0.00 2004:0.00 2005:0.00 2006:0.00 2007:0.00 2008:0.00 2009:0.00 2010:0.00 2011:0.00 2012:0.00 2013:0.00 2014:0.00 2015:0.00 2016:0.00 2017:0.00 2018:0.00 2019:0.00 2020:0.00 2021:0.00 2022:0.00 2023:0.00 2024:0.00 2025:0.00
pbp,lateral_kickoff_returner_player_name,healthy,2025,0.0,,,1999:0.00 2000:0.00 2001:0.00 2002:0.00 2003:0.00 2004:0.00 2005:0.00 2006:0.00 2007:0.00 2008:0.00 2009:0.00 2010:0.00 2011:0.00 2012:0.00 2013:0.00 2014:0.00 2015:0.00 2016:0.00 2017:0.00 2018:0.00 2019:0.00 2020:0.00 2021:0.00 2022:0.00 2023:0.00 2024:0.00 2025:0.00
pbp,punter_player_id,healthy,2025,0.042,,,1999:0.06 2000:0.06 2001:0.06 2002:0.05 2003:0.06 2004:0.06 2005:0.06 2006:0.06 2007:0.05 2008:0.05 2009:0.05 2010:0.05 2011:0.05 2012:0.05 2013:0.05 2014:0.05 2015:0.05 2016:0.05 2017:0.05 2018:0.05 2019:0.05 2020:0.04 2021:0.04 2022:0.05 2023:0.05 2024:0.04 2025:0.04
pbp,punter_player_name,healthy,2025,0.042,,,1999:0.06 2000:0.06 2001:0.06 2002:0.05 2003:0.06 2004:0.06 2005:0.06 2006:0.06 2007:0.05 2008:0.05 2009:0.05 2010:0.05 2011:0.05 2012:0.05 2013:0.05 2014:0.05 2015:0.05 2016:0.05 2017:0.05 2018:0.05 2019:0.05 2020:0.04 2021:0.04 2022:0.05 2023:0.05 2024:0.04 2025:0.04
pbp,kicker_player_name,healthy,2025,0.11,,,1999:0.10 2000:0.10 2001:0.10 2002:0.10 2003:0.10 2004:0.10 2005:0.10 2006:0.10 2007:0.10 2008:0.11 2009:0.10 2010:0.10 2011:0.11 2012:0.11 2013:0.11 2014:0.11 2015:0.10 2016:0.11 2017:0.10 2018:0.11 2019:0.11 2020:0.11 2021:0.11 2022:0.11 2023:0.10 2024:0.11 2025:0.11
pbp,kicker_player_id,healthy,2025,0.11,,,1999:0.10 2000:0.10 2001:0.10 2002:0.10 2003:0.10 2004:0.10 2005:0.10 2006:0.10 2007:0.10 2008:0.11 2009:0.10 2010:0.10 2011:0.11 2012:0.11 2013:0.11 2014:0.11 2015:0.10 2016:0.11 2017:0.10 2018:0.11 2019:0.11 2020:0.11 2021:0.11 2022:0.11 2023:0.10 2024:0.11 2025:0.11
pbp,own_kickoff_recovery_player_id,healthy,2025,0.0,,,1999:0.00 2000:0.00 2001:0.00 2002:0.00 2003:0.00 2004:0.00 2005:0.00 2006:0.00 2007:0.00 2008:0.00 2009:0.00 2010:0.00 2011:0.00 2012:0.00 2013:0.00 2014:0.00 2015:0.00 2016:0.00 2017:0.00 2018:0.00 2019:0.00 2020:0.00 2021:0.00 2022:0.00 2023:0.00 2024:0.00 2025:0.00
pbp,own_kickoff_recovery_player_name,healthy,2025,0.0,,,1999:0.00 2000:0.00 2001:0.00 2002:0.00 2003:0.00 2004:0.00 2005:0.00 2006:0.00 2007:0.00 2008:0.00 2009:0.00 2010:0.00 2011:0.00 2012:0.00 2013:0.00 2014:0.00 2015:0.00 2016:0.00 2017:0.00 2018:0.00 2019:0.00 2020:0.00 2021:0.00 2022:0.00 2023:0.00 2024:0.00 2025:0.00
pbp,blocked_player_id,healthy,2025,0.001,,,1999:0.00 2000:0.00 2001:0.00 2002:0.00 2003:0.00 2004:0.00 2005:0.00 2006:0.00 2007:0.00 2008:0.00 2009:0.00 2010:0.00 2011:0.00 2012:0.00 2013:0.00 2014:0.00 2015:0.00 2016:0.00 2017:0.00 2018:0.00 2019:0.00 2020:0.00 2021:0.00 2022:0.00 2023:0.00 2024:0.00 2025:0.00
pbp,blocked_player_name,healthy,2025,0.001,,,1999:0.00 2000:0.00 2001:0.00 2002:0.00 2003:0.00 2004:0.00 2005:0.00 2006:0.00 2007:0.00 2008:0.00 2009:0.00 2010:0.00 2011:0.00 2012:0.00 2013:0.00 2014:0.00 2015:0.00 2016:0.00 2017:0.00 2018:0.00 2019:0.00 2020:0.00 2021:0.00 2022:0.00 2023:0.00 2024:0.00 2025:0.00
pbp,tackle_for_loss_1_player_id,healthy,2025,0.056,,,1999:0.06 2000:0.06 2001:0.06 2002:0.05 2003:0.00 2004:0.00 2005:0.00 2006:0.00 2007:0.00 2008:0.05 2009:0.05 2010:0.05 2011:0.05 2012:0.05 2013:0.05 2014:0.05 2015:0.05 2016:0.05 2017:0.06 2018:0.05 2019:0.05 2020:0.05 2021:0.05 2022:0.05 2023:0.06 2024:0.06 2025:0.06
pbp,tackle_for_loss_1_player_name,healthy,2025,0.056,,,1999:0.06 2000:0.06 2001:0.06 2002:0.05 2003:0.00 2004:0.00 2005:0.00 2006:0.00 2007:0.00 2008:0.05 2009:0.05 2010:0.05 2011:0.05 2012:0.05 2013:0.05 2014:0.05 2015:0.05 2016:0.05 2017:0.06 2018:0.05 2019:0.05 2020:0.05 2021:0.05 2022:0.05 2023:0.06 2024:0.06 2025:0.06
pbp,tackle_for_loss_2_player_id,healthy,2025,0.0,,,1999:0.00 2000:0.00 2001:0.00 2002:0.00 2003:0.00 2004:0.00 2005:0.00 2006:0.00 2007:0.00 2008:0.00 2009:0.00 2010:0.00 2011:0.00 2012:0.00 2013:0.00 2014:0.00 2015:0.00 2016:0.00 2017:0.00 2018:0.00 2019:0.00 2020:0.00 2021:0.00 2022:0.00 2023:0.00 2024:0.00 2025:0.00
pbp,tackle_for_loss_2_player_name,healthy,2025,0.0,,,1999:0.00 2000:0.00 2001:0.00 2002:0.00 2003:0.00 2004:0.00 2005:0.00 2006:0.00 2007:0.00 2008:0.00 2009:0.00 2010:0.00 2011:0.00 2012:0.00 2013:0.00 2014:0.00 2015:0.00 2016:0.00 2017:0.00 2018:0.00 2019:0.00 2020:0.00 2021:0.00 2022:0.00 2023:0.00 2024:0.00 2025:0.00
pbp,qb_hit_1_player_id,healthy,2025,0.062,,,1999:0.02 2000:0.02 2001:0.02 2002:0.02 2003:0.00 2004:0.00 2005:0.00 2006:0.05 2007:0.04 2008:0.04 2009:0.05 2010:0.05 2011:0.05 2012:0.05 2013:0.06 2014:0.06 2015:0.06 2016:0.06 2017:0.06 2018:0.06 2019:0.06 2020:0.06 2021:0.06 2022:0.06 2023:0.06 2024:0.06 2025:0.06
pbp,qb_hit_1_player_name,healthy,2025,0.062,,,1999:0.02 2000:0.02 2001:0.02 2002:0.02 2003:0.00 2004:0.00 2005:0.00 2006:0.05 2007:0.04 2008:0.04 2009:0.05 2010:0.05 2011:0.05 2012:0.05 2013:0.06 2014:0.06 2015:0.06 2016:0.06 2017:0.06 2018:0.06 2019:0.06 2020:0.06 2021:0.06 2022:0.06 2023:0.06 2024:0.06 2025:0.06
pbp,qb_hit_2_player_id,healthy,2025,0.003,,,1999:0.00 2000:0.00 2001:0.00 2002:0.00 2003:0.00 2004:0.00 2005:0.00 2006:0.00 2007:0.00 2008:0.00 2009:0.00 2010:0.00 2011:0.00 2012:0.00 2013:0.00 2014:0.00 2015:0.00 2016:0.00 2017:0.00 2018:0.00 2019:0.00 2020:0.00 2021:0.00 2022:0.00 2023:0.00 2024:0.00 2025:0.00
pbp,qb_hit_2_player_name,healthy,2025,0.003,,,1999:0.00 2000:0.00 2001:0.00 2002:0.00 2003:0.00 2004:0.00 2005:0.00 2006:0.00 2007:0.00 2008:0.00 2009:0.00 2010:0.00 2011:0.00 2012:0.00 2013:0.00 2014:0.00 2015:0.00 2016:0.00 2017:0.00 2018:0.00 2019:0.00 2020:0.00 2021:0.00 2022:0.00 2023:0.00 2024:0.00 2025:0.00
pbp,forced_fumble_player_1_team,healthy,2025,0.008,,,1999:0.01 2000:0.01 2001:0.01 2002:0.01 2003:0.01 2004:0.01 2005:0.01 2006:0.01 2007:0.01 2008:0.01 2009:0.01 2010:0.01 2011:0.01 2012:0.01 2013:0.01 2014:0.01 2015:0.01 2016:0.01 2017:0.01 2018:0.01 2019:0.01 2020:0.01 2021:0.01 2022:0.01 2023:0.01 2024:0.01 2025:0.01
pbp,forced_fumble_player_1_player_id,healthy,2025,0.008,,,1999:0.01 2000:0.01 2001:0.01 2002:0.01 2003:0.01 2004:0.01 2005:0.01 2006:0.01 2007:0.01 2008:0.01 2009:0.01 2010:0.01 2011:0.01 2012:0.01 2013:0.01 2014:0.01 2015:0.01 2016:0.01 2017:0.01 2018:0.01 2019:0.01 2020:0.01 2021:0.01 2022:0.01 2023:0.01 2024:0.01 2025:0.01
pbp,forced_fumble_player_1_player_name,healthy,2025,0.008,,,1999:0.01 2000:0.01 2001:0.01 2002:0.01 2003:0.01 2004:0.01 2005:0.01 2006:0.01 2007:0.01 2008:0.01 2009:0.01 2010:0.01 2011:0.01 2012:0.01 2013:0.01 2014:0.01 2015:0.01 2016:0.01 2017:0.01 2018:0.01 2019:0.01 2020:0.01 2021:0.01 2022:0.01 2023:0.01 2024:0.01 2025:0.01
pbp,forced_fumble_player_2_team,healthy,2025,0.0,,,1999:0.00 2000:0.00 2001:0.00 2002:0.00 2003:0.00 2004:0.00 2005:0.00 2006:0.00 2007:0.00 2008:0.00 2009:0.00 2010:0.00 2011:0.00 2012:0.00 2013:0.00 2014:0.00 2015:0.00 2016:0.00 2017:0.00 2018:0.00 2019:0.00 2020:0.00 2021:0.00 2022:0.00 2023:0.00 2024:0.00 2025:0.00
pbp,forced_fumble_player_2_player_id,healthy,2025,0.0,,,1999:0.00 2000:0.00 2001:0.00 2002:0.00 2003:0.00 2004:0.00 2005:0.00 2006:0.00 2007:0.00 2008:0.00 2009:0.00 2010:0.00 2011:0.00 2012:0.00 2013:0.00 2014:0.00 2015:0.00 2016:0.00 2017:0.00 2018:0.00 2019:0.00 2020:0.00 2021:0.00 2022:0.00 2023:0.00 2024:0.00 2025:0.00
pbp,forced_fumble_player_2_player_name,healthy,2025,0.0,,,1999:0.00 2000:0.00 2001:0.00 2002:0.00 2003:0.00 2004:0.00 2005:0.00 2006:0.00 2007:0.00 2008:0.00 2009:0.00 2010:0.00 2011:0.00 2012:0.00 2013:0.00 2014:0.00 2015:0.00 2016:0.00 2017:0.00 2018:0.00 2019:0.00 2020:0.00 2021:0.00 2022:0.00 2023:0.00 2024:0.00 2025:0.00
pbp,solo_tackle_1_team,healthy,2025,0.423,,,1999:0.46 2000:0.46 2001:0.47 2002:0.47 2003:0.47 2004:0.46 2005:0.47 2006:0.46 2007:0.48 2008:0.47 2009:0.47 2010:0.47 2011:0.47 2012:0.47 2013:0.46 2014:0.46 2015:0.46 2016:0.46 2017:0.46 2018:0.45 2019:0.45 2020:0.45 2021:0.42 2022:0.42 2023:0.41 2024:0.41 2025:0.42
pbp,solo_tackle_2_team,healthy,2025,0.001,,,1999:0.00 2000:0.01 2001:0.01 2002:0.01 2003:0.01 2004:0.01 2005:0.01 2006:0.01 2007:0.01 2008:0.01 2009:0.01 2010:0.01 2011:0.01 2012:0.01 2013:0.01 2014:0.01 2015:0.01 2016:0.01 2017:0.01 2018:0.01 2019:0.01 2020:0.00 2021:0.00 2022:0.00 2023:0.00 2024:0.00 2025:0.00
pbp,solo_tackle_1_player_id,healthy,2025,0.423,,,1999:0.46 2000:0.46 2001:0.47 2002:0.47 2003:0.47 2004:0.46 2005:0.47 2006:0.46 2007:0.48 2008:0.47 2009:0.47 2010:0.47 2011:0.47 2012:0.47 2013:0.46 2014:0.46 2015:0.46 2016:0.46 2017:0.46 2018:0.45 2019:0.45 2020:0.45 2021:0.42 2022:0.42 2023:0.41 2024:0.41 2025:0.42
pbp,solo_tackle_2_player_id,healthy,2025,0.001,,,1999:0.00 2000:0.01 2001:0.01 2002:0.01 2003:0.01 2004:0.01 2005:0.01 2006:0.01 2007:0.01 2008:0.01 2009:0.01 2010:0.01 2011:0.01 2012:0.01 2013:0.01 2014:0.01 2015:0.01 2016:0.01 2017:0.01 2018:0.01 2019:0.01 2020:0.00 2021:0.00 2022:0.00 2023:0.00 2024:0.00 2025:0.00
pbp,solo_tackle_1_player_name,healthy,2025,0.423,,,1999:0.46 2000:0.46 2001:0.47 2002:0.47 2003:0.47 2004:0.46 2005:0.47 2006:0.46 2007:0.48 2008:0.47 2009:0.47 2010:0.47 2011:0.47 2012:0.47 2013:0.46 2014:0.46 2015:0.46 2016:0.46 2017:0.46 2018:0.45 2019:0.45 2020:0.45 2021:0.42 2022:0.42 2023:0.41 2024:0.41 2025:0.42
pbp,solo_tackle_2_player_name,healthy,2025,0.001,,,1999:0.00 2000:0.01 2001:0.01 2002:0.01 2003:0.01 2004:0.01 2005:0.01 2006:0.01 2007:0.01 2008:0.01 2009:0.01 2010:0.01 2011:0.01 2012:0.01 2013:0.01 2014:0.01 2015:0.01 2016:0.01 2017:0.01 2018:0.01 2019:0.01 2020:0.00 2021:0.00 2022:0.00 2023:0.00 2024:0.00 2025:0.00
pbp,assist_tackle_1_player_id,healthy,2025,0.182,,,1999:0.13 2000:0.13 2001:0.14 2002:0.13 2003:0.14 2004:0.14 2005:0.14 2006:0.15 2007:0.13 2008:0.14 2009:0.14 2010:0.14 2011:0.12 2012:0.12 2013:0.12 2014:0.12 2015:0.11 2016:0.12 2017:0.12 2018:0.12 2019:0.13 2020:0.14 2021:0.17 2022:0.17 2023:0.17 2024:0.18 2025:0.18
pbp,assist_tackle_1_player_name,healthy,2025,0.182,,,1999:0.13 2000:0.13 2001:0.14 2002:0.13 2003:0.14 2004:0.14 2005:0.14 2006:0.15 2007:0.13 2008:0.14 2009:0.14 2010:0.14 2011:0.12 2012:0.12 2013:0.12 2014:0.12 2015:0.11 2016:0.12 2017:0.12 2018:0.12 2019:0.13 2020:0.14 2021:0.17 2022:0.17 2023:0.17 2024:0.18 2025:0.18
pbp,assist_tackle_1_team,healthy,2025,0.182,,,1999:0.13 2000:0.13 2001:0.14 2002:0.13 2003:0.14 2004:0.14 2005:0.14 2006:0.15 2007:0.13 2008:0.14 2009:0.14 2010:0.14 2011:0.12 2012:0.12 2013:0.12 2014:0.12 2015:0.11 2016:0.12 2017:0.12 2018:0.12 2019:0.13 2020:0.14 2021:0.17 2022:0.17 2023:0.17 2024:0.18 2025:0.18
pbp,assist_tackle_2_player_id,healthy,2025,0.168,,,1999:0.03 2000:0.03 2001:0.03 2002:0.03 2003:0.02 2004:0.03 2005:0.03 2006:0.03 2007:0.03 2008:0.03 2009:0.02 2010:0.03 2011:0.07 2012:0.07 2013:0.07 2014:0.08 2015:0.08 2016:0.08 2017:0.08 2018:0.08 2019:0.09 2020:0.10 2021:0.10 2022:0.10 2023:0.10 2024:0.12 2025:0.17
pbp,assist_tackle_2_player_name,healthy,2025,0.168,,,1999:0.03 2000:0.03 2001:0.03 2002:0.03 2003:0.02 2004:0.03 2005:0.03 2006:0.03 2007:0.03 2008:0.03 2009:0.02 2010:0.03 2011:0.07 2012:0.07 2013:0.07 2014:0.08 2015:0.08 2016:0.08 2017:0.08 2018:0.08 2019:0.09 2020:0.10 2021:0.10 2022:0.10 2023:0.10 2024:0.12 2025:0.17
pbp,assist_tackle_2_team,healthy,2025,0.168,,,1999:0.03 2000:0.03 2001:0.03 2002:0.03 2003:0.02 2004:0.03 2005:0.03 2006:0.03 2007:0.03 2008:0.03 2009:0.02 2010:0.03 2011:0.07 2012:0.07 2013:0.07 2014:0.08 2015:0.08 2016:0.08 2017:0.08 2018:0.08 2019:0.09 2020:0.10 2021:0.10 2022:0.10 2023:0.10 2024:0.12 2025:0.17
pbp,assist_tackle_3_player_id,healthy,2025,0.0,,,1999:0.00 2000:0.00 2001:0.00 2002:0.00 2003:0.00 2004:0.00 2005:0.00 2006:0.00 2007:0.00 2008:0.00 2009:0.00 2010:0.00 2011:0.00 2012:0.00 2013:0.00 2014:0.00 2015:0.00 2016:0.00 2017:0.00 2018:0.00 2019:0.00 2020:0.00 2021:0.00 2022:0.00 2023:0.00 2024:0.00 2025:0.00
pbp,assist_tackle_3_player_name,healthy,2025,0.0,,,1999:0.00 2000:0.00 2001:0.00 2002:0.00 2003:0.00 2004:0.00 2005:0.00 2006:0.00 2007:0.00 2008:0.00 2009:0.00 2010:0.00 2011:0.00 2012:0.00 2013:0.00 2014:0.00 2015:0.00 2016:0.00 2017:0.00 2018:0.00 2019:0.00 2020:0.00 2021:0.00 2022:0.00 2023:0.00 2024:0.00 2025:0.00
pbp,assist_tackle_3_team,healthy,2025,0.0,,,1999:0.00 2000:0.00 2001:0.00 2002:0.00 2003:0.00 2004:0.00 2005:0.00 2006:0.00 2007:0.00 2008:0.00 2009:0.00 2010:0.00 2011:0.00 2012:0.00 2013:0.00 2014:0.00 2015:0.00 2016:0.00 2017:0.00 2018:0.00 2019:0.00 2020:0.00 2021:0.00 2022:0.00 2023:0.00 2024:0.00 2025:0.00
pbp,assist_tackle_4_player_id,healthy,2025,0.0,,,1999:0.00 2000:0.00 2001:0.00 2002:0.00 2003:0.00 2004:0.00 2005:0.00 2006:0.00 2007:0.00 2008:0.00 2009:0.00 2010:0.00 2011:0.00 2012:0.00 2013:0.00 2014:0.00 2015:0.00 2016:0.00 2017:0.00 2018:0.00 2019:0.00 2020:0.00 2021:0.00 2022:0.00 2023:0.00 2024:0.00 2025:0.00
pbp,assist_tackle_4_player_name,healthy,2025,0.0,,,1999:0.00 2000:0.00 2001:0.00 2002:0.00 2003:0.00 2004:0.00 2005:0.00 2006:0.00 2007:0.00 2008:0.00 2009:0.00 2010:0.00 2011:0.00 2012:0.00 2013:0.00 2014:0.00 2015:0.00 2016:0.00 2017:0.00 2018:0.00 2019:0.00 2020:0.00 2021:0.00 2022:0.00 2023:0.00 2024:0.00 2025:0.00
pbp,assist_tackle_4_team,healthy,2025,0.0,,,1999:0.00 2000:0.00 2001:0.00 2002:0.00 2003:0.00 2004:0.00 2005:0.00 2006:0.00 2007:0.00 2008:0.00 2009:0.00 2010:0.00 2011:0.00 2012:0.00 2013:0.00 2014:0.00 2015:0.00 2016:0.00 2017:0.00 2018:0.00 2019:0.00 2020:0.00 2021:0.00 2022:0.00 2023:0.00 2024:0.00 2025:0.00
pbp,tackle_with_assist,healthy,2025,0.969,,,1999:0.96 2000:0.96 2001:0.97 2002:0.97 2003:0.97 2004:0.97 2005:0.97 2006:0.97 2007:0.97 2008:0.97 2009:0.97 2010:0.97 2011:0.97 2012:0.97 2013:0.97 2014:0.97 2015:0.97 2016:0.97 2017:0.97 2018:0.97 2019:0.97 2020:0.97 2021:0.97 2022:0.97 2023:0.97 2024:0.97 2025:0.97
pbp,tackle_with_assist_1_player_id,degraded,2025,0.014,2025,,1999:0.10 2000:0.10 2001:0.11 2002:0.11 2003:0.11 2004:0.11 2005:0.11 2006:0.12 2007:0.10 2008:0.11 2009:0.11 2010:0.10 2011:0.05 2012:0.04 2013:0.04 2014:0.04 2015:0.04 2016:0.04 2017:0.04 2018:0.05 2019:0.04 2020:0.03 2021:0.06 2022:0.07 2023:0.08 2024:0.05 2025:0.01
pbp,tackle_with_assist_1_player_name,degraded,2025,0.014,2025,,1999:0.10 2000:0.10 2001:0.11 2002:0.11 2003:0.11 2004:0.11 2005:0.11 2006:0.12 2007:0.10 2008:0.11 2009:0.11 2010:0.10 2011:0.05 2012:0.04 2013:0.04 2014:0.04 2015:0.04 2016:0.04 2017:0.04 2018:0.05 2019:0.04 2020:0.03 2021:0.06 2022:0.07 2023:0.08 2024:0.05 2025:0.01
pbp,tackle_with_assist_1_team,degraded,2025,0.014,2025,,1999:0.10 2000:0.10 2001:0.11 2002:0.11 2003:0.11 2004:0.11 2005:0.11 2006:0.12 2007:0.10 2008:0.11 2009:0.11 2010:0.10 2011:0.05 2012:0.04 2013:0.04 2014:0.04 2015:0.04 2016:0.04 2017:0.04 2018:0.05 2019:0.04 2020:0.03 2021:0.06 2022:0.07 2023:0.08 2024:0.05 2025:0.01
pbp,tackle_with_assist_2_player_id,healthy,2025,0.0,,,1999:0.00 2000:0.00 2001:0.00 2002:0.00 2003:0.00 2004:0.00 2005:0.00 2006:0.00 2007:0.00 2008:0.00 2009:0.00 2010:0.00 2011:0.00 2012:0.00 2013:0.00 2014:0.00 2015:0.00 2016:0.00 2017:0.00 2018:0.00 2019:0.00 2020:0.00 2021:0.00 2022:0.00 2023:0.00 2024:0.00 2025:0.00
pbp,tackle_with_assist_2_player_name,healthy,2025,0.0,,,1999:0.00 2000:0.00 2001:0.00 2002:0.00 2003:0.00 2004:0.00 2005:0.00 2006:0.00 2007:0.00 2008:0.00 2009:0.00 2010:0.00 2011:0.00 2012:0.00 2013:0.00 2014:0.00 2015:0.00 2016:0.00 2017:0.00 2018:0.00 2019:0.00 2020:0.00 2021:0.00 2022:0.00 2023:0.00 2024:0.00 2025:0.00
pbp,tackle_with_assist_2_team,healthy,2025,0.0,,,1999:0.00 2000:0.00 2001:0.00 2002:0.00 2003:0.00 2004:0.00 2005:0.00 2006:0.00 2007:0.00 2008:0.00 2009:0.00 2010:0.00 2011:0.00 2012:0.00 2013:0.00 2014:0.00 2015:0.00 2016:0.00 2017:0.00 2018:0.00 2019:0.00 2020:0.00 2021:0.00 2022:0.00 2023:0.00 2024:0.00 2025:0.00
pbp,pass_defense_1_player_id,healthy,2025,0.049,,,1999:0.06 2000:0.05 2001:0.06 2002:0.06 2003:0.06 2004:0.06 2005:0.06 2006:0.06 2007:0.05 2008:0.05 2009:0.05 2010:0.05 2011:0.05 2012:0.05 2013:0.05 2014:0.05 2015:0.05 2016:0.05 2017:0.05 2018:0.05 2019:0.05 2020:0.05 2021:0.05 2022:0.05 2023:0.05 2024:0.05 2025:0.05
pbp,pass_defense_1_player_name,healthy,2025,0.049,,,1999:0.06 2000:0.05 2001:0.06 2002:0.06 2003:0.06 2004:0.06 2005:0.06 2006:0.06 2007:0.05 2008:0.05 2009:0.05 2010:0.05 2011:0.05 2012:0.05 2013:0.05 2014:0.05 2015:0.05 2016:0.05 2017:0.05 2018:0.05 2019:0.05 2020:0.05 2021:0.05 2022:0.05 2023:0.05 2024:0.05 2025:0.05
pbp,pass_defense_2_player_id,healthy,2025,0.002,,,1999:0.00 2000:0.00 2001:0.00 2002:0.00 2003:0.00 2004:0.00 2005:0.00 2006:0.00 2007:0.00 2008:0.00 2009:0.00 2010:0.00 2011:0.00 2012:0.00 2013:0.00 2014:0.00 2015:0.00 2016:0.00 2017:0.00 2018:0.00 2019:0.00 2020:0.00 2021:0.00 2022:0.00 2023:0.00 2024:0.00 2025:0.00
pbp,pass_defense_2_player_name,healthy,2025,0.002,,,1999:0.00 2000:0.00 2001:0.00 2002:0.00 2003:0.00 2004:0.00 2005:0.00 2006:0.00 2007:0.00 2008:0.00 2009:0.00 2010:0.00 2011:0.00 2012:0.00 2013:0.00 2014:0.00 2015:0.00 2016:0.00 2017:0.00 2018:0.00 2019:0.00 2020:0.00 2021:0.00 2022:0.00 2023:0.00 2024:0.00 2025:0.00
pbp,fumbled_1_team,healthy,2025,0.012,,,1999:0.02 2000:0.02 2001:0.02 2002:0.02 2003:0.02 2004:0.02 2005:0.02 2006:0.02 2007:0.02 2008:0.02 2009:0.02 2010:0.02 2011:0.01 2012:0.01 2013:0.01 2014:0.01 2015:0.01 2016:0.01 2017:0.01 2018:0.01 2019:0.01 2020:0.01 2021:0.01 2022:0.01 2023:0.01 2024:0.01 2025:0.01
pbp,fumbled_1_player_id,healthy,2025,0.012,,,1999:0.02 2000:0.02 2001:0.02 2002:0.02 2003:0.02 2004:0.02 2005:0.02 2006:0.02 2007:0.02 2008:0.02 2009:0.02 2010:0.02 2011:0.01 2012:0.01 2013:0.01 2014:0.01 2015:0.01 2016:0.01 2017:0.01 2018:0.01 2019:0.01 2020:0.01 2021:0.01 2022:0.01 2023:0.01 2024:0.01 2025:0.01
pbp,fumbled_1_player_name,healthy,2025,0.012,,,1999:0.02 2000:0.02 2001:0.02 2002:0.02 2003:0.02 2004:0.02 2005:0.02 2006:0.02 2007:0.02 2008:0.02 2009:0.02 2010:0.02 2011:0.01 2012:0.01 2013:0.01 2014:0.01 2015:0.01 2016:0.01 2017:0.01 2018:0.01 2019:0.01 2020:0.01 2021:0.01 2022:0.01 2023:0.01 2024:0.01 2025:0.01
pbp,fumbled_2_player_id,healthy,2025,0.0,,,1999:0.00 2000:0.00 2001:0.00 2002:0.00 2003:0.00 2004:0.00 2005:0.00 2006:0.00 2007:0.00 2008:0.00 2009:0.00 2010:0.00 2011:0.00 2012:0.00 2013:0.00 2014:0.00 2015:0.00 2016:0.00 2017:0.00 2018:0.00 2019:0.00 2020:0.00 2021:0.00 2022:0.00 2023:0.00 2024:0.00 2025:0.00
pbp,fumbled_2_player_name,healthy,2025,0.0,,,1999:0.00 2000:0.00 2001:0.00 2002:0.00 2003:0.00 2004:0.00 2005:0.00 2006:0.00 2007:0.00 2008:0.00 2009:0.00 2010:0.00 2011:0.00 2012:0.00 2013:0.00 2014:0.00 2015:0.00 2016:0.00 2017:0.00 2018:0.00 2019:0.00 2020:0.00 2021:0.00 2022:0.00 2023:0.00 2024:0.00 2025:0.00
pbp,fumbled_2_team,healthy,2025,0.0,,,1999:0.00 2000:0.00 2001:0.00 2002:0.00 2003:0.00 2004:0.00 2005:0.00 2006:0.00 2007:0.00 2008:0.00 2009:0.00 2010:0.00 2011:0.00 2012:0.00 2013:0.00 2014:0.00 2015:0.00 2016:0.00 2017:0.00 2018:0.00 2019:0.00 2020:0.00 2021:0.00 2022:0.00 2023:0.00 2024:0.00 2025:0.00
pbp,fumble_recovery_1_team,healthy,2025,0.011,,,1999:0.02 2000:0.02 2001:0.02 2002:0.02 2003:0.02 2004:0.02 2005:0.02 2006:0.02 2007:0.02 2008:0.01 2009:0.02 2010:0.02 2011:0.01 2012:0.01 2013:0.01 2014:0.01 2015:0.01 2016:0.01 2017:0.01 2018:0.01 2019:0.01 2020:0.01 2021:0.01 2022:0.01 2023:0.01 2024:0.01 2025:0.01
pbp,fumble_recovery_1_yards,healthy,2025,0.011,,,1999:0.02 2000:0.02 2001:0.02 2002:0.02 2003:0.02 2004:0.02 2005:0.02 2006:0.02 2007:0.02 2008:0.01 2009:0.02 2010:0.02 2011:0.01 2012:0.01 2013:0.01 2014:0.01 2015:0.01 2016:0.01 2017:0.01 2018:0.01 2019:0.01 2020:0.01 2021:0.01 2022:0.01 2023:0.01 2024:0.01 2025:0.01
pbp,fumble_recovery_1_player_id,healthy,2025,0.011,,,1999:0.02 2000:0.02 2001:0.02 2002:0.02 2003:0.02 2004:0.02 2005:0.02 2006:0.02 2007:0.02 2008:0.01 2009:0.02 2010:0.02 2011:0.01 2012:0.01 2013:0.01 2014:0.01 2015:0.01 2016:0.01 2017:0.01 2018:0.01 2019:0.01 2020:0.01 2021:0.01 2022:0.01 2023:0.01 2024:0.01 2025:0.01
pbp,fumble_recovery_1_player_name,healthy,2025,0.011,,,1999:0.02 2000:0.02 2001:0.02 2002:0.02 2003:0.02 2004:0.02 2005:0.02 2006:0.02 2007:0.02 2008:0.01 2009:0.02 2010:0.02 2011:0.01 2012:0.01 2013:0.01 2014:0.01 2015:0.01 2016:0.01 2017:0.01 2018:0.01 2019:0.01 2020:0.01 2021:0.01 2022:0.01 2023:0.01 2024:0.01 2025:0.01
pbp,fumble_recovery_2_team,healthy,2025,0.0,,,1999:0.00 2000:0.00 2001:0.00 2002:0.00 2003:0.00 2004:0.00 2005:0.00 2006:0.00 2007:0.00 2008:0.00 2009:0.00 2010:0.00 2011:0.00 2012:0.00 2013:0.00 2014:0.00 2015:0.00 2016:0.00 2017:0.00 2018:0.00 2019:0.00 2020:0.00 2021:0.00 2022:0.00 2023:0.00 2024:0.00 2025:0.00
pbp,fumble_recovery_2_yards,healthy,2025,0.0,,,1999:0.00 2000:0.00 2001:0.00 2002:0.00 2003:0.00 2004:0.00 2005:0.00 2006:0.00 2007:0.00 2008:0.00 2009:0.00 2010:0.00 2011:0.00 2012:0.00 2013:0.00 2014:0.00 2015:0.00 2016:0.00 2017:0.00 2018:0.00 2019:0.00 2020:0.00 2021:0.00 2022:0.00 2023:0.00 2024:0.00 2025:0.00
pbp,fumble_recovery_2_player_id,healthy,2025,0.0,,,1999:0.00 2000:0.00 2001:0.00 2002:0.00 2003:0.00 2004:0.00 2005:0.00 2006:0.00 2007:0.00 2008:0.00 2009:0.00 2010:0.00 2011:0.00 2012:0.00 2013:0.00 2014:0.00 2015:0.00 2016:0.00 2017:0.00 2018:0.00 2019:0.00 2020:0.00 2021:0.00 2022:0.00 2023:0.00 2024:0.00 2025:0.00
pbp,fumble_recovery_2_player_name,healthy,2025,0.0,,,1999:0.00 2000:0.00 2001:0.00 2002:0.00 2003:0.00 2004:0.00 2005:0.00 2006:0.00 2007:0.00 2008:0.00 2009:0.00 2010:0.00 2011:0.00 2012:0.00 2013:0.00 2014:0.00 2015:0.00 2016:0.00 2017:0.00 2018:0.00 2019:0.00 2020:0.00 2021:0.00 2022:0.00 2023:0.00 2024:0.00 2025:0.00
pbp,sack_player_id,healthy,2025,0.024,,,1999:0.03 2000:0.03 2001:0.02 2002:0.02 2003:0.02 2004:0.02 2005:0.02 2006:0.02 2007:0.02 2008:0.02 2009:0.02 2010:0.02 2011:0.02 2012:0.02 2013:0.03 2014:0.02 2015:0.02 2016:0.02 2017:0.02 2018:0.03 2019:0.03 2020:0.02 2021:0.02 2022:0.02 2023:0.03 2024:0.03 2025:0.02
pbp,sack_player_name,healthy,2025,0.024,,,1999:0.03 2000:0.03 2001:0.02 2002:0.02 2003:0.02 2004:0.02 2005:0.02 2006:0.02 2007:0.02 2008:0.02 2009:0.02 2010:0.02 2011:0.02 2012:0.02 2013:0.03 2014:0.02 2015:0.02 2016:0.02 2017:0.02 2018:0.03 2019:0.03 2020:0.02 2021:0.02 2022:0.02 2023:0.03 2024:0.03 2025:0.02
pbp,half_sack_1_player_id,healthy,2025,0.003,,,1999:0.00 2000:0.00 2001:0.00 2002:0.00 2003:0.00 2004:0.00 2005:0.00 2006:0.00 2007:0.00 2008:0.00 2009:0.00 2010:0.00 2011:0.00 2012:0.00 2013:0.00 2014:0.00 2015:0.00 2016:0.00 2017:0.00 2018:0.00 2019:0.00 2020:0.00 2021:0.00 2022:0.00 2023:0.00 2024:0.00 2025:0.00
pbp,half_sack_1_player_name,healthy,2025,0.003,,,1999:0.00 2000:0.00 2001:0.00 2002:0.00 2003:0.00 2004:0.00 2005:0.00 2006:0.00 2007:0.00 2008:0.00 2009:0.00 2010:0.00 2011:0.00 2012:0.00 2013:0.00 2014:0.00 2015:0.00 2016:0.00 2017:0.00 2018:0.00 2019:0.00 2020:0.00 2021:0.00 2022:0.00 2023:0.00 2024:0.00 2025:0.00
pbp,half_sack_2_player_id,healthy,2025,0.003,,,1999:0.00 2000:0.00 2001:0.00 2002:0.00 2003:0.00 2004:0.00 2005:0.00 2006:0.00 2007:0.00 2008:0.00 2009:0.00 2010:0.00 2011:0.00 2012:0.00 2013:0.00 2014:0.00 2015:0.00 2016:0.00 2017:0.00 2018:0.00 2019:0.00 2020:0.00 2021:0.00 2022:0.00 2023:0.00 2024:0.00 2025:0.00
pbp,half_sack_2_player_name,healthy,2025,0.003,,,1999:0.00 2000:0.00 2001:0.00 2002:0.00 2003:0.00 2004:0.00 2005:0.00 2006:0.00 2007:0.00 2008:0.00 2009:0.00 2010:0.00 2011:0.00 2012:0.00 2013:0.00 2014:0.00 2015:0.00 2016:0.00 2017:0.00 2018:0.00 2019:0.00 2020:0.00 2021:0.00 2022:0.00 2023:0.00 2024:0.00 2025:0.00
pbp,return_team,healthy,2025,0.108,,,1999:0.12 2000:0.12 2001:0.12 2002:0.12 2003:0.12 2004:0.12 2005:0.12 2006:0.12 2007:0.12 2008:0.12 2009:0.12 2010:0.12 2011:0.12 2012:0.12 2013:0.12 2014:0.12 2015:0.12 2016:0.12 2017:0.12 2018:0.12 2019:0.11 2020:0.11 2021:0.11 2022:0.11 2023:0.11 2024:0.11 2025:0.11
pbp,return_yards,healthy,2025,0.969,,,1999:0.96 2000:0.96 2001:0.97 2002:0.97 2003:0.97 2004:0.97 2005:0.97 2006:0.97 2007:0.97 2008:0.97 2009:0.97 2010:0.97 2011:0.97 2012:0.97 2013:0.97 2014:0.97 2015:0.97 2016:0.97 2017:0.97 2018:0.97 2019:0.97 2020:0.97 2021:0.97 2022:0.97 2023:0.97 2024:0.97 2025:0.97
pbp,penalty_team,healthy,2025,0.073,,,1999:0.07 2000:0.07 2001:0.07 2002:0.07 2003:0.07 2004:0.08 2005:0.08 2006:0.07 2007:0.07 2008:0.07 2009:0.07 2010:0.07 2011:0.07 2012:0.07 2013:0.07 2014:0.07 2015:0.08 2016:0.07 2017:0.07 2018:0.08 2019:0.08 2020:0.06 2021:0.07 2022:0.06 2023:0.07 2024:0.07 2025:0.07
pbp,penalty_player_id,healthy,2025,0.067,,,1999:0.07 2000:0.07 2001:0.06 2002:0.07 2003:0.07 2004:0.07 2005:0.08 2006:0.06 2007:0.06 2008:0.06 2009:0.07 2010:0.07 2011:0.07 2012:0.07 2013:0.07 2014:0.07 2015:0.07 2016:0.07 2017:0.07 2018:0.07 2019:0.07 2020:0.06 2021:0.06 2022:0.06 2023:0.06 2024:0.07 2025:0.07
pbp,penalty_player_name,healthy,2025,0.067,,,1999:0.07 2000:0.07 2001:0.06 2002:0.07 2003:0.07 2004:0.07 2005:0.08 2006:0.06 2007:0.06 2008:0.06 2009:0.07 2010:0.07 2011:0.07 2012:0.07 2013:0.07 2014:0.07 2015:0.07 2016:0.07 2017:0.07 2018:0.07 2019:0.07 2020:0.06 2021:0.06 2022:0.06 2023:0.06 2024:0.07 2025:0.07
pbp,penalty_yards,healthy,2025,0.073,,,1999:0.07 2000:0.07 2001:0.07 2002:0.07 2003:0.07 2004:0.08 2005:0.08 2006:0.07 2007:0.07 2008:0.07 2009:0.07 2010:0.07 2011:0.07 2012:0.07 2013:0.07 2014:0.07 2015:0.08 2016:0.07 2017:0.07 2018:0.08 2019:0.08 2020:0.06 2021:0.07 2022:0.06 2023:0.07 2024:0.07 2025:0.07
pbp,replay_or_challenge,healthy,2025,1.0,,,1999:1.00 2000:1.00 2001:1.00 2002:1.00 2003:1.00 2004:1.00 2005:1.00 2006:1.00 2007:1.00 2008:1.00 2009:1.00 2010:1.00 2011:1.00 2012:1.00 2013:1.00 2014:1.00 2015:1.00 2016:1.00 2017:1.00 2018:1.00 2019:1.00 2020:1.00 2021:1.00 2022:1.00 2023:1.00 2024:1.00 2025:1.00
pbp,replay_or_challenge_result,healthy,2025,0.007,,,1999:0.00 2000:0.01 2001:0.01 2002:0.01 2003:0.01 2004:0.01 2005:0.01 2006:0.01 2007:0.01 2008:0.01 2009:0.01 2010:0.01 2011:0.01 2012:0.01 2013:0.01 2014:0.01 2015:0.01 2016:0.01 2017:0.01 2018:0.01 2019:0.01 2020:0.01 2021:0.01 2022:0.01 2023:0.01 2024:0.01 2025:0.01
pbp,penalty_type,healthy,2025,0.073,,,1999:0.07 2000:0.07 2001:0.07 2002:0.07 2003:0.07 2004:0.08 2005:0.08 2006:0.07 2007:0.07 2008:0.07 2009:0.07 2010:0.07 2011:0.07 2012:0.07 2013:0.07 2014:0.07 2015:0.08 2016:0.07 2017:0.07 2018:0.08 2019:0.08 2020:0.06 2021:0.07 2022:0.06 2023:0.07 2024:0.07 2025:0.07
pbp,defensive_two_point_attempt,healthy,2025,0.969,,,1999:0.96 2000:0.96 2001:0.97 2002:0.97 2003:0.97 2004:0.97 2005:0.97 2006:0.97 2007:0.97 2008:0.97 2009:0.97 2010:0.97 2011:0.97 2012:0.97 2013:0.97 2014:0.97 2015:0.97 2016:0.97 2017:0.97 2018:0.97 2019:0.97 2020:0.97 2021:0.97 2022:0.97 2023:0.97 2024:0.97 2025:0.97
pbp,defensive_two_point_conv,healthy,2025,0.969,,,1999:0.96 2000:0.96 2001:0.97 2002:0.97 2003:0.97 2004:0.97 2005:0.97 2006:0.97 2007:0.97 2008:0.97 2009:0.97 2010:0.97 2011:0.97 2012:0.97 2013:0.97 2014:0.97 2015:0.97 2016:0.97 2017:0.97 2018:0.97 2019:0.97 2020:0.97 2021:0.97 2022:0.97 2023:0.97 2024:0.97 2025:0.97
pbp,defensive_extra_point_attempt,healthy,2025,0.969,,,1999:0.96 2000:0.96 2001:0.97 2002:0.97 2003:0.97 2004:0.97 2005:0.97 2006:0.97 2007:0.97 2008:0.97 2009:0.97 2010:0.97 2011:0.97 2012:0.97 2013:0.97 2014:0.97 2015:0.97 2016:0.97 2017:0.97 2018:0.97 2019:0.97 2020:0.97 2021:0.97 2022:0.97 2023:0.97 2024:0.97 2025:0.97
pbp,defensive_extra_point_conv,healthy,2025,0.969,,,1999:0.96 2000:0.96 2001:0.97 2002:0.97 2003:0.97 2004:0.97 2005:0.97 2006:0.97 2007:0.97 2008:0.97 2009:0.97 2010:0.97 2011:0.97 2012:0.97 2013:0.97 2014:0.97 2015:0.97 2016:0.97 2017:0.97 2018:0.97 2019:0.97 2020:0.97 2021:0.97 2022:0.97 2023:0.97 2024:0.97 2025:0.97
pbp,safety_player_name,healthy,2025,0.0,,,1999:0.00 2000:0.00 2001:0.00 2002:0.00 2003:0.00 2004:0.00 2005:0.00 2006:0.00 2007:0.00 2008:0.00 2009:0.00 2010:0.00 2011:0.00 2012:0.00 2013:0.00 2014:0.00 2015:0.00 2016:0.00 2017:0.00 2018:0.00 2019:0.00 2020:0.00 2021:0.00 2022:0.00 2023:0.00 2024:0.00 2025:0.00
pbp,safety_player_id,healthy,2025,0.0,,,1999:0.00 2000:0.00 2001:0.00 2002:0.00 2003:0.00 2004:0.00 2005:0.00 2006:0.00 2007:0.00 2008:0.00 2009:0.00 2010:0.00 2011:0.00 2012:0.00 2013:0.00 2014:0.00 2015:0.00 2016:0.00 2017:0.00 2018:0.00 2019:0.00 2020:0.00 2021:0.00 2022:0.00 2023:0.00 2024:0.00 2025:0.00
pbp,cp,healthy,2025,0.359,,,1999:0.00 2000:0.00 2001:0.00 2002:0.00 2003:0.00 2004:0.00 2005:0.00 2006:0.34 2007:0.37 2008:0.37 2009:0.38 2010:0.38 2011:0.38 2012:0.38 2013:0.39 2014:0.39 2015:0.39 2016:0.39 2017:0.38 2018:0.38 2019:0.38 2020:0.38 2021:0.38 2022:0.37 2023:0.37 2024:0.36 2025:0.36
pbp,cpoe,healthy,2025,0.359,,,1999:0.00 2000:0.00 2001:0.00 2002:0.00 2003:0.00 2004:0.00 2005:0.00 2006:0.34 2007:0.37 2008:0.37 2009:0.38 2010:0.38 2011:0.38 2012:0.38 2013:0.39 2014:0.39 2015:0.39 2016:0.39 2017:0.38 2018:0.38 2019:0.38 2020:0.38 2021:0.38 2022:0.37 2023:0.37 2024:0.36 2025:0.36
pbp,series,healthy,2025,1.0,,,1999:1.00 2000:1.00 2001:1.00 2002:1.00 2003:1.00 2004:1.00 2005:1.00 2006:1.00 2007:1.00 2008:1.00 2009:1.00 2010:1.00 2011:1.00 2012:1.00 2013:1.00 2014:1.00 2015:1.00 2016:1.00 2017:1.00 2018:1.00 2019:1.00 2020:1.00 2021:1.00 2022:1.00 2023:1.00 2024:1.00 2025:1.00
pbp,series_success,healthy,2025,1.0,,,1999:1.00 2000:1.00 2001:1.00 2002:1.00 2003:1.00 2004:1.00 2005:1.00 2006:1.00 2007:1.00 2008:1.00 2009:1.00 2010:1.00 2011:1.00 2012:1.00 2013:1.00 2014:1.00 2015:1.00 2016:1.00 2017:1.00 2018:1.00 2019:1.00 2020:1.00 2021:1.00 2022:1.00 2023:1.00 2024:1.00 2025:1.00
pbp,series_result,healthy,2025,1.0,,,1999:1.00 2000:1.00 2001:1.00 2002:1.00 2003:1.00 2004:1.00 2005:1.00 2006:1.00 2007:1.00 2008:1.00 2009:1.00 2010:1.00 2011:1.00 2012:1.00 2013:1.00 2014:1.00 2015:1.00 2016:1.00 2017:1.00 2018:1.00 2019:1.00 2020:1.00 2021:1.00 2022:1.00 2023:1.00 2024:1.00 2025:1.00
pbp,order_sequence,healthy,2025,1.0,,,1999:0.00 2000:0.00 2001:1.00 2002:1.00 2003:1.00 2004:1.00 2005:1.00 2006:1.00 2007:1.00 2008:1.00 2009:1.00 2010:1.00 2011:1.00 2012:1.00 2013:1.00 2014:1.00 2015:1.00 2016:1.00 2017:1.00 2018:1.00 2019:1.00 2020:1.00 2021:1.00 2022:1.00 2023:1.00 2024:1.00 2025:1.00
pbp,start_time,healthy,2025,1.0,,,1999:0.00 2000:0.00 2001:1.00 2002:1.00 2003:1.00 2004:1.00 2005:1.00 2006:1.00 2007:1.00 2008:1.00 2009:1.00 2010:1.00 2011:1.00 2012:1.00 2013:1.00 2014:1.00 2015:1.00 2016:1.00 2017:1.00 2018:1.00 2019:1.00 2020:1.00 2021:1.00 2022:1.00 2023:1.00 2024:1.00 2025:1.00
pbp,time_of_day,healthy,2025,0.97,,,1999:0.00 2000:0.00 2001:0.78 2002:0.85 2003:0.93 2004:0.93 2005:0.94 2006:0.94 2007:0.93 2008:0.93 2009:0.94 2010:0.94 2011:0.94 2012:0.94 2013:0.95 2014:0.95 2015:0.96 2016:0.96 2017:0.96 2018:0.96 2019:0.96 2020:0.97 2021:0.97 2022:0.97 2023:0.97 2024:0.97 2025:0.97
pbp,stadium,healthy,2025,1.0,,,1999:0.00 2000:0.00 2001:0.99 2002:1.00 2003:1.00 2004:1.00 2005:1.00 2006:1.00 2007:1.00 2008:1.00 2009:1.00 2010:1.00 2011:1.00 2012:1.00 2013:1.00 2014:1.00 2015:1.00 2016:1.00 2017:1.00 2018:1.00 2019:1.00 2020:1.00 2021:1.00 2022:1.00 2023:1.00 2024:1.00 2025:1.00
pbp,weather,healthy,2025,0.928,,,1999:0.00 2000:0.00 2001:1.00 2002:1.00 2003:1.00 2004:1.00 2005:1.00 2006:1.00 2007:1.00 2008:1.00 2009:1.00 2010:1.00 2011:1.00 2012:1.00 2013:1.00 2014:1.00 2015:1.00 2016:1.00 2017:1.00 2018:1.00 2019:1.00 2020:1.00 2021:0.97 2022:0.97 2023:0.97 2024:0.94 2025:0.93
pbp,nfl_api_id,healthy,2025,1.0,,,1999:0.00 2000:0.00 2001:1.00 2002:1.00 2003:1.00 2004:1.00 2005:1.00 2006:1.00 2007:1.00 2008:1.00 2009:1.00 2010:1.00 2011:1.00 2012:1.00 2013:1.00 2014:1.00 2015:1.00 2016:1.00 2017:1.00 2018:1.00 2019:1.00 2020:1.00 2021:1.00 2022:1.00 2023:1.00 2024:1.00 2025:1.00
pbp,play_clock,healthy,2025,1.0,,,1999:0.00 2000:0.00 2001:1.00 2002:1.00 2003:1.00 2004:1.00 2005:1.00 2006:1.00 2007:1.00 2008:1.00 2009:1.00 2010:1.00 2011:1.00 2012:1.00 2013:1.00 2014:1.00 2015:1.00 2016:1.00 2017:1.00 2018:1.00 2019:1.00 2020:1.00 2021:1.00 2022:1.00 2023:1.00 2024:1.00 2025:1.00
pbp,play_deleted,healthy,2025,1.0,,,1999:0.00 2000:0.00 2001:1.00 2002:1.00 2003:1.00 2004:1.00 2005:1.00 2006:1.00 2007:1.00 2008:1.00 2009:1.00 2010:1.00 2011:1.00 2012:1.00 2013:1.00 2014:1.00 2015:1.00 2016:1.00 2017:1.00 2018:1.00 2019:1.00 2020:1.00 2021:1.00 2022:1.00 2023:1.00 2024:1.00 2025:1.00
pbp,play_type_nfl,healthy,2025,1.0,,,1999:0.00 2000:0.00 2001:1.00 2002:1.00 2003:1.00 2004:1.00 2005:1.00 2006:1.00 2007:1.00 2008:1.00 2009:1.00 2010:1.00 2011:1.00 2012:1.00 2013:1.00 2014:1.00 2015:1.00 2016:1.00 2017:1.00 2018:1.00 2019:1.00 2020:1.00 2021:1.00 2022:1.00 2023:1.00 2024:1.00 2025:1.00
pbp,special_teams_play,healthy,2025,1.0,,,1999:0.00 2000:0.00 2001:1.00 2002:1.00 2003:1.00 2004:1.00 2005:1.00 2006:1.00 2007:1.00 2008:1.00 2009:1.00 2010:1.00 2011:1.00 2012:1.00 2013:1.00 2014:1.00 2015:1.00 2016:1.00 2017:1.00 2018:1.00 2019:1.00 2020:1.00 2021:1.00 2022:1.00 2023:1.00 2024:1.00 2025:1.00
pbp,st_play_type,healthy,2025,0.0,,,1999:0.00 2000:0.00 2001:0.00 2002:0.00 2003:0.00 2004:0.00 2005:0.00 2006:0.00 2007:0.00 2008:0.00 2009:0.00 2010:0.00 2011:0.00 2012:0.00 2013:0.00 2014:0.00 2015:0.00 2016:0.00 2017:0.00 2018:0.00 2019:0.00 2020:0.00 2021:0.00 2022:0.00 2023:0.00 2024:0.00 2025:0.00
pbp,end_clock_time,healthy,2025,0.826,,,1999:0.00 2000:0.00 2001:0.16 2002:0.17 2003:0.00 2004:0.00 2005:0.00 2006:0.00 2007:0.00 2008:0.00 2009:0.00 2010:0.00 2011:0.00 2012:0.00 2013:0.00 2014:0.00 2015:0.00 2016:0.00 2017:0.00 2018:0.00 2019:0.00 2020:0.00 2021:0.00 2022:0.75 2023:0.84 2024:0.84 2025:0.83
pbp,end_yard_line,silently-dead,2025,0.0,2003,,1999:0.00 2000:0.00 2001:0.86 2002:0.86 2003:0.00 2004:0.00 2005:0.00 2006:0.00 2007:0.00 2008:0.00 2009:0.00 2010:0.00 2011:0.00 2012:0.00 2013:0.00 2014:0.00 2015:0.00 2016:0.00 2017:0.00 2018:0.00 2019:0.00 2020:0.00 2021:0.00 2022:0.00 2023:0.00 2024:0.00 2025:0.00
pbp,fixed_drive,healthy,2025,1.0,,,1999:1.00 2000:1.00 2001:1.00 2002:1.00 2003:1.00 2004:1.00 2005:1.00 2006:1.00 2007:1.00 2008:1.00 2009:1.00 2010:1.00 2011:1.00 2012:1.00 2013:1.00 2014:1.00 2015:1.00 2016:1.00 2017:1.00 2018:1.00 2019:1.00 2020:1.00 2021:1.00 2022:1.00 2023:1.00 2024:1.00 2025:1.00
pbp,fixed_drive_result,healthy,2025,1.0,,,1999:1.00 2000:0.99 2001:1.00 2002:1.00 2003:1.00 2004:1.00 2005:1.00 2006:1.00 2007:1.00 2008:1.00 2009:1.00 2010:1.00 2011:1.00 2012:1.00 2013:1.00 2014:1.00 2015:1.00 2016:1.00 2017:1.00 2018:1.00 2019:1.00 2020:1.00 2021:1.00 2022:1.00 2023:1.00 2024:1.00 2025:1.00
pbp,drive_real_start_time,healthy,2025,0.988,,,1999:0.00 2000:0.00 2001:0.00 2002:0.00 2003:0.95 2004:0.96 2005:0.96 2006:0.96 2007:0.95 2008:0.94 2009:0.95 2010:0.95 2011:0.94 2012:0.94 2013:0.95 2014:0.96 2015:0.97 2016:0.97 2017:0.97 2018:0.98 2019:0.97 2020:0.98 2021:0.99 2022:0.99 2023:0.99 2024:0.99 2025:0.99
pbp,drive_play_count,healthy,2025,0.988,,,1999:1.00 2000:1.00 2001:0.99 2002:0.99 2003:0.99 2004:0.99 2005:0.99 2006:0.99 2007:0.99 2008:0.99 2009:0.99 2010:0.99 2011:0.99 2012:0.99 2013:0.99 2014:0.99 2015:0.99 2016:0.99 2017:0.99 2018:0.99 2019:0.99 2020:0.99 2021:0.99 2022:0.99 2023:0.99 2024:0.99 2025:0.99
pbp,drive_time_of_possession,healthy,2025,0.988,,,1999:1.00 2000:1.00 2001:0.99 2002:0.99 2003:0.99 2004:0.99 2005:0.99 2006:0.99 2007:0.99 2008:0.99 2009:0.99 2010:0.99 2011:0.99 2012:0.99 2013:0.99 2014:0.99 2015:0.99 2016:0.99 2017:0.99 2018:0.99 2019:0.99 2020:0.99 2021:0.99 2022:0.99 2023:0.99 2024:0.99 2025:0.99
pbp,drive_first_downs,healthy,2025,0.988,,,1999:1.00 2000:1.00 2001:0.99 2002:0.99 2003:0.99 2004:0.99 2005:0.99 2006:0.99 2007:0.99 2008:0.99 2009:0.99 2010:0.99 2011:0.99 2012:0.99 2013:0.99 2014:0.99 2015:0.99 2016:0.99 2017:0.99 2018:0.99 2019:0.99 2020:0.99 2021:0.99 2022:0.99 2023:0.99 2024:0.99 2025:0.99
pbp,drive_inside20,healthy,2025,0.988,,,1999:1.00 2000:1.00 2001:0.99 2002:0.99 2003:0.99 2004:0.99 2005:0.99 2006:0.99 2007:0.99 2008:0.99 2009:0.99 2010:0.99 2011:0.99 2012:0.99 2013:0.99 2014:0.99 2015:0.99 2016:0.99 2017:0.99 2018:0.99 2019:0.99 2020:0.99 2021:0.99 2022:0.99 2023:0.99 2024:0.99 2025:0.99
pbp,drive_ended_with_score,healthy,2025,0.988,,,1999:1.00 2000:1.00 2001:0.99 2002:0.99 2003:0.99 2004:0.99 2005:0.99 2006:0.99 2007:0.99 2008:0.99 2009:0.99 2010:0.99 2011:0.99 2012:0.99 2013:0.99 2014:0.99 2015:0.99 2016:0.99 2017:0.99 2018:0.99 2019:0.99 2020:0.99 2021:0.99 2022:0.99 2023:0.99 2024:0.99 2025:0.99
pbp,drive_quarter_start,healthy,2025,0.988,,,1999:1.00 2000:1.00 2001:0.99 2002:0.99 2003:0.99 2004:0.99 2005:0.99 2006:0.99 2007:0.99 2008:0.99 2009:0.99 2010:0.99 2011:0.99 2012:0.99 2013:0.99 2014:0.99 2015:0.99 2016:0.99 2017:0.99 2018:0.99 2019:0.99 2020:0.99 2021:0.99 2022:0.99 2023:0.99 2024:0.99 2025:0.99
pbp,drive_quarter_end,healthy,2025,0.988,,,1999:1.00 2000:1.00 2001:0.99 2002:0.99 2003:0.99 2004:0.99 2005:0.99 2006:0.99 2007:0.99 2008:0.99 2009:0.99 2010:0.99 2011:0.99 2012:0.99 2013:0.99 2014:0.99 2015:0.99 2016:0.99 2017:0.99 2018:0.99 2019:0.99 2020:0.99 2021:0.99 2022:0.99 2023:0.99 2024:0.99 2025:0.99
pbp,drive_yards_penalized,healthy,2025,0.988,,,1999:0.00 2000:0.00 2001:0.99 2002:0.99 2003:0.99 2004:0.99 2005:0.99 2006:0.99 2007:0.99 2008:0.99 2009:0.99 2010:0.99 2011:0.99 2012:0.99 2013:0.99 2014:0.99 2015:0.99 2016:0.99 2017:0.99 2018:0.99 2019:0.99 2020:0.99 2021:0.99 2022:0.99 2023:0.99 2024:0.99 2025:0.99
pbp,drive_start_transition,healthy,2025,0.988,,,1999:0.96 2000:0.95 2001:0.99 2002:0.99 2003:0.99 2004:0.99 2005:0.99 2006:0.99 2007:0.99 2008:0.99 2009:0.99 2010:0.99 2011:0.99 2012:0.99 2013:0.99 2014:0.99 2015:0.99 2016:0.99 2017:0.99 2018:0.99 2019:0.99 2020:0.99 2021:0.99 2022:0.99 2023:0.99 2024:0.99 2025:0.99
pbp,drive_end_transition,healthy,2025,0.988,,,1999:1.00 2000:1.00 2001:0.95 2002:0.95 2003:0.99 2004:0.99 2005:0.99 2006:0.99 2007:0.99 2008:0.99 2009:0.99 2010:0.99 2011:0.99 2012:0.99 2013:0.99 2014:0.99 2015:0.99 2016:0.99 2017:0.99 2018:0.99 2019:0.99 2020:0.99 2021:0.99 2022:0.99 2023:0.99 2024:0.99 2025:0.99
pbp,drive_game_clock_start,healthy,2025,0.988,,,1999:1.00 2000:1.00 2001:0.99 2002:0.99 2003:0.99 2004:0.99 2005:0.99 2006:0.99 2007:0.99 2008:0.99 2009:0.99 2010:0.99 2011:0.99 2012:0.99 2013:0.99 2014:0.99 2015:0.99 2016:0.99 2017:0.99 2018:0.99 2019:0.99 2020:0.99 2021:0.99 2022:0.99 2023:0.99 2024:0.99 2025:0.99
pbp,drive_game_clock_end,healthy,2025,0.988,,,1999:1.00 2000:1.00 2001:0.99 2002:0.99 2003:0.99 2004:0.99 2005:0.99 2006:0.99 2007:0.99 2008:0.99 2009:0.99 2010:0.99 2011:0.99 2012:0.99 2013:0.99 2014:0.99 2015:0.99 2016:0.99 2017:0.99 2018:0.99 2019:0.99 2020:0.99 2021:0.99 2022:0.99 2023:0.99 2024:0.99 2025:0.99
pbp,drive_start_yard_line,healthy,2025,0.987,,,1999:1.00 2000:1.00 2001:0.99 2002:0.99 2003:0.98 2004:0.99 2005:0.99 2006:0.99 2007:0.98 2008:0.99 2009:0.98 2010:0.99 2011:0.99 2012:0.98 2013:0.99 2014:0.99 2015:0.99 2016:0.99 2017:0.99 2018:0.99 2019:0.99 2020:0.99 2021:0.99 2022:0.99 2023:0.99 2024:0.99 2025:0.99
pbp,drive_end_yard_line,healthy,2025,0.987,,,1999:1.00 2000:1.00 2001:0.99 2002:0.99 2003:0.98 2004:0.99 2005:0.99 2006:0.99 2007:0.98 2008:0.99 2009:0.98 2010:0.99 2011:0.99 2012:0.98 2013:0.99 2014:0.99 2015:0.99 2016:0.99 2017:0.99 2018:0.99 2019:0.99 2020:0.99 2021:0.99 2022:0.99 2023:0.99 2024:0.99 2025:0.99
pbp,drive_play_id_started,healthy,2025,0.988,,,1999:1.00 2000:1.00 2001:0.99 2002:0.99 2003:0.99 2004:0.99 2005:0.99 2006:0.99 2007:0.99 2008:0.99 2009:0.99 2010:0.99 2011:0.99 2012:0.99 2013:0.99 2014:0.99 2015:0.99 2016:0.99 2017:0.99 2018:0.99 2019:0.99 2020:0.99 2021:0.99 2022:0.99 2023:0.99 2024:0.99 2025:0.99
pbp,drive_play_id_ended,healthy,2025,0.988,,,1999:1.00 2000:1.00 2001:0.99 2002:0.99 2003:0.99 2004:0.99 2005:0.99 2006:0.99 2007:0.99 2008:0.99 2009:0.99 2010:0.99 2011:0.99 2012:0.99 2013:0.99 2014:0.99 2015:0.99 2016:0.99 2017:0.99 2018:0.99 2019:0.99 2020:0.99 2021:0.99 2022:0.99 2023:0.99 2024:0.99 2025:0.99
pbp,away_score,healthy,2025,1.0,,,1999:1.00 2000:1.00 2001:1.00 2002:1.00 2003:1.00 2004:1.00 2005:1.00 2006:1.00 2007:1.00 2008:1.00 2009:1.00 2010:1.00 2011:1.00 2012:1.00 2013:1.00 2014:1.00 2015:1.00 2016:1.00 2017:1.00 2018:1.00 2019:1.00 2020:1.00 2021:1.00 2022:1.00 2023:1.00 2024:1.00 2025:1.00
pbp,home_score,healthy,2025,1.0,,,1999:1.00 2000:1.00 2001:1.00 2002:1.00 2003:1.00 2004:1.00 2005:1.00 2006:1.00 2007:1.00 2008:1.00 2009:1.00 2010:1.00 2011:1.00 2012:1.00 2013:1.00 2014:1.00 2015:1.00 2016:1.00 2017:1.00 2018:1.00 2019:1.00 2020:1.00 2021:1.00 2022:1.00 2023:1.00 2024:1.00 2025:1.00
pbp,location,healthy,2025,1.0,,,1999:1.00 2000:1.00 2001:1.00 2002:1.00 2003:1.00 2004:1.00 2005:1.00 2006:1.00 2007:1.00 2008:1.00 2009:1.00 2010:1.00 2011:1.00 2012:1.00 2013:1.00 2014:1.00 2015:1.00 2016:1.00 2017:1.00 2018:1.00 2019:1.00 2020:1.00 2021:1.00 2022:1.00 2023:1.00 2024:1.00 2025:1.00
pbp,result,healthy,2025,1.0,,,1999:1.00 2000:1.00 2001:1.00 2002:1.00 2003:1.00 2004:1.00 2005:1.00 2006:1.00 2007:1.00 2008:1.00 2009:1.00 2010:1.00 2011:1.00 2012:1.00 2013:1.00 2014:1.00 2015:1.00 2016:1.00 2017:1.00 2018:1.00 2019:1.00 2020:1.00 2021:1.00 2022:1.00 2023:1.00 2024:1.00 2025:1.00
pbp,total,healthy,2025,1.0,,,1999:1.00 2000:1.00 2001:1.00 2002:1.00 2003:1.00 2004:1.00 2005:1.00 2006:1.00 2007:1.00 2008:1.00 2009:1.00 2010:1.00 2011:1.00 2012:1.00 2013:1.00 2014:1.00 2015:1.00 2016:1.00 2017:1.00 2018:1.00 2019:1.00 2020:1.00 2021:1.00 2022:1.00 2023:1.00 2024:1.00 2025:1.00
pbp,spread_line,healthy,2025,1.0,,,1999:1.00 2000:1.00 2001:1.00 2002:1.00 2003:1.00 2004:1.00 2005:1.00 2006:1.00 2007:1.00 2008:1.00 2009:1.00 2010:1.00 2011:1.00 2012:1.00 2013:1.00 2014:1.00 2015:1.00 2016:1.00 2017:1.00 2018:1.00 2019:1.00 2020:1.00 2021:1.00 2022:1.00 2023:1.00 2024:1.00 2025:1.00
pbp,total_line,healthy,2025,1.0,,,1999:1.00 2000:1.00 2001:1.00 2002:1.00 2003:1.00 2004:1.00 2005:1.00 2006:1.00 2007:1.00 2008:1.00 2009:1.00 2010:1.00 2011:1.00 2012:1.00 2013:1.00 2014:1.00 2015:1.00 2016:1.00 2017:1.00 2018:1.00 2019:1.00 2020:1.00 2021:1.00 2022:1.00 2023:1.00 2024:1.00 2025:1.00
pbp,div_game,healthy,2025,1.0,,,1999:1.00 2000:1.00 2001:1.00 2002:1.00 2003:1.00 2004:1.00 2005:1.00 2006:1.00 2007:1.00 2008:1.00 2009:1.00 2010:1.00 2011:1.00 2012:1.00 2013:1.00 2014:1.00 2015:1.00 2016:1.00 2017:1.00 2018:1.00 2019:1.00 2020:1.00 2021:1.00 2022:1.00 2023:1.00 2024:1.00 2025:1.00
pbp,roof,healthy,2025,1.0,,,1999:1.00 2000:1.00 2001:1.00 2002:1.00 2003:1.00 2004:1.00 2005:1.00 2006:1.00 2007:1.00 2008:1.00 2009:1.00 2010:1.00 2011:1.00 2012:1.00 2013:1.00 2014:1.00 2015:1.00 2016:1.00 2017:1.00 2018:1.00 2019:1.00 2020:1.00 2021:1.00 2022:1.00 2023:1.00 2024:1.00 2025:1.00
pbp,surface,healthy,2025,1.0,,,1999:1.00 2000:1.00 2001:1.00 2002:1.00 2003:1.00 2004:1.00 2005:1.00 2006:1.00 2007:1.00 2008:1.00 2009:1.00 2010:1.00 2011:1.00 2012:1.00 2013:1.00 2014:1.00 2015:1.00 2016:1.00 2017:1.00 2018:1.00 2019:1.00 2020:1.00 2021:1.00 2022:1.00 2023:1.00 2024:1.00 2025:1.00
pbp,temp,healthy,2025,0.663,,,1999:0.77 2000:0.80 2001:0.80 2002:0.79 2003:0.78 2004:0.78 2005:0.80 2006:0.75 2007:0.75 2008:0.75 2009:0.70 2010:0.72 2011:0.72 2012:0.71 2013:0.73 2014:0.75 2015:0.75 2016:0.74 2017:0.75 2018:0.74 2019:0.73 2020:0.65 2021:0.67 2022:0.38 2023:0.55 2024:0.64 2025:0.66
pbp,wind,healthy,2025,0.663,,,1999:0.77 2000:0.80 2001:0.80 2002:0.79 2003:0.78 2004:0.78 2005:0.80 2006:0.75 2007:0.75 2008:0.75 2009:0.70 2010:0.72 2011:0.72 2012:0.71 2013:0.73 2014:0.75 2015:0.75 2016:0.74 2017:0.75 2018:0.74 2019:0.73 2020:0.65 2021:0.67 2022:0.38 2023:0.55 2024:0.64 2025:0.66
pbp,home_coach,healthy,2025,1.0,,,1999:1.00 2000:1.00 2001:1.00 2002:1.00 2003:1.00 2004:1.00 2005:1.00 2006:1.00 2007:1.00 2008:1.00 2009:1.00 2010:1.00 2011:1.00 2012:1.00 2013:1.00 2014:1.00 2015:1.00 2016:1.00 2017:1.00 2018:1.00 2019:1.00 2020:1.00 2021:1.00 2022:1.00 2023:1.00 2024:1.00 2025:1.00
pbp,away_coach,healthy,2025,1.0,,,1999:1.00 2000:1.00 2001:1.00 2002:1.00 2003:1.00 2004:1.00 2005:1.00 2006:1.00 2007:1.00 2008:1.00 2009:1.00 2010:1.00 2011:1.00 2012:1.00 2013:1.00 2014:1.00 2015:1.00 2016:1.00 2017:1.00 2018:1.00 2019:1.00 2020:1.00 2021:1.00 2022:1.00 2023:1.00 2024:1.00 2025:1.00
pbp,stadium_id,healthy,2025,1.0,,,1999:1.00 2000:1.00 2001:1.00 2002:1.00 2003:1.00 2004:1.00 2005:1.00 2006:1.00 2007:1.00 2008:1.00 2009:1.00 2010:1.00 2011:1.00 2012:1.00 2013:1.00 2014:1.00 2015:1.00 2016:1.00 2017:1.00 2018:1.00 2019:1.00 2020:1.00 2021:1.00 2022:1.00 2023:1.00 2024:1.00 2025:1.00
pbp,game_stadium,healthy,2025,1.0,,,1999:1.00 2000:1.00 2001:1.00 2002:1.00 2003:1.00 2004:1.00 2005:1.00 2006:1.00 2007:1.00 2008:1.00 2009:1.00 2010:1.00 2011:1.00 2012:1.00 2013:1.00 2014:1.00 2015:1.00 2016:1.00 2017:1.00 2018:1.00 2019:1.00 2020:1.00 2021:1.00 2022:1.00 2023:1.00 2024:1.00 2025:1.00
pbp,aborted_play,healthy,2025,1.0,,,1999:1.00 2000:1.00 2001:1.00 2002:1.00 2003:1.00 2004:1.00 2005:1.00 2006:1.00 2007:1.00 2008:1.00 2009:1.00 2010:1.00 2011:1.00 2012:1.00 2013:1.00 2014:1.00 2015:1.00 2016:1.00 2017:1.00 2018:1.00 2019:1.00 2020:1.00 2021:1.00 2022:1.00 2023:1.00 2024:1.00 2025:1.00
pbp,success,healthy,2025,0.988,,,1999:0.99 2000:0.99 2001:0.99 2002:0.99 2003:0.99 2004:0.99 2005:0.99 2006:0.99 2007:0.99 2008:0.99 2009:0.99 2010:0.99 2011:0.99 2012:0.99 2013:0.99 2014:0.99 2015:0.99 2016:0.99 2017:0.99 2018:0.99 2019:0.99 2020:0.99 2021:0.99 2022:0.99 2023:0.99 2024:0.99 2025:0.99
pbp,passer,healthy,2025,0.452,,,1999:0.43 2000:0.43 2001:0.44 2002:0.44 2003:0.41 2004:0.41 2005:0.43 2006:0.42 2007:0.44 2008:0.43 2009:0.44 2010:0.44 2011:0.45 2012:0.45 2013:0.46 2014:0.46 2015:0.47 2016:0.47 2017:0.46 2018:0.46 2019:0.47 2020:0.46 2021:0.46 2022:0.45 2023:0.46 2024:0.45 2025:0.45
pbp,passer_jersey_number,healthy,2025,0.453,,,1999:0.00 2000:0.00 2001:0.43 2002:0.44 2003:0.41 2004:0.41 2005:0.41 2006:0.42 2007:0.44 2008:0.43 2009:0.44 2010:0.44 2011:0.45 2012:0.45 2013:0.46 2014:0.46 2015:0.47 2016:0.47 2017:0.46 2018:0.46 2019:0.47 2020:0.46 2021:0.46 2022:0.45 2023:0.46 2024:0.45 2025:0.45
pbp,rusher,healthy,2025,0.298,,,1999:0.31 2000:0.31 2001:0.31 2002:0.30 2003:0.33 2004:0.33 2005:0.32 2006:0.32 2007:0.31 2008:0.31 2009:0.31 2010:0.30 2011:0.30 2012:0.30 2013:0.29 2014:0.29 2015:0.28 2016:0.28 2017:0.29 2018:0.29 2019:0.29 2020:0.29 2021:0.29 2022:0.30 2023:0.29 2024:0.30 2025:0.30
pbp,rusher_jersey_number,healthy,2025,0.314,,,1999:0.00 2000:0.00 2001:0.31 2002:0.31 2003:0.32 2004:0.32 2005:0.32 2006:0.32 2007:0.31 2008:0.32 2009:0.31 2010:0.31 2011:0.31 2012:0.31 2013:0.30 2014:0.30 2015:0.29 2016:0.29 2017:0.30 2018:0.30 2019:0.30 2020:0.30 2021:0.30 2022:0.31 2023:0.31 2024:0.31 2025:0.31
pbp,receiver,healthy,2025,0.38,,,1999:0.39 2000:0.38 2001:0.39 2002:0.39 2003:0.38 2004:0.38 2005:0.38 2006:0.38 2007:0.39 2008:0.39 2009:0.40 2010:0.40 2011:0.40 2012:0.40 2013:0.41 2014:0.41 2015:0.42 2016:0.42 2017:0.40 2018:0.40 2019:0.40 2020:0.40 2021:0.40 2022:0.39 2023:0.39 2024:0.38 2025:0.38
pbp,receiver_jersey_number,healthy,2025,0.384,,,1999:0.00 2000:0.00 2001:0.39 2002:0.39 2003:0.38 2004:0.38 2005:0.38 2006:0.38 2007:0.39 2008:0.39 2009:0.40 2010:0.40 2011:0.40 2012:0.41 2013:0.41 2014:0.41 2015:0.42 2016:0.42 2017:0.41 2018:0.41 2019:0.40 2020:0.41 2021:0.41 2022:0.39 2023:0.39 2024:0.38 2025:0.38
pbp,pass,healthy,2025,1.0,,,1999:1.00 2000:1.00 2001:1.00 2002:1.00 2003:1.00 2004:1.00 2005:1.00 2006:1.00 2007:1.00 2008:1.00 2009:1.00 2010:1.00 2011:1.00 2012:1.00 2013:1.00 2014:1.00 2015:1.00 2016:1.00 2017:1.00 2018:1.00 2019:1.00 2020:1.00 2021:1.00 2022:1.00 2023:1.00 2024:1.00 2025:1.00
pbp,rush,healthy,2025,1.0,,,1999:1.00 2000:1.00 2001:1.00 2002:1.00 2003:1.00 2004:1.00 2005:1.00 2006:1.00 2007:1.00 2008:1.00 2009:1.00 2010:1.00 2011:1.00 2012:1.00 2013:1.00 2014:1.00 2015:1.00 2016:1.00 2017:1.00 2018:1.00 2019:1.00 2020:1.00 2021:1.00 2022:1.00 2023:1.00 2024:1.00 2025:1.00
pbp,first_down,healthy,2025,0.969,,,1999:0.96 2000:0.96 2001:0.97 2002:0.97 2003:0.97 2004:0.97 2005:0.97 2006:0.97 2007:0.97 2008:0.97 2009:0.97 2010:0.97 2011:0.97 2012:0.97 2013:0.97 2014:0.97 2015:0.97 2016:0.97 2017:0.97 2018:0.97 2019:0.97 2020:0.97 2021:0.97 2022:0.97 2023:0.97 2024:0.97 2025:0.97
pbp,special,healthy,2025,1.0,,,1999:1.00 2000:1.00 2001:1.00 2002:1.00 2003:1.00 2004:1.00 2005:1.00 2006:1.00 2007:1.00 2008:1.00 2009:1.00 2010:1.00 2011:1.00 2012:1.00 2013:1.00 2014:1.00 2015:1.00 2016:1.00 2017:1.00 2018:1.00 2019:1.00 2020:1.00 2021:1.00 2022:1.00 2023:1.00 2024:1.00 2025:1.00
pbp,play,healthy,2025,1.0,,,1999:1.00 2000:1.00 2001:1.00 2002:1.00 2003:1.00 2004:1.00 2005:1.00 2006:1.00 2007:1.00 2008:1.00 2009:1.00 2010:1.00 2011:1.00 2012:1.00 2013:1.00 2014:1.00 2015:1.00 2016:1.00 2017:1.00 2018:1.00 2019:1.00 2020:1.00 2021:1.00 2022:1.00 2023:1.00 2024:1.00 2025:1.00
pbp,passer_id,healthy,2025,0.452,,,1999:0.43 2000:0.43 2001:0.44 2002:0.44 2003:0.41 2004:0.41 2005:0.43 2006:0.42 2007:0.44 2008:0.43 2009:0.44 2010:0.44 2011:0.45 2012:0.45 2013:0.46 2014:0.46 2015:0.47 2016:0.47 2017:0.46 2018:0.46 2019:0.47 2020:0.46 2021:0.46 2022:0.45 2023:0.46 2024:0.45 2025:0.45
pbp,rusher_id,healthy,2025,0.298,,,1999:0.31 2000:0.31 2001:0.31 2002:0.30 2003:0.33 2004:0.33 2005:0.32 2006:0.32 2007:0.31 2008:0.31 2009:0.31 2010:0.30 2011:0.30 2012:0.30 2013:0.29 2014:0.29 2015:0.28 2016:0.28 2017:0.29 2018:0.29 2019:0.29 2020:0.29 2021:0.29 2022:0.30 2023:0.29 2024:0.30 2025:0.30
pbp,receiver_id,healthy,2025,0.38,,,1999:0.39 2000:0.38 2001:0.39 2002:0.39 2003:0.38 2004:0.38 2005:0.38 2006:0.38 2007:0.39 2008:0.39 2009:0.40 2010:0.40 2011:0.40 2012:0.40 2013:0.41 2014:0.41 2015:0.42 2016:0.42 2017:0.40 2018:0.40 2019:0.40 2020:0.40 2021:0.40 2022:0.39 2023:0.39 2024:0.38 2025:0.38
pbp,name,healthy,2025,0.75,,,1999:0.74 2000:0.74 2001:0.75 2002:0.75 2003:0.74 2004:0.74 2005:0.74 2006:0.74 2007:0.74 2008:0.74 2009:0.75 2010:0.74 2011:0.74 2012:0.75 2013:0.75 2014:0.75 2015:0.75 2016:0.75 2017:0.75 2018:0.75 2019:0.75 2020:0.76 2021:0.76 2022:0.75 2023:0.76 2024:0.75 2025:0.75
pbp,jersey_number,healthy,2025,0.741,,,1999:0.00 2000:0.00 2001:0.73 2002:0.74 2003:0.73 2004:0.73 2005:0.73 2006:0.73 2007:0.73 2008:0.73 2009:0.74 2010:0.73 2011:0.74 2012:0.74 2013:0.74 2014:0.74 2015:0.74 2016:0.74 2017:0.74 2018:0.74 2019:0.74 2020:0.75 2021:0.75 2022:0.75 2023:0.75 2024:0.74 2025:0.74
pbp,id,healthy,2025,0.75,,,1999:0.74 2000:0.74 2001:0.75 2002:0.75 2003:0.74 2004:0.74 2005:0.74 2006:0.74 2007:0.74 2008:0.74 2009:0.75 2010:0.74 2011:0.74 2012:0.75 2013:0.75 2014:0.75 2015:0.75 2016:0.75 2017:0.75 2018:0.75 2019:0.75 2020:0.76 2021:0.76 2022:0.75 2023:0.76 2024:0.75 2025:0.75
pbp,fantasy_player_name,healthy,2025,0.675,,,1999:0.67 2000:0.68 2001:0.69 2002:0.69 2003:0.54 2004:0.54 2005:0.54 2006:0.55 2007:0.55 2008:0.55 2009:0.69 2010:0.69 2011:0.69 2012:0.69 2013:0.69 2014:0.69 2015:0.69 2016:0.69 2017:0.69 2018:0.68 2019:0.68 2020:0.69 2021:0.69 2022:0.68 2023:0.68 2024:0.67 2025:0.68
pbp,fantasy_player_id,healthy,2025,0.675,,,1999:0.67 2000:0.68 2001:0.69 2002:0.69 2003:0.54 2004:0.54 2005:0.54 2006:0.55 2007:0.55 2008:0.55 2009:0.69 2010:0.69 2011:0.69 2012:0.69 2013:0.69 2014:0.69 2015:0.69 2016:0.69 2017:0.69 2018:0.68 2019:0.68 2020:0.69 2021:0.69 2022:0.68 2023:0.68 2024:0.67 2025:0.68
pbp,fantasy,healthy,2025,0.703,,,1999:0.70 2000:0.70 2001:0.71 2002:0.71 2003:0.71 2004:0.71 2005:0.71 2006:0.71 2007:0.71 2008:0.71 2009:0.72 2010:0.72 2011:0.71 2012:0.72 2013:0.71 2014:0.72 2015:0.72 2016:0.72 2017:0.72 2018:0.71 2019:0.71 2020:0.71 2021:0.71 2022:0.71 2023:0.71 2024:0.70 2025:0.70
pbp,fantasy_id,healthy,2025,0.703,,,1999:0.70 2000:0.70 2001:0.71 2002:0.71 2003:0.71 2004:0.71 2005:0.71 2006:0.71 2007:0.71 2008:0.71 2009:0.72 2010:0.72 2011:0.71 2012:0.72 2013:0.71 2014:0.72 2015:0.72 2016:0.72 2017:0.72 2018:0.71 2019:0.71 2020:0.71 2021:0.71 2022:0.71 2023:0.71 2024:0.70 2025:0.70
pbp,out_of_bounds,healthy,2025,1.0,,,1999:1.00 2000:1.00 2001:1.00 2002:1.00 2003:1.00 2004:1.00 2005:1.00 2006:1.00 2007:1.00 2008:1.00 2009:1.00 2010:1.00 2011:1.00 2012:1.00 2013:1.00 2014:1.00 2015:1.00 2016:1.00 2017:1.00 2018:1.00 2019:1.00 2020:1.00 2021:1.00 2022:1.00 2023:1.00 2024:1.00 2025:1.00
pbp,home_opening_kickoff,healthy,2025,1.0,,,1999:1.00 2000:1.00 2001:1.00 2002:1.00 2003:1.00 2004:1.00 2005:1.00 2006:1.00 2007:1.00 2008:1.00 2009:1.00 2010:1.00 2011:1.00 2012:1.00 2013:1.00 2014:1.00 2015:1.00 2016:1.00 2017:1.00 2018:1.00 2019:1.00 2020:1.00 2021:1.00 2022:1.00 2023:1.00 2024:1.00 2025:1.00
pbp,qb_epa,healthy,2025,0.988,,,1999:0.99 2000:0.99 2001:0.99 2002:0.99 2003:0.99 2004:0.99 2005:0.99 2006:0.99 2007:0.99 2008:0.99 2009:0.99 2010:0.99 2011:0.99 2012:0.99 2013:0.99 2014:0.99 2015:0.99 2016:0.99 2017:0.99 2018:0.99 2019:0.99 2020:0.99 2021:0.99 2022:0.99 2023:0.99 2024:0.99 2025:0.99
pbp,xyac_epa,healthy,2025,0.335,,,1999:0.00 2000:0.00 2001:0.00 2002:0.00 2003:0.00 2004:0.00 2005:0.00 2006:0.32 2007:0.34 2008:0.35 2009:0.35 2010:0.35 2011:0.35 2012:0.36 2013:0.36 2014:0.36 2015:0.36 2016:0.37 2017:0.36 2018:0.36 2019:0.35 2020:0.35 2021:0.36 2022:0.35 2023:0.35 2024:0.33 2025:0.33
pbp,xyac_mean_yardage,healthy,2025,0.335,,,1999:0.00 2000:0.00 2001:0.00 2002:0.00 2003:0.00 2004:0.00 2005:0.00 2006:0.32 2007:0.34 2008:0.35 2009:0.35 2010:0.35 2011:0.35 2012:0.36 2013:0.36 2014:0.36 2015:0.36 2016:0.37 2017:0.36 2018:0.36 2019:0.35 2020:0.35 2021:0.36 2022:0.35 2023:0.35 2024:0.33 2025:0.33
pbp,xyac_median_yardage,healthy,2025,0.335,,,1999:0.00 2000:0.00 2001:0.00 2002:0.00 2003:0.00 2004:0.00 2005:0.00 2006:0.32 2007:0.34 2008:0.35 2009:0.35 2010:0.35 2011:0.35 2012:0.36 2013:0.36 2014:0.36 2015:0.36 2016:0.37 2017:0.36 2018:0.36 2019:0.35 2020:0.35 2021:0.36 2022:0.35 2023:0.35 2024:0.33 2025:0.33
pbp,xyac_success,healthy,2025,0.335,,,1999:0.00 2000:0.00 2001:0.00 2002:0.00 2003:0.00 2004:0.00 2005:0.00 2006:0.32 2007:0.34 2008:0.35 2009:0.35 2010:0.35 2011:0.35 2012:0.36 2013:0.36 2014:0.36 2015:0.36 2016:0.37 2017:0.36 2018:0.36 2019:0.35 2020:0.35 2021:0.36 2022:0.35 2023:0.35 2024:0.33 2025:0.33
pbp,xyac_fd,healthy,2025,0.335,,,1999:0.00 2000:0.00 2001:0.00 2002:0.00 2003:0.00 2004:0.00 2005:0.00 2006:0.32 2007:0.34 2008:0.35 2009:0.35 2010:0.35 2011:0.35 2012:0.36 2013:0.36 2014:0.36 2015:0.36 2016:0.37 2017:0.36 2018:0.36 2019:0.35 2020:0.35 2021:0.36 2022:0.35 2023:0.35 2024:0.33 2025:0.33
pbp,xpass,healthy,2025,0.76,,,1999:0.00 2000:0.00 2001:0.00 2002:0.00 2003:0.00 2004:0.00 2005:0.00 2006:0.76 2007:0.76 2008:0.76 2009:0.76 2010:0.76 2011:0.76 2012:0.76 2013:0.76 2014:0.76 2015:0.76 2016:0.76 2017:0.76 2018:0.76 2019:0.76 2020:0.76 2021:0.76 2022:0.76 2023:0.76 2024:0.76 2025:0.76
pbp,pass_oe,healthy,2025,0.739,,,1999:0.00 2000:0.00 2001:0.00 2002:0.00 2003:0.00 2004:0.00 2005:0.00 2006:0.74 2007:0.74 2008:0.73 2009:0.74 2010:0.74 2011:0.74 2012:0.74 2013:0.74 2014:0.74 2015:0.74 2016:0.74 2017:0.74 2018:0.74 2019:0.74 2020:0.74 2021:0.74 2022:0.74 2023:0.74 2024:0.74 2025:0.74
pbp_participation,nflverse_game_id,healthy,2025,1.0,,,2016:1.00 2017:1.00 2018:1.00 2019:1.00 2020:1.00 2021:1.00 2022:1.00 2023:1.00 2024:1.00 2025:1.00
pbp_participation,old_game_id,healthy,2025,1.0,,,2016:1.00 2017:1.00 2018:1.00 2019:1.00 2020:1.00 2021:1.00 2022:1.00 2023:1.00 2024:1.00 2025:1.00
pbp_participation,play_id,healthy,2025,1.0,,,2016:1.00 2017:1.00 2018:1.00 2019:1.00 2020:1.00 2021:1.00 2022:1.00 2023:1.00 2024:1.00 2025:1.00
pbp_participation,possession_team,healthy,2025,1.0,,,2016:1.00 2017:1.00 2018:1.00 2019:1.00 2020:1.00 2021:1.00 2022:1.00 2023:1.00 2024:1.00 2025:1.00
pbp_participation,offense_formation,healthy,2025,0.798,,,2016:0.72 2017:0.72 2018:0.72 2019:0.73 2020:0.73 2021:0.73 2022:0.73 2023:0.80 2024:0.80 2025:0.80
pbp_participation,offense_personnel,healthy,2025,1.0,,,2016:0.76 2017:0.76 2018:0.76 2019:0.76 2020:0.76 2021:0.76 2022:0.76 2023:1.00 2024:1.00 2025:1.00
pbp_participation,defenders_in_box,healthy,2025,1.0,,,2016:0.74 2017:0.74 2018:0.74 2019:0.74 2020:0.74 2021:0.74 2022:0.74 2023:1.00 2024:1.00 2025:1.00
pbp_participation,defense_personnel,healthy,2025,1.0,,,2016:0.76 2017:0.76 2018:0.76 2019:0.76 2020:0.76 2021:0.76 2022:0.76 2023:1.00 2024:1.00 2025:1.00
pbp_participation,number_of_pass_rushers,healthy,2025,1.0,,,2016:0.42 2017:0.41 2018:0.43 2019:0.43 2020:0.44 2021:0.43 2022:0.43 2023:0.97 2024:1.00 2025:1.00
pbp_participation,players_on_play,healthy,2025,1.0,,,2016:1.00 2017:1.00 2018:1.00 2019:1.00 2020:1.00 2021:1.00 2022:1.00 2023:1.00 2024:1.00 2025:1.00
pbp_participation,offense_players,healthy,2025,1.0,,,2016:1.00 2017:1.00 2018:1.00 2019:1.00 2020:1.00 2021:1.00 2022:1.00 2023:1.00 2024:1.00 2025:1.00
pbp_participation,defense_players,healthy,2025,1.0,,,2016:1.00 2017:1.00 2018:1.00 2019:1.00 2020:1.00 2021:1.00 2022:1.00 2023:1.00 2024:1.00 2025:1.00
pbp_participation,n_offense,healthy,2025,1.0,,,2016:1.00 2017:1.00 2018:1.00 2019:1.00 2020:1.00 2021:1.00 2022:1.00 2023:1.00 2024:1.00 2025:1.00
pbp_participation,n_defense,healthy,2025,1.0,,,2016:1.00 2017:1.00 2018:1.00 2019:1.00 2020:1.00 2021:1.00 2022:1.00 2023:1.00 2024:1.00 2025:1.00
pbp_participation,ngs_air_yards,silently-dead,2025,0.0,2023,,2016:0.39 2017:0.38 2018:0.38 2019:0.37 2020:0.38 2021:0.37 2022:0.36 2023:0.00 2024:0.00 2025:0.00
pbp_participation,time_to_throw,healthy,2025,0.429,,,2016:0.39 2017:0.38 2018:0.38 2019:0.38 2020:0.39 2021:0.39 2022:0.38 2023:0.44 2024:0.43 2025:0.43
pbp_participation,was_pressure,healthy,2025,1.0,,,2016:0.39 2017:0.38 2018:0.38 2019:0.38 2020:0.39 2021:0.39 2022:0.38 2023:1.00 2024:1.00 2025:1.00
pbp_participation,route,healthy,2025,1.0,,,2016:0.39 2017:0.37 2018:0.37 2019:0.37 2020:0.38 2021:0.37 2022:0.36 2023:1.00 2024:1.00 2025:1.00
pbp_participation,defense_man_zone_type,healthy,2025,1.0,,,2016:0.00 2017:0.00 2018:0.38 2019:0.38 2020:0.39 2021:0.39 2022:0.38 2023:1.00 2024:1.00 2025:1.00
pbp_participation,defense_coverage_type,healthy,2025,0.488,,,2016:0.00 2017:0.00 2018:0.38 2019:0.38 2020:0.39 2021:0.39 2022:0.38 2023:0.50 2024:0.49 2025:0.49
pbp_participation,offense_names,healthy,2025,1.0,,,2016:0.00 2017:0.00 2018:0.00 2019:0.00 2020:0.00 2021:0.00 2022:0.00 2023:1.00 2024:1.00 2025:1.00
pbp_participation,defense_names,healthy,2025,1.0,,,2016:0.00 2017:0.00 2018:0.00 2019:0.00 2020:0.00 2021:0.00 2022:0.00 2023:1.00 2024:1.00 2025:1.00
pbp_participation,offense_positions,healthy,2025,1.0,,,2016:0.00 2017:0.00 2018:0.00 2019:0.00 2020:0.00 2021:0.00 2022:0.00 2023:1.00 2024:1.00 2025:1.00
pbp_participation,defense_positions,healthy,2025,1.0,,,2016:0.00 2017:0.00 2018:0.00 2019:0.00 2020:0.00 2021:0.00 2022:0.00 2023:1.00 2024:1.00 2025:1.00
pbp_participation,offense_numbers,healthy,2025,1.0,,,2016:0.00 2017:0.00 2018:0.00 2019:0.00 2020:0.00 2021:0.00 2022:0.00 2023:1.00 2024:1.00 2025:1.00
pbp_participation,defense_numbers,healthy,2025,1.0,,,2016:0.00 2017:0.00 2018:0.00 2019:0.00 2020:0.00 2021:0.00 2022:0.00 2023:1.00 2024:1.00 2025:1.00
pfr_advstats_season_def,player,healthy,2025,1.0,,,2018:1.00 2019:1.00 2020:1.00 2021:1.00 2022:1.00 2023:1.00 2024:1.00 2025:1.00
pfr_advstats_season_def,pfr_id,healthy,2025,0.992,,,2018:1.00 2019:1.00 2020:1.00 2021:1.00 2022:1.00 2023:1.00 2024:1.00 2025:0.99
pfr_advstats_season_def,tm,healthy,2025,1.0,,,2018:1.00 2019:1.00 2020:1.00 2021:1.00 2022:1.00 2023:1.00 2024:1.00 2025:1.00
pfr_advstats_season_def,age,healthy,2025,1.0,,,2018:1.00 2019:1.00 2020:1.00 2021:1.00 2022:1.00 2023:1.00 2024:1.00 2025:1.00
pfr_advstats_season_def,pos,healthy,2025,1.0,,,2018:1.00 2019:1.00 2020:1.00 2021:1.00 2022:0.97 2023:1.00 2024:1.00 2025:1.00
pfr_advstats_season_def,g,healthy,2025,1.0,,,2018:1.00 2019:1.00 2020:1.00 2021:1.00 2022:1.00 2023:1.00 2024:1.00 2025:1.00
pfr_advstats_season_def,gs,healthy,2025,1.0,,,2018:1.00 2019:1.00 2020:1.00 2021:1.00 2022:1.00 2023:1.00 2024:1.00 2025:1.00
pfr_advstats_season_def,int,healthy,2025,1.0,,,2018:1.00 2019:1.00 2020:1.00 2021:1.00 2022:1.00 2023:1.00 2024:1.00 2025:1.00
pfr_advstats_season_def,tgt,healthy,2025,1.0,,,2018:1.00 2019:1.00 2020:1.00 2021:1.00 2022:1.00 2023:1.00 2024:1.00 2025:1.00
pfr_advstats_season_def,cmp,healthy,2025,1.0,,,2018:1.00 2019:1.00 2020:1.00 2021:1.00 2022:1.00 2023:1.00 2024:1.00 2025:1.00
pfr_advstats_season_def,cmp_percent,healthy,2025,0.821,,,2018:0.80 2019:0.81 2020:0.79 2021:0.81 2022:0.82 2023:0.84 2024:0.80 2025:0.82
pfr_advstats_season_def,yds,healthy,2025,1.0,,,2018:1.00 2019:1.00 2020:1.00 2021:1.00 2022:1.00 2023:1.00 2024:1.00 2025:1.00
pfr_advstats_season_def,yds_cmp,healthy,2025,0.764,,,2018:0.76 2019:0.77 2020:0.76 2021:0.79 2022:0.77 2023:0.79 2024:0.76 2025:0.76
pfr_advstats_season_def,yds_tgt,healthy,2025,0.821,,,2018:0.80 2019:0.81 2020:0.79 2021:0.81 2022:0.82 2023:0.84 2024:0.80 2025:0.82
pfr_advstats_season_def,td,healthy,2025,1.0,,,2018:1.00 2019:1.00 2020:1.00 2021:1.00 2022:1.00 2023:1.00 2024:1.00 2025:1.00
pfr_advstats_season_def,rat,healthy,2025,0.821,,,2018:0.80 2019:0.81 2020:0.79 2021:0.81 2022:0.82 2023:0.84 2024:0.80 2025:0.82
pfr_advstats_season_def,dadot,healthy,2025,0.821,,,2018:0.80 2019:0.81 2020:0.79 2021:0.81 2022:0.82 2023:0.84 2024:0.80 2025:0.82
pfr_advstats_season_def,air,healthy,2025,1.0,,,2018:1.00 2019:1.00 2020:1.00 2021:1.00 2022:1.00 2023:1.00 2024:1.00 2025:1.00
pfr_advstats_season_def,yac,healthy,2025,1.0,,,2018:1.00 2019:1.00 2020:1.00 2021:1.00 2022:1.00 2023:1.00 2024:1.00 2025:1.00
pfr_advstats_season_def,bltz,healthy,2025,1.0,,,2018:1.00 2019:1.00 2020:1.00 2021:1.00 2022:1.00 2023:1.00 2024:1.00 2025:1.00
pfr_advstats_season_def,hrry,healthy,2025,1.0,,,2018:1.00 2019:1.00 2020:1.00 2021:1.00 2022:1.00 2023:1.00 2024:1.00 2025:1.00
pfr_advstats_season_def,qbkd,healthy,2025,1.0,,,2018:1.00 2019:1.00 2020:1.00 2021:1.00 2022:1.00 2023:1.00 2024:1.00 2025:1.00
pfr_advstats_season_def,sk,healthy,2025,1.0,,,2018:1.00 2019:1.00 2020:1.00 2021:1.00 2022:1.00 2023:1.00 2024:1.00 2025:1.00
pfr_advstats_season_def,prss,healthy,2025,1.0,,,2018:1.00 2019:1.00 2020:1.00 2021:1.00 2022:1.00 2023:1.00 2024:1.00 2025:1.00
pfr_advstats_season_def,comb,healthy,2025,1.0,,,2018:1.00 2019:1.00 2020:1.00 2021:1.00 2022:1.00 2023:1.00 2024:1.00 2025:1.00
pfr_advstats_season_def,m_tkl,healthy,2025,1.0,,,2018:1.00 2019:1.00 2020:1.00 2021:1.00 2022:1.00 2023:1.00 2024:1.00 2025:1.00
pfr_advstats_season_def,m_tkl_percent,healthy,2025,0.972,,,2018:1.00 2019:0.99 2020:0.99 2021:0.99 2022:0.98 2023:0.98 2024:0.97 2025:0.97
pfr_advstats_season_def,loaded,healthy,2025,1.0,,,2018:1.00 2019:1.00 2020:1.00 2021:1.00 2022:1.00 2023:1.00 2024:1.00 2025:1.00
pfr_advstats_season_def,bats,healthy,2025,1.0,,,2018:0.00 2019:0.00 2020:0.00 2021:0.00 2022:0.00 2023:0.00 2024:1.00 2025:1.00
pfr_advstats_season_pass,player,healthy,2025,1.0,,,2018:1.00 2019:1.00 2020:1.00 2021:1.00 2022:1.00 2023:1.00 2024:1.00 2025:1.00
pfr_advstats_season_pass,team,healthy,2025,1.0,,,2018:1.00 2019:1.00 2020:1.00 2021:1.00 2022:1.00 2023:1.00 2024:1.00 2025:1.00
pfr_advstats_season_pass,pass_attempts,healthy,2025,1.0,,,2018:1.00 2019:1.00 2020:1.00 2021:1.00 2022:1.00 2023:1.00 2024:1.00 2025:1.00
pfr_advstats_season_pass,throwaways,healthy,2025,1.0,,,2018:1.00 2019:1.00 2020:1.00 2021:1.00 2022:1.00 2023:1.00 2024:1.00 2025:1.00
pfr_advstats_season_pass,spikes,healthy,2025,1.0,,,2018:1.00 2019:1.00 2020:1.00 2021:1.00 2022:1.00 2023:1.00 2024:1.00 2025:1.00
pfr_advstats_season_pass,drops,healthy,2025,1.0,,,2018:1.00 2019:1.00 2020:1.00 2021:1.00 2022:1.00 2023:1.00 2024:1.00 2025:1.00
pfr_advstats_season_pass,drop_pct,healthy,2025,0.969,,,2018:1.00 2019:1.00 2020:1.00 2021:1.00 2022:1.00 2023:1.00 2024:0.97 2025:0.97
pfr_advstats_season_pass,bad_throws,healthy,2025,1.0,,,2018:1.00 2019:1.00 2020:1.00 2021:1.00 2022:1.00 2023:1.00 2024:1.00 2025:1.00
pfr_advstats_season_pass,bad_throw_pct,healthy,2025,0.969,,,2018:1.00 2019:1.00 2020:1.00 2021:1.00 2022:1.00 2023:1.00 2024:0.97 2025:0.97
pfr_advstats_season_pass,pfr_id,healthy,2025,1.0,,,2018:1.00 2019:1.00 2020:1.00 2021:1.00 2022:1.00 2023:1.00 2024:1.00 2025:1.00
pfr_advstats_season_pass,pocket_time,healthy,2025,1.0,,,2018:0.99 2019:0.98 2020:1.00 2021:0.99 2022:0.97 2023:0.99 2024:1.00 2025:1.00
pfr_advstats_season_pass,times_blitzed,healthy,2025,1.0,,,2018:1.00 2019:1.00 2020:1.00 2021:1.00 2022:1.00 2023:1.00 2024:1.00 2025:1.00
pfr_advstats_season_pass,times_hurried,healthy,2025,1.0,,,2018:1.00 2019:1.00 2020:1.00 2021:1.00 2022:1.00 2023:1.00 2024:1.00 2025:1.00
pfr_advstats_season_pass,times_hit,healthy,2025,1.0,,,2018:1.00 2019:1.00 2020:1.00 2021:1.00 2022:1.00 2023:1.00 2024:1.00 2025:1.00
pfr_advstats_season_pass,times_pressured,healthy,2025,1.0,,,2018:1.00 2019:1.00 2020:1.00 2021:1.00 2022:1.00 2023:1.00 2024:1.00 2025:1.00
pfr_advstats_season_pass,pressure_pct,healthy,2025,1.0,,,2018:1.00 2019:1.00 2020:1.00 2021:1.00 2022:1.00 2023:1.00 2024:1.00 2025:1.00
pfr_advstats_season_pass,batted_balls,healthy,2025,1.0,,,2018:0.00 2019:1.00 2020:1.00 2021:1.00 2022:1.00 2023:1.00 2024:1.00 2025:1.00
pfr_advstats_season_pass,on_tgt_throws,healthy,2025,1.0,,,2018:0.00 2019:1.00 2020:1.00 2021:1.00 2022:1.00 2023:1.00 2024:1.00 2025:1.00
pfr_advstats_season_pass,on_tgt_pct,healthy,2025,0.969,,,2018:0.00 2019:1.00 2020:1.00 2021:1.00 2022:1.00 2023:1.00 2024:0.97 2025:0.97
pfr_advstats_season_pass,rpo_plays,healthy,2025,1.0,,,2018:0.00 2019:1.00 2020:1.00 2021:1.00 2022:1.00 2023:1.00 2024:1.00 2025:1.00
pfr_advstats_season_pass,rpo_yards,healthy,2025,1.0,,,2018:0.00 2019:1.00 2020:1.00 2021:1.00 2022:1.00 2023:1.00 2024:1.00 2025:1.00
pfr_advstats_season_pass,rpo_pass_att,healthy,2025,1.0,,,2018:0.00 2019:1.00 2020:1.00 2021:1.00 2022:1.00 2023:1.00 2024:1.00 2025:1.00
pfr_advstats_season_pass,rpo_pass_yards,healthy,2025,1.0,,,2018:0.00 2019:1.00 2020:1.00 2021:1.00 2022:1.00 2023:1.00 2024:1.00 2025:1.00
pfr_advstats_season_pass,rpo_rush_att,healthy,2025,1.0,,,2018:0.00 2019:1.00 2020:1.00 2021:1.00 2022:1.00 2023:1.00 2024:1.00 2025:1.00
pfr_advstats_season_pass,rpo_rush_yards,healthy,2025,1.0,,,2018:0.00 2019:1.00 2020:1.00 2021:1.00 2022:1.00 2023:1.00 2024:1.00 2025:1.00
pfr_advstats_season_pass,pa_pass_att,silently-dead,2025,0.0,2024,,2018:0.00 2019:1.00 2020:1.00 2021:1.00 2022:1.00 2023:1.00 2024:0.00 2025:0.00
pfr_advstats_season_pass,pa_pass_yards,silently-dead,2025,0.0,2024,,2018:0.00 2019:1.00 2020:1.00 2021:1.00 2022:1.00 2023:1.00 2024:0.00 2025:0.00
pfr_advstats_season_pass,intended_air_yards,healthy,2025,1.0,,,2018:0.00 2019:0.00 2020:0.00 2021:0.00 2022:0.00 2023:0.00 2024:1.00 2025:1.00
pfr_advstats_season_pass,intended_air_yards_per_pass_attempt,healthy,2025,1.0,,,2018:0.00 2019:0.00 2020:0.00 2021:0.00 2022:0.00 2023:0.00 2024:1.00 2025:1.00
pfr_advstats_season_pass,completed_air_yards,healthy,2025,1.0,,,2018:0.00 2019:0.00 2020:0.00 2021:0.00 2022:0.00 2023:0.00 2024:1.00 2025:1.00
pfr_advstats_season_pass,completed_air_yards_per_completion,healthy,2025,0.888,,,2018:0.00 2019:0.00 2020:0.00 2021:0.00 2022:0.00 2023:0.00 2024:0.88 2025:0.89
pfr_advstats_season_pass,completed_air_yards_per_pass_attempt,healthy,2025,1.0,,,2018:0.00 2019:0.00 2020:0.00 2021:0.00 2022:0.00 2023:0.00 2024:1.00 2025:1.00
pfr_advstats_season_pass,pass_yards_after_catch,healthy,2025,1.0,,,2018:0.00 2019:0.00 2020:0.00 2021:0.00 2022:0.00 2023:0.00 2024:1.00 2025:1.00
pfr_advstats_season_pass,pass_yards_after_catch_per_completion,healthy,2025,0.888,,,2018:0.00 2019:0.00 2020:0.00 2021:0.00 2022:0.00 2023:0.00 2024:0.88 2025:0.89
pfr_advstats_season_pass,scrambles,healthy,2025,1.0,,,2018:0.00 2019:0.00 2020:0.00 2021:0.00 2022:0.00 2023:0.00 2024:1.00 2025:1.00
pfr_advstats_season_pass,scramble_yards_per_attempt,healthy,2025,0.714,,,2018:0.00 2019:0.00 2020:0.00 2021:0.00 2022:0.00 2023:0.00 2024:0.65 2025:0.71
pfr_advstats_season_rec,player,healthy,2025,1.0,,,2018:1.00 2019:1.00 2020:1.00 2021:1.00 2022:1.00 2023:1.00 2024:1.00 2025:1.00
pfr_advstats_season_rec,pfr_id,healthy,2025,1.0,,,2018:1.00 2019:1.00 2020:1.00 2021:1.00 2022:1.00 2023:1.00 2024:1.00 2025:1.00
pfr_advstats_season_rec,tm,healthy,2025,1.0,,,2018:1.00 2019:1.00 2020:1.00 2021:1.00 2022:1.00 2023:1.00 2024:1.00 2025:1.00
pfr_advstats_season_rec,age,healthy,2025,1.0,,,2018:1.00 2019:1.00 2020:1.00 2021:1.00 2022:1.00 2023:1.00 2024:1.00 2025:1.00
pfr_advstats_season_rec,pos,healthy,2025,1.0,,,2018:1.00 2019:1.00 2020:1.00 2021:1.00 2022:0.98 2023:1.00 2024:1.00 2025:1.00
pfr_advstats_season_rec,g,healthy,2025,1.0,,,2018:1.00 2019:1.00 2020:1.00 2021:1.00 2022:1.00 2023:1.00 2024:1.00 2025:1.00
pfr_advstats_season_rec,gs,healthy,2025,1.0,,,2018:1.00 2019:1.00 2020:1.00 2021:1.00 2022:1.00 2023:1.00 2024:1.00 2025:1.00
pfr_advstats_season_rec,tgt,healthy,2025,1.0,,,2018:1.00 2019:1.00 2020:1.00 2021:1.00 2022:1.00 2023:1.00 2024:1.00 2025:1.00
pfr_advstats_season_rec,rec,healthy,2025,1.0,,,2018:1.00 2019:1.00 2020:1.00 2021:1.00 2022:1.00 2023:1.00 2024:1.00 2025:1.00
pfr_advstats_season_rec,yds,healthy,2025,1.0,,,2018:1.00 2019:1.00 2020:1.00 2021:1.00 2022:1.00 2023:1.00 2024:1.00 2025:1.00
pfr_advstats_season_rec,td,silently-dead,2025,0.0,2024,,2018:1.00 2019:1.00 2020:1.00 2021:1.00 2022:1.00 2023:1.00 2024:0.00 2025:0.00
pfr_advstats_season_rec,x1d,healthy,2025,1.0,,,2018:0.91 2019:0.92 2020:0.93 2021:0.91 2022:0.90 2023:0.91 2024:1.00 2025:1.00
pfr_advstats_season_rec,ybc,healthy,2025,1.0,,,2018:1.00 2019:1.00 2020:1.00 2021:1.00 2022:1.00 2023:1.00 2024:1.00 2025:1.00
pfr_advstats_season_rec,ybc_r,healthy,2025,0.945,,,2018:0.95 2019:0.97 2020:0.95 2021:0.96 2022:0.96 2023:0.96 2024:0.94 2025:0.95
pfr_advstats_season_rec,yac,healthy,2025,1.0,,,2018:1.00 2019:1.00 2020:1.00 2021:1.00 2022:1.00 2023:1.00 2024:1.00 2025:1.00
pfr_advstats_season_rec,yac_r,healthy,2025,0.945,,,2018:0.95 2019:0.97 2020:0.95 2021:0.96 2022:0.96 2023:0.96 2024:0.94 2025:0.95
pfr_advstats_season_rec,adot,healthy,2025,0.998,,,2018:1.00 2019:1.00 2020:1.00 2021:1.00 2022:1.00 2023:1.00 2024:0.99 2025:1.00
pfr_advstats_season_rec,brk_tkl,healthy,2025,1.0,,,2018:1.00 2019:1.00 2020:1.00 2021:1.00 2022:1.00 2023:1.00 2024:1.00 2025:1.00
pfr_advstats_season_rec,rec_br,healthy,2025,0.465,,,2018:0.51 2019:0.46 2020:0.51 2021:0.49 2022:0.50 2023:0.54 2024:0.46 2025:0.47
pfr_advstats_season_rec,drop,healthy,2025,1.0,,,2018:1.00 2019:1.00 2020:1.00 2021:1.00 2022:1.00 2023:1.00 2024:1.00 2025:1.00
pfr_advstats_season_rec,drop_percent,healthy,2025,0.998,,,2018:1.00 2019:1.00 2020:1.00 2021:1.00 2022:1.00 2023:1.00 2024:0.99 2025:1.00
pfr_advstats_season_rec,int,healthy,2025,1.0,,,2018:1.00 2019:1.00 2020:1.00 2021:1.00 2022:1.00 2023:1.00 2024:1.00 2025:1.00
pfr_advstats_season_rec,rat,healthy,2025,0.998,,,2018:1.00 2019:1.00 2020:1.00 2021:1.00 2022:1.00 2023:1.00 2024:0.99 2025:1.00
pfr_advstats_season_rec,loaded,healthy,2025,1.0,,,2018:1.00 2019:1.00 2020:1.00 2021:1.00 2022:1.00 2023:1.00 2024:1.00 2025:1.00
pfr_advstats_season_rush,player,healthy,2025,1.0,,,2018:1.00 2019:1.00 2020:1.00 2021:1.00 2022:1.00 2023:1.00 2024:1.00 2025:1.00
pfr_advstats_season_rush,pfr_id,healthy,2025,1.0,,,2018:1.00 2019:1.00 2020:1.00 2021:1.00 2022:1.00 2023:1.00 2024:1.00 2025:1.00
pfr_advstats_season_rush,tm,healthy,2025,1.0,,,2018:1.00 2019:1.00 2020:1.00 2021:1.00 2022:1.00 2023:1.00 2024:1.00 2025:1.00
pfr_advstats_season_rush,age,healthy,2025,1.0,,,2018:1.00 2019:1.00 2020:1.00 2021:1.00 2022:1.00 2023:1.00 2024:1.00 2025:1.00
pfr_advstats_season_rush,pos,healthy,2025,1.0,,,2018:1.00 2019:1.00 2020:1.00 2021:1.00 2022:0.98 2023:1.00 2024:1.00 2025:1.00
pfr_advstats_season_rush,g,healthy,2025,1.0,,,2018:1.00 2019:1.00 2020:1.00 2021:1.00 2022:1.00 2023:1.00 2024:1.00 2025:1.00
pfr_advstats_season_rush,gs,healthy,2025,1.0,,,2018:1.00 2019:1.00 2020:1.00 2021:1.00 2022:1.00 2023:1.00 2024:1.00 2025:1.00
pfr_advstats_season_rush,att,healthy,2025,1.0,,,2018:1.00 2019:1.00 2020:1.00 2021:1.00 2022:1.00 2023:1.00 2024:1.00 2025:1.00
pfr_advstats_season_rush,yds,healthy,2025,1.0,,,2018:1.00 2019:1.00 2020:1.00 2021:1.00 2022:1.00 2023:1.00 2024:1.00 2025:1.00
pfr_advstats_season_rush,td,silently-dead,2025,0.0,2024,,2018:1.00 2019:1.00 2020:1.00 2021:1.00 2022:1.00 2023:1.00 2024:0.00 2025:0.00
pfr_advstats_season_rush,x1d,healthy,2025,1.0,,,2018:0.93 2019:0.96 2020:0.94 2021:0.92 2022:0.94 2023:0.92 2024:1.00 2025:1.00
pfr_advstats_season_rush,ybc,healthy,2025,1.0,,,2018:1.00 2019:1.00 2020:1.00 2021:1.00 2022:1.00 2023:1.00 2024:1.00 2025:1.00
pfr_advstats_season_rush,ybc_att,healthy,2025,1.0,,,2018:1.00 2019:1.00 2020:1.00 2021:1.00 2022:1.00 2023:1.00 2024:1.00 2025:1.00
pfr_advstats_season_rush,yac,healthy,2025,1.0,,,2018:1.00 2019:1.00 2020:1.00 2021:1.00 2022:1.00 2023:1.00 2024:1.00 2025:1.00
pfr_advstats_season_rush,yac_att,healthy,2025,1.0,,,2018:1.00 2019:1.00 2020:1.00 2021:1.00 2022:1.00 2023:1.00 2024:1.00 2025:1.00
pfr_advstats_season_rush,brk_tkl,healthy,2025,1.0,,,2018:1.00 2019:1.00 2020:1.00 2021:1.00 2022:1.00 2023:1.00 2024:1.00 2025:1.00
pfr_advstats_season_rush,att_br,healthy,2025,0.456,,,2018:0.44 2019:0.45 2020:0.41 2021:0.41 2022:0.39 2023:0.48 2024:0.45 2025:0.46
pfr_advstats_season_rush,loaded,healthy,2025,1.0,,,2018:1.00 2019:1.00 2020:1.00 2021:1.00 2022:1.00 2023:1.00 2024:1.00 2025:1.00
pfr_advstats_week_def,game_id,healthy,2025,1.0,,,2018:1.00 2019:1.00 2020:1.00 2021:1.00 2022:1.00 2023:1.00 2024:1.00 2025:1.00
pfr_advstats_week_def,pfr_game_id,healthy,2025,1.0,,,2018:1.00 2019:1.00 2020:1.00 2021:1.00 2022:1.00 2023:1.00 2024:1.00 2025:1.00
pfr_advstats_week_def,week,healthy,2025,1.0,,,2018:1.00 2019:1.00 2020:1.00 2021:1.00 2022:1.00 2023:1.00 2024:1.00 2025:1.00
pfr_advstats_week_def,game_type,healthy,2025,1.0,,,2018:1.00 2019:1.00 2020:1.00 2021:1.00 2022:1.00 2023:1.00 2024:1.00 2025:1.00
pfr_advstats_week_def,team,healthy,2025,1.0,,,2018:1.00 2019:1.00 2020:1.00 2021:1.00 2022:1.00 2023:1.00 2024:1.00 2025:1.00
pfr_advstats_week_def,opponent,healthy,2025,1.0,,,2018:1.00 2019:1.00 2020:1.00 2021:1.00 2022:1.00 2023:1.00 2024:1.00 2025:1.00
pfr_advstats_week_def,pfr_player_name,healthy,2025,1.0,,,2018:1.00 2019:1.00 2020:1.00 2021:1.00 2022:1.00 2023:1.00 2024:1.00 2025:1.00
pfr_advstats_week_def,pfr_player_id,healthy,2025,1.0,,,2018:1.00 2019:1.00 2020:1.00 2021:1.00 2022:1.00 2023:1.00 2024:1.00 2025:1.00
pfr_advstats_week_def,def_ints,healthy,2025,1.0,,,2018:1.00 2019:1.00 2020:1.00 2021:1.00 2022:1.00 2023:1.00 2024:1.00 2025:1.00
pfr_advstats_week_def,def_targets,healthy,2025,1.0,,,2018:1.00 2019:1.00 2020:1.00 2021:1.00 2022:1.00 2023:1.00 2024:1.00 2025:1.00
pfr_advstats_week_def,def_completions_allowed,healthy,2025,1.0,,,2018:1.00 2019:1.00 2020:1.00 2021:1.00 2022:1.00 2023:1.00 2024:1.00 2025:1.00
pfr_advstats_week_def,def_completion_pct,healthy,2025,0.687,,,2018:0.68 2019:0.67 2020:0.66 2021:0.66 2022:0.69 2023:0.67 2024:0.67 2025:0.69
pfr_advstats_week_def,def_yards_allowed,healthy,2025,0.614,,,2018:0.61 2019:0.60 2020:0.59 2021:0.59 2022:0.61 2023:0.61 2024:0.60 2025:0.61
pfr_advstats_week_def,def_yards_allowed_per_cmp,healthy,2025,0.609,,,2018:0.61 2019:0.60 2020:0.59 2021:0.59 2022:0.61 2023:0.61 2024:0.60 2025:0.61
pfr_advstats_week_def,def_yards_allowed_per_tgt,healthy,2025,0.687,,,2018:0.68 2019:0.67 2020:0.66 2021:0.66 2022:0.69 2023:0.67 2024:0.67 2025:0.69
pfr_advstats_week_def,def_receiving_td_allowed,healthy,2025,0.614,,,2018:0.61 2019:0.60 2020:0.59 2021:0.59 2022:0.61 2023:0.61 2024:0.60 2025:0.61
pfr_advstats_week_def,def_passer_rating_allowed,healthy,2025,0.687,,,2018:0.68 2019:0.67 2020:0.66 2021:0.66 2022:0.69 2023:0.67 2024:0.67 2025:0.69
pfr_advstats_week_def,def_adot,healthy,2025,0.686,,,2018:0.68 2019:0.67 2020:0.66 2021:0.66 2022:0.68 2023:0.67 2024:0.67 2025:0.69
pfr_advstats_week_def,def_air_yards_completed,healthy,2025,0.614,,,2018:0.61 2019:0.60 2020:0.59 2021:0.59 2022:0.61 2023:0.61 2024:0.60 2025:0.61
pfr_advstats_week_def,def_yards_after_catch,healthy,2025,0.614,,,2018:0.61 2019:0.60 2020:0.59 2021:0.59 2022:0.61 2023:0.61 2024:0.60 2025:0.61
pfr_advstats_week_def,def_times_blitzed,healthy,2025,1.0,,,2018:1.00 2019:1.00 2020:1.00 2021:1.00 2022:1.00 2023:1.00 2024:1.00 2025:1.00
pfr_advstats_week_def,def_times_hurried,healthy,2025,1.0,,,2018:1.00 2019:1.00 2020:1.00 2021:1.00 2022:1.00 2023:1.00 2024:1.00 2025:1.00
pfr_advstats_week_def,def_times_hitqb,healthy,2025,1.0,,,2018:1.00 2019:1.00 2020:1.00 2021:1.00 2022:1.00 2023:1.00 2024:1.00 2025:1.00
pfr_advstats_week_def,def_sacks,healthy,2025,1.0,,,2018:1.00 2019:1.00 2020:1.00 2021:1.00 2022:1.00 2023:1.00 2024:1.00 2025:1.00
pfr_advstats_week_def,def_pressures,healthy,2025,1.0,,,2018:1.00 2019:1.00 2020:1.00 2021:1.00 2022:1.00 2023:1.00 2024:1.00 2025:1.00
pfr_advstats_week_def,def_tackles_combined,healthy,2025,1.0,,,2018:1.00 2019:1.00 2020:1.00 2021:1.00 2022:1.00 2023:1.00 2024:1.00 2025:1.00
pfr_advstats_week_def,def_missed_tackles,healthy,2025,1.0,,,2018:1.00 2019:1.00 2020:1.00 2021:1.00 2022:1.00 2023:1.00 2024:1.00 2025:1.00
pfr_advstats_week_def,def_missed_tackle_pct,healthy,2025,0.949,,,2018:0.98 2019:0.96 2020:0.96 2021:0.94 2022:0.93 2023:0.94 2024:0.94 2025:0.95
pfr_advstats_week_pass,game_id,healthy,2025,1.0,,,2018:1.00 2019:1.00 2020:1.00 2021:1.00 2022:1.00 2023:1.00 2024:1.00 2025:1.00
pfr_advstats_week_pass,pfr_game_id,healthy,2025,1.0,,,2018:1.00 2019:1.00 2020:1.00 2021:1.00 2022:1.00 2023:1.00 2024:1.00 2025:1.00
pfr_advstats_week_pass,week,healthy,2025,1.0,,,2018:1.00 2019:1.00 2020:1.00 2021:1.00 2022:1.00 2023:1.00 2024:1.00 2025:1.00
pfr_advstats_week_pass,game_type,healthy,2025,1.0,,,2018:1.00 2019:1.00 2020:1.00 2021:1.00 2022:1.00 2023:1.00 2024:1.00 2025:1.00
pfr_advstats_week_pass,team,healthy,2025,1.0,,,2018:1.00 2019:1.00 2020:1.00 2021:1.00 2022:1.00 2023:1.00 2024:1.00 2025:1.00
pfr_advstats_week_pass,opponent,healthy,2025,1.0,,,2018:1.00 2019:1.00 2020:1.00 2021:1.00 2022:1.00 2023:1.00 2024:1.00 2025:1.00
pfr_advstats_week_pass,pfr_player_name,healthy,2025,1.0,,,2018:1.00 2019:1.00 2020:1.00 2021:1.00 2022:1.00 2023:1.00 2024:1.00 2025:1.00
pfr_advstats_week_pass,pfr_player_id,healthy,2025,1.0,,,2018:1.00 2019:1.00 2020:1.00 2021:1.00 2022:1.00 2023:1.00 2024:1.00 2025:1.00
pfr_advstats_week_pass,passing_drops,healthy,2025,1.0,,,2018:1.00 2019:1.00 2020:1.00 2021:1.00 2022:1.00 2023:1.00 2024:1.00 2025:1.00
pfr_advstats_week_pass,passing_drop_pct,healthy,2025,1.0,,,2018:1.00 2019:1.00 2020:1.00 2021:1.00 2022:1.00 2023:1.00 2024:1.00 2025:1.00
pfr_advstats_week_pass,receiving_drop,born-null,2025,0.0,,,2018:0.00 2019:0.00 2020:0.00 2021:0.00 2022:0.00 2023:0.00 2024:0.00 2025:0.00
pfr_advstats_week_pass,receiving_drop_pct,born-null,2025,0.0,,,2018:0.00 2019:0.00 2020:0.00 2021:0.00 2022:0.00 2023:0.00 2024:0.00 2025:0.00
pfr_advstats_week_pass,passing_bad_throws,healthy,2025,1.0,,,2018:1.00 2019:1.00 2020:1.00 2021:1.00 2022:1.00 2023:1.00 2024:1.00 2025:1.00
pfr_advstats_week_pass,passing_bad_throw_pct,healthy,2025,1.0,,,2018:1.00 2019:1.00 2020:1.00 2021:1.00 2022:1.00 2023:1.00 2024:1.00 2025:1.00
pfr_advstats_week_pass,times_sacked,healthy,2025,1.0,,,2018:1.00 2019:1.00 2020:1.00 2021:1.00 2022:1.00 2023:1.00 2024:1.00 2025:1.00
pfr_advstats_week_pass,times_blitzed,healthy,2025,1.0,,,2018:1.00 2019:1.00 2020:1.00 2021:1.00 2022:1.00 2023:1.00 2024:1.00 2025:1.00
pfr_advstats_week_pass,times_hurried,healthy,2025,1.0,,,2018:1.00 2019:1.00 2020:1.00 2021:1.00 2022:1.00 2023:1.00 2024:1.00 2025:1.00
pfr_advstats_week_pass,times_hit,healthy,2025,1.0,,,2018:1.00 2019:1.00 2020:1.00 2021:1.00 2022:1.00 2023:1.00 2024:1.00 2025:1.00
pfr_advstats_week_pass,times_pressured,healthy,2025,1.0,,,2018:1.00 2019:1.00 2020:1.00 2021:1.00 2022:1.00 2023:1.00 2024:1.00 2025:1.00
pfr_advstats_week_pass,times_pressured_pct,healthy,2025,1.0,,,2018:1.00 2019:1.00 2020:1.00 2021:1.00 2022:1.00 2023:1.00 2024:1.00 2025:1.00
pfr_advstats_week_pass,def_times_blitzed,born-null,2025,0.0,,,2018:0.00 2019:0.00 2020:0.00 2021:0.00 2022:0.00 2023:0.00 2024:0.00 2025:0.00
pfr_advstats_week_pass,def_times_hurried,born-null,2025,0.0,,,2018:0.00 2019:0.00 2020:0.00 2021:0.00 2022:0.00 2023:0.00 2024:0.00 2025:0.00
pfr_advstats_week_pass,def_times_hitqb,born-null,2025,0.0,,,2018:0.00 2019:0.00 2020:0.00 2021:0.00 2022:0.00 2023:0.00 2024:0.00 2025:0.00
pfr_advstats_week_rec,game_id,healthy,2025,1.0,,,2018:1.00 2019:1.00 2020:1.00 2021:1.00 2022:1.00 2023:1.00 2024:1.00 2025:1.00
pfr_advstats_week_rec,pfr_game_id,healthy,2025,1.0,,,2018:1.00 2019:1.00 2020:1.00 2021:1.00 2022:1.00 2023:1.00 2024:1.00 2025:1.00
pfr_advstats_week_rec,week,healthy,2025,1.0,,,2018:1.00 2019:1.00 2020:1.00 2021:1.00 2022:1.00 2023:1.00 2024:1.00 2025:1.00
pfr_advstats_week_rec,game_type,healthy,2025,1.0,,,2018:1.00 2019:1.00 2020:1.00 2021:1.00 2022:1.00 2023:1.00 2024:1.00 2025:1.00
pfr_advstats_week_rec,team,healthy,2025,1.0,,,2018:1.00 2019:1.00 2020:1.00 2021:1.00 2022:1.00 2023:1.00 2024:1.00 2025:1.00
pfr_advstats_week_rec,opponent,healthy,2025,1.0,,,2018:1.00 2019:1.00 2020:1.00 2021:1.00 2022:1.00 2023:1.00 2024:1.00 2025:1.00
pfr_advstats_week_rec,pfr_player_name,healthy,2025,1.0,,,2018:1.00 2019:1.00 2020:1.00 2021:1.00 2022:1.00 2023:1.00 2024:1.00 2025:1.00
pfr_advstats_week_rec,pfr_player_id,healthy,2025,1.0,,,2018:1.00 2019:1.00 2020:1.00 2021:1.00 2022:1.00 2023:1.00 2024:1.00 2025:1.00
pfr_advstats_week_rec,rushing_broken_tackles,born-null,2025,0.0,,,2018:0.00 2019:0.00 2020:0.00 2021:0.00 2022:0.00 2023:0.00 2024:0.00 2025:0.00
pfr_advstats_week_rec,receiving_broken_tackles,healthy,2025,1.0,,,2018:1.00 2019:1.00 2020:1.00 2021:1.00 2022:1.00 2023:1.00 2024:1.00 2025:1.00
pfr_advstats_week_rec,passing_drops,born-null,2025,0.0,,,2018:0.00 2019:0.00 2020:0.00 2021:0.00 2022:0.00 2023:0.00 2024:0.00 2025:0.00
pfr_advstats_week_rec,passing_drop_pct,born-null,2025,0.0,,,2018:0.00 2019:0.00 2020:0.00 2021:0.00 2022:0.00 2023:0.00 2024:0.00 2025:0.00
pfr_advstats_week_rec,receiving_drop,healthy,2025,1.0,,,2018:1.00 2019:1.00 2020:1.00 2021:1.00 2022:1.00 2023:1.00 2024:1.00 2025:1.00
pfr_advstats_week_rec,receiving_drop_pct,healthy,2025,1.0,,,2018:1.00 2019:1.00 2020:1.00 2021:1.00 2022:1.00 2023:1.00 2024:1.00 2025:1.00
pfr_advstats_week_rec,receiving_int,healthy,2025,1.0,,,2018:1.00 2019:1.00 2020:1.00 2021:1.00 2022:1.00 2023:1.00 2024:1.00 2025:1.00
pfr_advstats_week_rec,receiving_rat,healthy,2025,1.0,,,2018:1.00 2019:1.00 2020:1.00 2021:1.00 2022:1.00 2023:1.00 2024:1.00 2025:1.00
pfr_advstats_week_rush,game_id,healthy,2025,1.0,,,2018:1.00 2019:1.00 2020:1.00 2021:1.00 2022:1.00 2023:1.00 2024:1.00 2025:1.00
pfr_advstats_week_rush,pfr_game_id,healthy,2025,1.0,,,2018:1.00 2019:1.00 2020:1.00 2021:1.00 2022:1.00 2023:1.00 2024:1.00 2025:1.00
pfr_advstats_week_rush,week,healthy,2025,1.0,,,2018:1.00 2019:1.00 2020:1.00 2021:1.00 2022:1.00 2023:1.00 2024:1.00 2025:1.00
pfr_advstats_week_rush,game_type,healthy,2025,1.0,,,2018:1.00 2019:1.00 2020:1.00 2021:1.00 2022:1.00 2023:1.00 2024:1.00 2025:1.00
pfr_advstats_week_rush,team,healthy,2025,1.0,,,2018:1.00 2019:1.00 2020:1.00 2021:1.00 2022:1.00 2023:1.00 2024:1.00 2025:1.00
pfr_advstats_week_rush,opponent,healthy,2025,1.0,,,2018:1.00 2019:1.00 2020:1.00 2021:1.00 2022:1.00 2023:1.00 2024:1.00 2025:1.00
pfr_advstats_week_rush,pfr_player_name,healthy,2025,1.0,,,2018:1.00 2019:1.00 2020:1.00 2021:1.00 2022:1.00 2023:1.00 2024:1.00 2025:1.00
pfr_advstats_week_rush,pfr_player_id,healthy,2025,1.0,,,2018:1.00 2019:1.00 2020:1.00 2021:1.00 2022:1.00 2023:1.00 2024:1.00 2025:1.00
pfr_advstats_week_rush,carries,healthy,2025,1.0,,,2018:1.00 2019:1.00 2020:1.00 2021:1.00 2022:1.00 2023:1.00 2024:1.00 2025:1.00
pfr_advstats_week_rush,rushing_yards_before_contact,healthy,2025,1.0,,,2018:1.00 2019:1.00 2020:1.00 2021:1.00 2022:1.00 2023:1.00 2024:1.00 2025:1.00
pfr_advstats_week_rush,rushing_yards_before_contact_avg,healthy,2025,1.0,,,2018:1.00 2019:1.00 2020:1.00 2021:1.00 2022:1.00 2023:1.00 2024:1.00 2025:1.00
pfr_advstats_week_rush,rushing_yards_after_contact,healthy,2025,1.0,,,2018:1.00 2019:1.00 2020:1.00 2021:1.00 2022:1.00 2023:1.00 2024:1.00 2025:1.00
pfr_advstats_week_rush,rushing_yards_after_contact_avg,healthy,2025,1.0,,,2018:1.00 2019:1.00 2020:1.00 2021:1.00 2022:1.00 2023:1.00 2024:1.00 2025:1.00
pfr_advstats_week_rush,rushing_broken_tackles,healthy,2025,1.0,,,2018:1.00 2019:1.00 2020:1.00 2021:1.00 2022:1.00 2023:1.00 2024:1.00 2025:1.00
pfr_advstats_week_rush,receiving_broken_tackles,born-null,2025,0.0,,,2018:0.00 2019:0.00 2020:0.00 2021:0.00 2022:0.00 2023:0.00 2024:0.00 2025:0.00
qbr_season,season_type,healthy,2025,1.0,,,2006:1.00 2007:1.00 2008:1.00 2009:1.00 2010:1.00 2011:1.00 2012:1.00 2013:1.00 2014:1.00 2015:1.00 2016:1.00 2017:1.00 2018:1.00 2019:1.00 2020:1.00 2021:1.00 2022:1.00 2023:1.00 2024:1.00 2025:1.00
qbr_season,game_week,healthy,2025,1.0,,,2006:1.00 2007:1.00 2008:1.00 2009:1.00 2010:1.00 2011:1.00 2012:1.00 2013:1.00 2014:1.00 2015:1.00 2016:1.00 2017:1.00 2018:1.00 2019:1.00 2020:1.00 2021:1.00 2022:1.00 2023:1.00 2024:1.00 2025:1.00
qbr_season,team_abb,healthy,2025,1.0,,,2006:1.00 2007:1.00 2008:1.00 2009:1.00 2010:1.00 2011:1.00 2012:1.00 2013:1.00 2014:1.00 2015:1.00 2016:1.00 2017:1.00 2018:1.00 2019:1.00 2020:1.00 2021:1.00 2022:1.00 2023:1.00 2024:1.00 2025:1.00
qbr_season,player_id,healthy,2025,1.0,,,2006:1.00 2007:1.00 2008:1.00 2009:1.00 2010:1.00 2011:1.00 2012:1.00 2013:1.00 2014:1.00 2015:1.00 2016:1.00 2017:1.00 2018:1.00 2019:1.00 2020:1.00 2021:1.00 2022:1.00 2023:1.00 2024:1.00 2025:1.00
qbr_season,name_short,healthy,2025,1.0,,,2006:1.00 2007:1.00 2008:1.00 2009:1.00 2010:1.00 2011:1.00 2012:1.00 2013:1.00 2014:1.00 2015:1.00 2016:1.00 2017:1.00 2018:1.00 2019:1.00 2020:1.00 2021:1.00 2022:1.00 2023:1.00 2024:1.00 2025:1.00
qbr_season,rank,healthy,2025,0.575,,,2006:0.58 2007:0.56 2008:0.55 2009:0.54 2010:0.54 2011:0.60 2012:0.62 2013:0.59 2014:0.61 2015:0.63 2016:0.57 2017:0.60 2018:0.61 2019:0.52 2020:0.56 2021:0.49 2022:0.57 2023:0.54 2024:0.53 2025:0.58
qbr_season,qbr_total,healthy,2025,1.0,,,2006:1.00 2007:1.00 2008:1.00 2009:1.00 2010:1.00 2011:1.00 2012:1.00 2013:1.00 2014:1.00 2015:1.00 2016:1.00 2017:1.00 2018:1.00 2019:1.00 2020:1.00 2021:1.00 2022:1.00 2023:1.00 2024:1.00 2025:1.00
qbr_season,pts_added,healthy,2025,1.0,,,2006:1.00 2007:1.00 2008:1.00 2009:1.00 2010:1.00 2011:1.00 2012:1.00 2013:1.00 2014:1.00 2015:1.00 2016:1.00 2017:1.00 2018:1.00 2019:1.00 2020:1.00 2021:1.00 2022:1.00 2023:1.00 2024:1.00 2025:1.00
qbr_season,qb_plays,healthy,2025,1.0,,,2006:1.00 2007:1.00 2008:1.00 2009:1.00 2010:1.00 2011:1.00 2012:1.00 2013:1.00 2014:1.00 2015:1.00 2016:1.00 2017:1.00 2018:1.00 2019:1.00 2020:1.00 2021:1.00 2022:1.00 2023:1.00 2024:1.00 2025:1.00
qbr_season,epa_total,healthy,2025,1.0,,,2006:1.00 2007:1.00 2008:1.00 2009:1.00 2010:1.00 2011:1.00 2012:1.00 2013:1.00 2014:1.00 2015:1.00 2016:1.00 2017:1.00 2018:1.00 2019:1.00 2020:1.00 2021:1.00 2022:1.00 2023:1.00 2024:1.00 2025:1.00
qbr_season,pass,healthy,2025,1.0,,,2006:1.00 2007:1.00 2008:1.00 2009:1.00 2010:1.00 2011:1.00 2012:1.00 2013:1.00 2014:1.00 2015:1.00 2016:1.00 2017:1.00 2018:1.00 2019:1.00 2020:1.00 2021:1.00 2022:1.00 2023:1.00 2024:1.00 2025:1.00
qbr_season,run,healthy,2025,1.0,,,2006:1.00 2007:1.00 2008:1.00 2009:1.00 2010:1.00 2011:1.00 2012:1.00 2013:1.00 2014:1.00 2015:1.00 2016:1.00 2017:1.00 2018:1.00 2019:1.00 2020:1.00 2021:1.00 2022:1.00 2023:1.00 2024:1.00 2025:1.00
qbr_season,exp_sack,healthy,2025,1.0,,,2006:1.00 2007:1.00 2008:1.00 2009:1.00 2010:1.00 2011:1.00 2012:1.00 2013:1.00 2014:1.00 2015:1.00 2016:1.00 2017:1.00 2018:1.00 2019:1.00 2020:1.00 2021:1.00 2022:1.00 2023:1.00 2024:1.00 2025:1.00
qbr_season,penalty,healthy,2025,1.0,,,2006:1.00 2007:1.00 2008:1.00 2009:1.00 2010:1.00 2011:1.00 2012:1.00 2013:1.00 2014:1.00 2015:1.00 2016:1.00 2017:1.00 2018:1.00 2019:1.00 2020:1.00 2021:1.00 2022:1.00 2023:1.00 2024:1.00 2025:1.00
qbr_season,qbr_raw,healthy,2025,1.0,,,2006:1.00 2007:1.00 2008:1.00 2009:1.00 2010:1.00 2011:1.00 2012:1.00 2013:1.00 2014:1.00 2015:1.00 2016:1.00 2017:1.00 2018:1.00 2019:1.00 2020:1.00 2021:1.00 2022:1.00 2023:1.00 2024:1.00 2025:1.00
qbr_season,sack,healthy,2025,1.0,,,2006:1.00 2007:1.00 2008:1.00 2009:1.00 2010:1.00 2011:1.00 2012:1.00 2013:1.00 2014:1.00 2015:1.00 2016:1.00 2017:1.00 2018:1.00 2019:1.00 2020:1.00 2021:1.00 2022:1.00 2023:1.00 2024:1.00 2025:1.00
qbr_season,name_first,healthy,2025,1.0,,,2006:1.00 2007:1.00 2008:1.00 2009:1.00 2010:1.00 2011:1.00 2012:1.00 2013:1.00 2014:1.00 2015:1.00 2016:1.00 2017:1.00 2018:1.00 2019:1.00 2020:1.00 2021:1.00 2022:1.00 2023:1.00 2024:1.00 2025:1.00
qbr_season,name_last,healthy,2025,1.0,,,2006:1.00 2007:1.00 2008:1.00 2009:1.00 2010:1.00 2011:1.00 2012:1.00 2013:1.00 2014:1.00 2015:1.00 2016:1.00 2017:1.00 2018:1.00 2019:1.00 2020:1.00 2021:1.00 2022:1.00 2023:1.00 2024:1.00 2025:1.00
qbr_season,name_display,healthy,2025,1.0,,,2006:1.00 2007:1.00 2008:1.00 2009:1.00 2010:1.00 2011:1.00 2012:1.00 2013:1.00 2014:1.00 2015:1.00 2016:1.00 2017:1.00 2018:1.00 2019:1.00 2020:1.00 2021:1.00 2022:1.00 2023:1.00 2024:1.00 2025:1.00
qbr_season,headshot_href,healthy,2025,1.0,,,2006:0.70 2007:0.83 2008:0.93 2009:0.96 2010:0.99 2011:1.00 2012:1.00 2013:1.00 2014:1.00 2015:1.00 2016:1.00 2017:1.00 2018:1.00 2019:1.00 2020:1.00 2021:1.00 2022:1.00 2023:1.00 2024:1.00 2025:1.00
qbr_season,team,healthy,2025,1.0,,,2006:1.00 2007:1.00 2008:1.00 2009:1.00 2010:1.00 2011:1.00 2012:1.00 2013:1.00 2014:1.00 2015:1.00 2016:1.00 2017:1.00 2018:1.00 2019:0.99 2020:0.98 2021:0.99 2022:1.00 2023:1.00 2024:1.00 2025:1.00
qbr_season,qualified,healthy,2025,1.0,,,2006:1.00 2007:1.00 2008:1.00 2009:1.00 2010:1.00 2011:1.00 2012:1.00 2013:1.00 2014:1.00 2015:1.00 2016:1.00 2017:1.00 2018:1.00 2019:1.00 2020:1.00 2021:1.00 2022:1.00 2023:1.00 2024:1.00 2025:1.00
qbr_week,season_type,healthy,2025,1.0,,,2006:1.00 2007:1.00 2008:1.00 2009:1.00 2010:1.00 2011:1.00 2012:1.00 2013:1.00 2014:1.00 2015:1.00 2016:1.00 2017:1.00 2018:1.00 2019:1.00 2020:1.00 2021:1.00 2022:1.00 2023:1.00 2024:1.00 2025:1.00
qbr_week,game_id,healthy,2025,1.0,,,2006:1.00 2007:1.00 2008:1.00 2009:1.00 2010:1.00 2011:1.00 2012:1.00 2013:1.00 2014:1.00 2015:1.00 2016:1.00 2017:1.00 2018:1.00 2019:1.00 2020:1.00 2021:1.00 2022:1.00 2023:1.00 2024:1.00 2025:1.00
qbr_week,game_week,healthy,2025,1.0,,,2006:1.00 2007:1.00 2008:1.00 2009:1.00 2010:1.00 2011:1.00 2012:1.00 2013:1.00 2014:1.00 2015:1.00 2016:1.00 2017:1.00 2018:1.00 2019:1.00 2020:1.00 2021:1.00 2022:1.00 2023:1.00 2024:1.00 2025:1.00
qbr_week,week_text,healthy,2025,1.0,,,2006:1.00 2007:1.00 2008:1.00 2009:1.00 2010:1.00 2011:1.00 2012:1.00 2013:1.00 2014:1.00 2015:1.00 2016:1.00 2017:1.00 2018:1.00 2019:1.00 2020:1.00 2021:1.00 2022:1.00 2023:1.00 2024:1.00 2025:1.00
qbr_week,team_abb,healthy,2025,1.0,,,2006:1.00 2007:1.00 2008:1.00 2009:1.00 2010:1.00 2011:1.00 2012:1.00 2013:1.00 2014:1.00 2015:1.00 2016:1.00 2017:1.00 2018:1.00 2019:1.00 2020:1.00 2021:1.00 2022:1.00 2023:1.00 2024:1.00 2025:1.00
qbr_week,player_id,healthy,2025,1.0,,,2006:1.00 2007:1.00 2008:1.00 2009:1.00 2010:1.00 2011:1.00 2012:1.00 2013:1.00 2014:1.00 2015:1.00 2016:1.00 2017:1.00 2018:1.00 2019:1.00 2020:1.00 2021:1.00 2022:1.00 2023:1.00 2024:1.00 2025:1.00
qbr_week,name_short,healthy,2025,1.0,,,2006:1.00 2007:1.00 2008:1.00 2009:1.00 2010:1.00 2011:1.00 2012:1.00 2013:1.00 2014:1.00 2015:1.00 2016:1.00 2017:1.00 2018:1.00 2019:1.00 2020:1.00 2021:1.00 2022:1.00 2023:1.00 2024:1.00 2025:1.00
qbr_week,rank,healthy,2025,1.0,,,2006:1.00 2007:1.00 2008:1.00 2009:1.00 2010:1.00 2011:1.00 2012:1.00 2013:1.00 2014:1.00 2015:1.00 2016:1.00 2017:1.00 2018:1.00 2019:1.00 2020:1.00 2021:1.00 2022:1.00 2023:1.00 2024:1.00 2025:1.00
qbr_week,qbr_total,healthy,2025,1.0,,,2006:1.00 2007:1.00 2008:1.00 2009:1.00 2010:1.00 2011:1.00 2012:1.00 2013:1.00 2014:1.00 2015:1.00 2016:1.00 2017:1.00 2018:1.00 2019:1.00 2020:1.00 2021:1.00 2022:1.00 2023:1.00 2024:1.00 2025:1.00
qbr_week,pts_added,healthy,2025,1.0,,,2006:1.00 2007:1.00 2008:1.00 2009:1.00 2010:1.00 2011:1.00 2012:1.00 2013:1.00 2014:1.00 2015:1.00 2016:1.00 2017:1.00 2018:1.00 2019:1.00 2020:1.00 2021:1.00 2022:1.00 2023:1.00 2024:1.00 2025:1.00
qbr_week,qb_plays,healthy,2025,1.0,,,2006:1.00 2007:1.00 2008:1.00 2009:1.00 2010:1.00 2011:1.00 2012:1.00 2013:1.00 2014:1.00 2015:1.00 2016:1.00 2017:1.00 2018:1.00 2019:1.00 2020:1.00 2021:1.00 2022:1.00 2023:1.00 2024:1.00 2025:1.00
qbr_week,epa_total,healthy,2025,1.0,,,2006:1.00 2007:1.00 2008:1.00 2009:1.00 2010:1.00 2011:1.00 2012:1.00 2013:1.00 2014:1.00 2015:1.00 2016:1.00 2017:1.00 2018:1.00 2019:1.00 2020:1.00 2021:1.00 2022:1.00 2023:1.00 2024:1.00 2025:1.00
qbr_week,pass,healthy,2025,1.0,,,2006:1.00 2007:1.00 2008:1.00 2009:1.00 2010:1.00 2011:1.00 2012:1.00 2013:1.00 2014:1.00 2015:1.00 2016:1.00 2017:1.00 2018:1.00 2019:1.00 2020:1.00 2021:1.00 2022:1.00 2023:1.00 2024:1.00 2025:1.00
qbr_week,run,healthy,2025,1.0,,,2006:1.00 2007:1.00 2008:1.00 2009:1.00 2010:1.00 2011:1.00 2012:1.00 2013:1.00 2014:1.00 2015:1.00 2016:1.00 2017:1.00 2018:1.00 2019:1.00 2020:1.00 2021:1.00 2022:1.00 2023:1.00 2024:1.00 2025:1.00
qbr_week,exp_sack,healthy,2025,1.0,,,2006:1.00 2007:1.00 2008:1.00 2009:1.00 2010:1.00 2011:1.00 2012:1.00 2013:1.00 2014:1.00 2015:1.00 2016:1.00 2017:1.00 2018:1.00 2019:1.00 2020:1.00 2021:1.00 2022:1.00 2023:1.00 2024:1.00 2025:1.00
qbr_week,penalty,healthy,2025,1.0,,,2006:1.00 2007:1.00 2008:1.00 2009:1.00 2010:1.00 2011:1.00 2012:1.00 2013:1.00 2014:1.00 2015:1.00 2016:1.00 2017:1.00 2018:1.00 2019:1.00 2020:1.00 2021:1.00 2022:1.00 2023:1.00 2024:1.00 2025:1.00
qbr_week,qbr_raw,healthy,2025,1.0,,,2006:1.00 2007:1.00 2008:1.00 2009:1.00 2010:1.00 2011:1.00 2012:1.00 2013:1.00 2014:1.00 2015:1.00 2016:1.00 2017:1.00 2018:1.00 2019:1.00 2020:1.00 2021:1.00 2022:1.00 2023:1.00 2024:1.00 2025:1.00
qbr_week,sack,healthy,2025,1.0,,,2006:1.00 2007:1.00 2008:1.00 2009:1.00 2010:1.00 2011:1.00 2012:1.00 2013:1.00 2014:1.00 2015:1.00 2016:1.00 2017:1.00 2018:1.00 2019:1.00 2020:1.00 2021:1.00 2022:1.00 2023:1.00 2024:1.00 2025:1.00
qbr_week,name_first,healthy,2025,1.0,,,2006:1.00 2007:1.00 2008:1.00 2009:1.00 2010:1.00 2011:1.00 2012:1.00 2013:1.00 2014:1.00 2015:1.00 2016:1.00 2017:1.00 2018:1.00 2019:1.00 2020:1.00 2021:1.00 2022:1.00 2023:1.00 2024:1.00 2025:1.00
qbr_week,name_last,healthy,2025,1.0,,,2006:1.00 2007:1.00 2008:1.00 2009:1.00 2010:1.00 2011:1.00 2012:1.00 2013:1.00 2014:1.00 2015:1.00 2016:1.00 2017:1.00 2018:1.00 2019:1.00 2020:1.00 2021:1.00 2022:1.00 2023:1.00 2024:1.00 2025:1.00
qbr_week,name_display,healthy,2025,1.0,,,2006:1.00 2007:1.00 2008:1.00 2009:1.00 2010:1.00 2011:1.00 2012:1.00 2013:1.00 2014:1.00 2015:1.00 2016:1.00 2017:1.00 2018:1.00 2019:1.00 2020:1.00 2021:1.00 2022:1.00 2023:1.00 2024:1.00 2025:1.00
qbr_week,headshot_href,healthy,2025,1.0,,,2006:0.78 2007:0.81 2008:0.89 2009:0.96 2010:1.00 2011:1.00 2012:1.00 2013:1.00 2014:1.00 2015:1.00 2016:1.00 2017:1.00 2018:1.00 2019:1.00 2020:1.00 2021:1.00 2022:1.00 2023:1.00 2024:1.00 2025:1.00
qbr_week,team,healthy,2025,1.0,,,2006:1.00 2007:1.00 2008:1.00 2009:1.00 2010:1.00 2011:1.00 2012:1.00 2013:1.00 2014:1.00 2015:1.00 2016:1.00 2017:1.00 2018:1.00 2019:0.97 2020:0.97 2021:0.97 2022:1.00 2023:1.00 2024:1.00 2025:1.00
qbr_week,opp_id,healthy,2025,1.0,,,2006:1.00 2007:1.00 2008:1.00 2009:1.00 2010:1.00 2011:1.00 2012:1.00 2013:1.00 2014:1.00 2015:1.00 2016:1.00 2017:1.00 2018:1.00 2019:1.00 2020:1.00 2021:1.00 2022:1.00 2023:1.00 2024:1.00 2025:1.00
qbr_week,opp_abb,healthy,2025,1.0,,,2006:1.00 2007:1.00 2008:1.00 2009:1.00 2010:1.00 2011:1.00 2012:1.00 2013:1.00 2014:1.00 2015:1.00 2016:1.00 2017:1.00 2018:1.00 2019:1.00 2020:1.00 2021:1.00 2022:1.00 2023:1.00 2024:1.00 2025:1.00
qbr_week,opp_team,healthy,2025,1.0,,,2006:1.00 2007:1.00 2008:1.00 2009:1.00 2010:1.00 2011:1.00 2012:1.00 2013:1.00 2014:1.00 2015:1.00 2016:1.00 2017:1.00 2018:1.00 2019:1.00 2020:1.00 2021:1.00 2022:1.00 2023:1.00 2024:1.00 2025:1.00
qbr_week,opp_name,healthy,2025,1.0,,,2006:1.00 2007:1.00 2008:1.00 2009:1.00 2010:1.00 2011:1.00 2012:1.00 2013:1.00 2014:1.00 2015:1.00 2016:1.00 2017:1.00 2018:1.00 2019:0.97 2020:0.97 2021:0.97 2022:1.00 2023:1.00 2024:1.00 2025:1.00
qbr_week,week_num,healthy,2025,1.0,,,2006:1.00 2007:1.00 2008:1.00 2009:1.00 2010:1.00 2011:1.00 2012:1.00 2013:1.00 2014:1.00 2015:1.00 2016:1.00 2017:1.00 2018:1.00 2019:1.00 2020:1.00 2021:1.00 2022:1.00 2023:1.00 2024:1.00 2025:1.00
qbr_week,qualified,healthy,2025,1.0,,,2006:1.00 2007:1.00 2008:1.00 2009:1.00 2010:1.00 2011:1.00 2012:1.00 2013:1.00 2014:1.00 2015:1.00 2016:1.00 2017:1.00 2018:1.00 2019:1.00 2020:1.00 2021:1.00 2022:1.00 2023:1.00 2024:1.00 2025:1.00
rosters,team,healthy,2025,1.0,,1.0,1999:1.00 2000:1.00 2001:1.00 2002:1.00 2003:1.00 2004:1.00 2005:1.00 2006:1.00 2007:1.00 2008:1.00 2009:1.00 2010:1.00 2011:1.00 2012:1.00 2013:1.00 2014:1.00 2015:1.00 2016:1.00 2017:1.00 2018:1.00 2019:1.00 2020:1.00 2021:1.00 2022:1.00 2023:1.00 2024:1.00 2025:1.00 2026:1.00
rosters,position,healthy,2025,1.0,,1.0,1999:1.00 2000:1.00 2001:1.00 2002:1.00 2003:1.00 2004:1.00 2005:1.00 2006:1.00 2007:1.00 2008:1.00 2009:1.00 2010:1.00 2011:1.00 2012:1.00 2013:1.00 2014:1.00 2015:1.00 2016:1.00 2017:1.00 2018:1.00 2019:1.00 2020:1.00 2021:1.00 2022:1.00 2023:1.00 2024:1.00 2025:1.00 2026:1.00
rosters,depth_chart_position,healthy,2025,1.0,,1.0,1999:1.00 2000:1.00 2001:1.00 2002:0.00 2003:0.00 2004:0.00 2005:0.00 2006:0.00 2007:0.00 2008:0.00 2009:0.00 2010:0.00 2011:0.00 2012:0.00 2013:0.00 2014:0.00 2015:0.00 2016:1.00 2017:1.00 2018:1.00 2019:1.00 2020:1.00 2021:1.00 2022:1.00 2023:1.00 2024:1.00 2025:1.00 2026:1.00
rosters,status,healthy,2025,1.0,,1.0,1999:1.00 2000:1.00 2001:1.00 2002:1.00 2003:1.00 2004:1.00 2005:1.00 2006:1.00 2007:1.00 2008:1.00 2009:1.00 2010:1.00 2011:1.00 2012:1.00 2013:1.00 2014:1.00 2015:1.00 2016:1.00 2017:1.00 2018:1.00 2019:1.00 2020:1.00 2021:1.00 2022:1.00 2023:1.00 2024:1.00 2025:1.00 2026:1.00
rosters,full_name,healthy,2025,1.0,,1.0,1999:1.00 2000:1.00 2001:1.00 2002:1.00 2003:1.00 2004:1.00 2005:1.00 2006:1.00 2007:1.00 2008:1.00 2009:1.00 2010:1.00 2011:1.00 2012:1.00 2013:1.00 2014:1.00 2015:1.00 2016:1.00 2017:1.00 2018:1.00 2019:1.00 2020:1.00 2021:1.00 2022:1.00 2023:1.00 2024:1.00 2025:1.00 2026:1.00
rosters,first_name,healthy,2025,1.0,,1.0,1999:1.00 2000:1.00 2001:1.00 2002:1.00 2003:1.00 2004:1.00 2005:1.00 2006:1.00 2007:1.00 2008:1.00 2009:1.00 2010:1.00 2011:1.00 2012:1.00 2013:1.00 2014:1.00 2015:1.00 2016:1.00 2017:1.00 2018:1.00 2019:1.00 2020:1.00 2021:1.00 2022:1.00 2023:1.00 2024:1.00 2025:1.00 2026:1.00
rosters,last_name,healthy,2025,1.0,,1.0,1999:1.00 2000:1.00 2001:1.00 2002:1.00 2003:1.00 2004:1.00 2005:1.00 2006:1.00 2007:1.00 2008:1.00 2009:1.00 2010:1.00 2011:1.00 2012:1.00 2013:1.00 2014:1.00 2015:1.00 2016:1.00 2017:1.00 2018:1.00 2019:1.00 2020:1.00 2021:1.00 2022:1.00 2023:1.00 2024:1.00 2025:1.00 2026:1.00
rosters,birth_date,healthy,2025,0.948,,0.983,1999:1.00 2000:1.00 2001:1.00 2002:1.00 2003:1.00 2004:1.00 2005:1.00 2006:1.00 2007:1.00 2008:1.00 2009:1.00 2010:1.00 2011:1.00 2012:1.00 2013:1.00 2014:1.00 2015:1.00 2016:0.82 2017:0.85 2018:0.83 2019:0.86 2020:1.00 2021:0.98 2022:0.93 2023:0.92 2024:0.99 2025:0.95 2026:0.98
rosters,height,healthy,2025,0.948,,0.983,1999:1.00 2000:1.00 2001:1.00 2002:1.00 2003:1.00 2004:1.00 2005:1.00 2006:1.00 2007:1.00 2008:1.00 2009:1.00 2010:1.00 2011:1.00 2012:1.00 2013:1.00 2014:1.00 2015:1.00 2016:0.99 2017:1.00 2018:1.00 2019:1.00 2020:1.00 2021:1.00 2022:1.00 2023:1.00 2024:1.00 2025:0.95 2026:0.98
rosters,weight,healthy,2025,1.0,,1.0,1999:1.00 2000:1.00 2001:1.00 2002:1.00 2003:1.00 2004:1.00 2005:1.00 2006:1.00 2007:1.00 2008:1.00 2009:1.00 2010:1.00 2011:1.00 2012:1.00 2013:1.00 2014:1.00 2015:1.00 2016:1.00 2017:1.00 2018:1.00 2019:1.00 2020:1.00 2021:1.00 2022:1.00 2023:1.00 2024:1.00 2025:1.00 2026:1.00
rosters,college,healthy,2025,0.948,,0.983,1999:0.00 2000:0.00 2001:0.01 2002:0.01 2003:0.02 2004:0.03 2005:0.05 2006:0.08 2007:0.11 2008:0.15 2009:0.21 2010:0.28 2011:0.37 2012:0.47 2013:0.60 2014:0.75 2015:0.91 2016:0.83 2017:1.00 2018:1.00 2019:1.00 2020:1.00 2021:1.00 2022:1.00 2023:1.00 2024:1.00 2025:0.95 2026:0.98
rosters,gsis_id,healthy,2025,0.999,,0.998,1999:1.00 2000:1.00 2001:1.00 2002:1.00 2003:1.00 2004:1.00 2005:1.00 2006:1.00 2007:1.00 2008:1.00 2009:1.00 2010:1.00 2011:1.00 2012:1.00 2013:1.00 2014:1.00 2015:1.00 2016:1.00 2017:1.00 2018:1.00 2019:1.00 2020:1.00 2021:1.00 2022:1.00 2023:1.00 2024:1.00 2025:1.00 2026:1.00
rosters,espn_id,healthy,2025,0.703,,0.664,1999:0.01 2000:0.01 2001:0.01 2002:0.02 2003:0.03 2004:0.04 2005:0.05 2006:0.08 2007:0.10 2008:0.13 2009:0.17 2010:0.22 2011:0.28 2012:0.35 2013:0.40 2014:0.47 2015:0.55 2016:0.50 2017:0.58 2018:0.67 2019:0.71 2020:0.76 2021:0.72 2022:0.61 2023:0.53 2024:0.65 2025:0.70 2026:0.66
rosters,sportradar_id,healthy,2025,0.682,,0.619,1999:0.00 2000:0.01 2001:0.01 2002:0.02 2003:0.03 2004:0.04 2005:0.05 2006:0.07 2007:0.09 2008:0.13 2009:0.16 2010:0.21 2011:0.27 2012:0.35 2013:0.40 2014:0.47 2015:0.55 2016:0.50 2017:0.58 2018:0.67 2019:0.71 2020:0.76 2021:0.76 2022:0.66 2023:0.68 2024:0.65 2025:0.68 2026:0.62
rosters,yahoo_id,healthy,2025,0.499,,0.386,1999:0.00 2000:0.00 2001:0.01 2002:0.01 2003:0.01 2004:0.02 2005:0.03 2006:0.04 2007:0.06 2008:0.08 2009:0.11 2010:0.14 2011:0.20 2012:0.27 2013:0.35 2014:0.45 2015:0.55 2016:0.50 2017:0.58 2018:0.67 2019:0.71 2020:0.76 2021:0.68 2022:0.54 2023:0.65 2024:0.57 2025:0.50 2026:0.39
rosters,rotowire_id,healthy,2025,0.703,,0.664,1999:0.01 2000:0.01 2001:0.01 2002:0.02 2003:0.03 2004:0.04 2005:0.06 2006:0.08 2007:0.10 2008:0.14 2009:0.17 2010:0.22 2011:0.28 2012:0.35 2013:0.40 2014:0.47 2015:0.56 2016:0.50 2017:0.58 2018:0.67 2019:0.71 2020:0.76 2021:0.76 2022:0.66 2023:0.68 2024:0.65 2025:0.70 2026:0.66
rosters,pff_id,healthy,2025,0.703,,0.58,1999:0.01 2000:0.01 2001:0.02 2002:0.02 2003:0.03 2004:0.04 2005:0.05 2006:0.08 2007:0.10 2008:0.13 2009:0.17 2010:0.22 2011:0.27 2012:0.34 2013:0.39 2014:0.47 2015:0.55 2016:0.50 2017:0.57 2018:0.66 2019:0.70 2020:0.74 2021:0.72 2022:0.58 2023:0.47 2024:0.37 2025:0.70 2026:0.58
rosters,pfr_id,healthy,2025,0.7,,0.655,1999:0.00 2000:0.01 2001:0.01 2002:0.02 2003:0.03 2004:0.03 2005:0.04 2006:0.06 2007:0.08 2008:0.11 2009:0.14 2010:0.17 2011:0.21 2012:0.26 2013:0.30 2014:0.34 2015:0.40 2016:0.35 2017:0.40 2018:0.44 2019:0.46 2020:0.51 2021:0.51 2022:0.42 2023:0.58 2024:0.55 2025:0.70 2026:0.65
rosters,fantasy_data_id,healthy,2025,0.655,,0.619,1999:0.00 2000:0.00 2001:0.01 2002:0.01 2003:0.01 2004:0.02 2005:0.03 2006:0.05 2007:0.07 2008:0.09 2009:0.12 2010:0.16 2011:0.22 2012:0.29 2013:0.37 2014:0.47 2015:0.55 2016:0.50 2017:0.58 2018:0.67 2019:0.71 2020:0.76 2021:0.65 2022:0.51 2023:0.40 2024:0.31 2025:0.66 2026:0.62
rosters,sleeper_id,healthy,2025,0.682,,0.619,1999:0.00 2000:0.00 2001:0.01 2002:0.01 2003:0.01 2004:0.02 2005:0.03 2006:0.05 2007:0.07 2008:0.09 2009:0.12 2010:0.16 2011:0.22 2012:0.29 2013:0.37 2014:0.47 2015:0.55 2016:0.50 2017:0.58 2018:0.67 2019:0.71 2020:0.76 2021:0.76 2022:0.66 2023:0.68 2024:0.65 2025:0.68 2026:0.62
rosters,years_exp,healthy,2025,1.0,,1.0,1999:0.00 2000:0.00 2001:0.00 2002:1.00 2003:1.00 2004:1.00 2005:1.00 2006:1.00 2007:1.00 2008:1.00 2009:1.00 2010:1.00 2011:1.00 2012:1.00 2013:1.00 2014:1.00 2015:1.00 2016:0.83 2017:1.00 2018:1.00 2019:1.00 2020:1.00 2021:1.00 2022:1.00 2023:1.00 2024:1.00 2025:1.00 2026:1.00
rosters,headshot_url,healthy,2025,0.971,,0.95,1999:1.00 2000:1.00 2001:1.00 2002:1.00 2003:1.00 2004:1.00 2005:1.00 2006:1.00 2007:1.00 2008:1.00 2009:1.00 2010:1.00 2011:1.00 2012:1.00 2013:1.00 2014:1.00 2015:1.00 2016:0.83 2017:1.00 2018:1.00 2019:1.00 2020:0.93 2021:0.95 2022:0.93 2023:0.93 2024:0.95 2025:0.97 2026:0.95
rosters,esb_id,healthy,2025,1.0,,0.984,1999:1.00 2000:1.00 2001:1.00 2002:1.00 2003:1.00 2004:1.00 2005:1.00 2006:1.00 2007:1.00 2008:1.00 2009:1.00 2010:1.00 2011:1.00 2012:1.00 2013:1.00 2014:1.00 2015:1.00 2016:1.00 2017:1.00 2018:1.00 2019:1.00 2020:1.00 2021:1.00 2022:0.99 2023:1.00 2024:0.99 2025:1.00 2026:0.98
rosters,gsis_it_id,healthy,2025,1.0,,1.0,1999:0.00 2000:0.00 2001:0.01 2002:0.01 2003:0.02 2004:0.03 2005:0.05 2006:0.08 2007:0.11 2008:0.15 2009:0.21 2010:0.28 2011:0.37 2012:0.47 2013:0.61 2014:0.76 2015:0.91 2016:0.91 2017:1.00 2018:1.00 2019:1.00 2020:1.00 2021:1.00 2022:1.00 2023:1.00 2024:1.00 2025:1.00 2026:1.00
rosters,smart_id,healthy,2025,0.999,,0.983,1999:1.00 2000:1.00 2001:1.00 2002:1.00 2003:1.00 2004:1.00 2005:1.00 2006:1.00 2007:1.00 2008:1.00 2009:1.00 2010:1.00 2011:1.00 2012:1.00 2013:1.00 2014:1.00 2015:1.00 2016:1.00 2017:1.00 2018:1.00 2019:1.00 2020:1.00 2021:0.98 2022:0.99 2023:1.00 2024:0.99 2025:1.00 2026:0.98
rosters,entry_year,healthy,2025,1.0,,1.0,1999:0.00 2000:0.00 2001:0.00 2002:1.00 2003:1.00 2004:1.00 2005:1.00 2006:1.00 2007:1.00 2008:1.00 2009:1.00 2010:1.00 2011:1.00 2012:1.00 2013:1.00 2014:1.00 2015:1.00 2016:0.83 2017:1.00 2018:1.00 2019:1.00 2020:1.00 2021:1.00 2022:1.00 2023:1.00 2024:1.00 2025:1.00 2026:1.00
rosters,rookie_year,healthy,2025,1.0,,1.0,1999:0.00 2000:0.00 2001:0.00 2002:1.00 2003:1.00 2004:1.00 2005:1.00 2006:1.00 2007:1.00 2008:1.00 2009:1.00 2010:1.00 2011:1.00 2012:1.00 2013:1.00 2014:1.00 2015:1.00 2016:0.83 2017:1.00 2018:1.00 2019:1.00 2020:1.00 2021:1.00 2022:1.00 2023:1.00 2024:1.00 2025:1.00 2026:1.00
rosters,draft_club,healthy,2025,0.592,,0.593,1999:0.00 2000:0.00 2001:0.00 2002:0.71 2003:0.71 2004:0.71 2005:0.71 2006:0.72 2007:0.72 2008:0.73 2009:0.72 2010:0.72 2011:0.71 2012:0.69 2013:0.68 2014:0.67 2015:0.66 2016:0.50 2017:0.52 2018:0.52 2019:0.53 2020:0.57 2021:0.59 2022:0.57 2023:0.58 2024:0.57 2025:0.59 2026:0.59
rosters,jersey_number,healthy,2025,1.0,,0.948,1999:1.00 2000:1.00 2001:1.00 2002:1.00 2003:1.00 2004:1.00 2005:1.00 2006:1.00 2007:1.00 2008:1.00 2009:1.00 2010:1.00 2011:1.00 2012:1.00 2013:1.00 2014:1.00 2015:1.00 2016:0.96 2017:1.00 2018:1.00 2019:1.00 2020:1.00 2021:1.00 2022:0.98 2023:1.00 2024:0.99 2025:1.00 2026:0.95
rosters,ngs_position,healthy,2025,0.388,,0.0,1999:0.00 2000:0.00 2001:0.00 2002:0.00 2003:0.00 2004:0.00 2005:0.00 2006:0.00 2007:0.00 2008:0.00 2009:0.00 2010:0.00 2011:0.00 2012:0.00 2013:0.00 2014:0.00 2015:0.00 2016:0.39 2017:0.38 2018:0.37 2019:0.37 2020:0.39 2021:0.40 2022:0.38 2023:0.39 2024:0.38 2025:0.39 2026:0.00
rosters,week,healthy,2025,1.0,,1.0,1999:0.00 2000:0.00 2001:0.00 2002:1.00 2003:1.00 2004:1.00 2005:1.00 2006:1.00 2007:1.00 2008:1.00 2009:1.00 2010:1.00 2011:1.00 2012:1.00 2013:1.00 2014:1.00 2015:1.00 2016:1.00 2017:1.00 2018:1.00 2019:1.00 2020:1.00 2021:1.00 2022:1.00 2023:1.00 2024:1.00 2025:1.00 2026:1.00
rosters,game_type,healthy,2025,1.0,,1.0,1999:0.00 2000:0.00 2001:0.00 2002:1.00 2003:1.00 2004:1.00 2005:1.00 2006:1.00 2007:1.00 2008:1.00 2009:1.00 2010:1.00 2011:1.00 2012:1.00 2013:1.00 2014:1.00 2015:1.00 2016:1.00 2017:1.00 2018:1.00 2019:1.00 2020:1.00 2021:1.00 2022:1.00 2023:1.00 2024:1.00 2025:1.00 2026:1.00
rosters,status_description_abbr,healthy,2025,1.0,,1.0,1999:0.00 2000:0.00 2001:0.00 2002:1.00 2003:1.00 2004:1.00 2005:1.00 2006:1.00 2007:1.00 2008:1.00 2009:1.00 2010:1.00 2011:1.00 2012:1.00 2013:1.00 2014:1.00 2015:1.00 2016:0.42 2017:0.56 2018:0.55 2019:0.55 2020:0.93 2021:1.00 2022:1.00 2023:1.00 2024:1.00 2025:1.00 2026:1.00
rosters,football_name,healthy,2025,1.0,,1.0,1999:0.00 2000:0.00 2001:0.00 2002:1.00 2003:1.00 2004:1.00 2005:1.00 2006:1.00 2007:1.00 2008:1.00 2009:1.00 2010:1.00 2011:1.00 2012:1.00 2013:1.00 2014:1.00 2015:1.00 2016:0.99 2017:1.00 2018:1.00 2019:1.00 2020:1.00 2021:1.00 2022:1.00 2023:1.00 2024:1.00 2025:1.00 2026:1.00
rosters,draft_number,healthy,2025,0.592,,0.592,1999:0.00 2000:0.00 2001:0.00 2002:0.71 2003:0.71 2004:0.71 2005:0.71 2006:0.72 2007:0.72 2008:0.73 2009:0.72 2010:0.72 2011:0.71 2012:0.69 2013:0.68 2014:0.67 2015:0.66 2016:0.28 2017:0.37 2018:0.37 2019:0.37 2020:0.54 2021:0.59 2022:0.57 2023:0.58 2024:0.57 2025:0.59 2026:0.59
schedules,game_id,healthy,2025,1.0,,1.0,1999:1.00 2000:1.00 2001:1.00 2002:1.00 2003:1.00 2004:1.00 2005:1.00 2006:1.00 2007:1.00 2008:1.00 2009:1.00 2010:1.00 2011:1.00 2012:1.00 2013:1.00 2014:1.00 2015:1.00 2016:1.00 2017:1.00 2018:1.00 2019:1.00 2020:1.00 2021:1.00 2022:1.00 2023:1.00 2024:1.00 2025:1.00 2026:1.00
schedules,game_type,healthy,2025,1.0,,1.0,1999:1.00 2000:1.00 2001:1.00 2002:1.00 2003:1.00 2004:1.00 2005:1.00 2006:1.00 2007:1.00 2008:1.00 2009:1.00 2010:1.00 2011:1.00 2012:1.00 2013:1.00 2014:1.00 2015:1.00 2016:1.00 2017:1.00 2018:1.00 2019:1.00 2020:1.00 2021:1.00 2022:1.00 2023:1.00 2024:1.00 2025:1.00 2026:1.00
schedules,week,healthy,2025,1.0,,1.0,1999:1.00 2000:1.00 2001:1.00 2002:1.00 2003:1.00 2004:1.00 2005:1.00 2006:1.00 2007:1.00 2008:1.00 2009:1.00 2010:1.00 2011:1.00 2012:1.00 2013:1.00 2014:1.00 2015:1.00 2016:1.00 2017:1.00 2018:1.00 2019:1.00 2020:1.00 2021:1.00 2022:1.00 2023:1.00 2024:1.00 2025:1.00 2026:1.00
schedules,gameday,healthy,2025,1.0,,1.0,1999:1.00 2000:1.00 2001:1.00 2002:1.00 2003:1.00 2004:1.00 2005:1.00 2006:1.00 2007:1.00 2008:1.00 2009:1.00 2010:1.00 2011:1.00 2012:1.00 2013:1.00 2014:1.00 2015:1.00 2016:1.00 2017:1.00 2018:1.00 2019:1.00 2020:1.00 2021:1.00 2022:1.00 2023:1.00 2024:1.00 2025:1.00 2026:1.00
schedules,weekday,healthy,2025,1.0,,1.0,1999:1.00 2000:1.00 2001:1.00 2002:1.00 2003:1.00 2004:1.00 2005:1.00 2006:1.00 2007:1.00 2008:1.00 2009:1.00 2010:1.00 2011:1.00 2012:1.00 2013:1.00 2014:1.00 2015:1.00 2016:1.00 2017:1.00 2018:1.00 2019:1.00 2020:1.00 2021:1.00 2022:1.00 2023:1.00 2024:1.00 2025:1.00 2026:1.00
schedules,gametime,healthy,2025,1.0,,1.0,1999:0.00 2000:1.00 2001:1.00 2002:1.00 2003:1.00 2004:1.00 2005:1.00 2006:1.00 2007:1.00 2008:1.00 2009:1.00 2010:1.00 2011:1.00 2012:1.00 2013:1.00 2014:1.00 2015:1.00 2016:1.00 2017:1.00 2018:1.00 2019:1.00 2020:1.00 2021:1.00 2022:1.00 2023:1.00 2024:1.00 2025:1.00 2026:1.00
schedules,away_team,healthy,2025,1.0,,1.0,1999:1.00 2000:1.00 2001:1.00 2002:1.00 2003:1.00 2004:1.00 2005:1.00 2006:1.00 2007:1.00 2008:1.00 2009:1.00 2010:1.00 2011:1.00 2012:1.00 2013:1.00 2014:1.00 2015:1.00 2016:1.00 2017:1.00 2018:1.00 2019:1.00 2020:1.00 2021:1.00 2022:1.00 2023:1.00 2024:1.00 2025:1.00 2026:1.00
schedules,away_score,healthy,2025,1.0,,0.0,1999:1.00 2000:1.00 2001:1.00 2002:1.00 2003:1.00 2004:1.00 2005:1.00 2006:1.00 2007:1.00 2008:1.00 2009:1.00 2010:1.00 2011:1.00 2012:1.00 2013:1.00 2014:1.00 2015:1.00 2016:1.00 2017:1.00 2018:1.00 2019:1.00 2020:1.00 2021:1.00 2022:1.00 2023:1.00 2024:1.00 2025:1.00 2026:0.00
schedules,home_team,healthy,2025,1.0,,1.0,1999:1.00 2000:1.00 2001:1.00 2002:1.00 2003:1.00 2004:1.00 2005:1.00 2006:1.00 2007:1.00 2008:1.00 2009:1.00 2010:1.00 2011:1.00 2012:1.00 2013:1.00 2014:1.00 2015:1.00 2016:1.00 2017:1.00 2018:1.00 2019:1.00 2020:1.00 2021:1.00 2022:1.00 2023:1.00 2024:1.00 2025:1.00 2026:1.00
schedules,home_score,healthy,2025,1.0,,0.0,1999:1.00 2000:1.00 2001:1.00 2002:1.00 2003:1.00 2004:1.00 2005:1.00 2006:1.00 2007:1.00 2008:1.00 2009:1.00 2010:1.00 2011:1.00 2012:1.00 2013:1.00 2014:1.00 2015:1.00 2016:1.00 2017:1.00 2018:1.00 2019:1.00 2020:1.00 2021:1.00 2022:1.00 2023:1.00 2024:1.00 2025:1.00 2026:0.00
schedules,location,healthy,2025,1.0,,1.0,1999:1.00 2000:1.00 2001:1.00 2002:1.00 2003:1.00 2004:1.00 2005:1.00 2006:1.00 2007:1.00 2008:1.00 2009:1.00 2010:1.00 2011:1.00 2012:1.00 2013:1.00 2014:1.00 2015:1.00 2016:1.00 2017:1.00 2018:1.00 2019:1.00 2020:1.00 2021:1.00 2022:1.00 2023:1.00 2024:1.00 2025:1.00 2026:1.00
schedules,result,healthy,2025,1.0,,0.0,1999:1.00 2000:1.00 2001:1.00 2002:1.00 2003:1.00 2004:1.00 2005:1.00 2006:1.00 2007:1.00 2008:1.00 2009:1.00 2010:1.00 2011:1.00 2012:1.00 2013:1.00 2014:1.00 2015:1.00 2016:1.00 2017:1.00 2018:1.00 2019:1.00 2020:1.00 2021:1.00 2022:1.00 2023:1.00 2024:1.00 2025:1.00 2026:0.00
schedules,total,healthy,2025,1.0,,0.0,1999:1.00 2000:1.00 2001:1.00 2002:1.00 2003:1.00 2004:1.00 2005:1.00 2006:1.00 2007:1.00 2008:1.00 2009:1.00 2010:1.00 2011:1.00 2012:1.00 2013:1.00 2014:1.00 2015:1.00 2016:1.00 2017:1.00 2018:1.00 2019:1.00 2020:1.00 2021:1.00 2022:1.00 2023:1.00 2024:1.00 2025:1.00 2026:0.00
schedules,overtime,healthy,2025,1.0,,0.0,1999:1.00 2000:1.00 2001:1.00 2002:1.00 2003:1.00 2004:1.00 2005:1.00 2006:1.00 2007:1.00 2008:1.00 2009:1.00 2010:1.00 2011:1.00 2012:1.00 2013:1.00 2014:1.00 2015:1.00 2016:1.00 2017:1.00 2018:1.00 2019:1.00 2020:1.00 2021:1.00 2022:1.00 2023:1.00 2024:1.00 2025:1.00 2026:0.00
schedules,old_game_id,healthy,2025,1.0,,1.0,1999:1.00 2000:1.00 2001:1.00 2002:1.00 2003:1.00 2004:1.00 2005:1.00 2006:1.00 2007:1.00 2008:1.00 2009:1.00 2010:1.00 2011:1.00 2012:1.00 2013:1.00 2014:1.00 2015:1.00 2016:1.00 2017:1.00 2018:1.00 2019:1.00 2020:1.00 2021:1.00 2022:1.00 2023:1.00 2024:1.00 2025:1.00 2026:1.00
schedules,gsis,healthy,2025,1.0,,0.0,1999:1.00 2000:1.00 2001:1.00 2002:1.00 2003:1.00 2004:1.00 2005:1.00 2006:1.00 2007:1.00 2008:1.00 2009:1.00 2010:1.00 2011:1.00 2012:1.00 2013:1.00 2014:1.00 2015:1.00 2016:1.00 2017:1.00 2018:1.00 2019:1.00 2020:1.00 2021:1.00 2022:1.00 2023:1.00 2024:1.00 2025:1.00 2026:0.00
schedules,nfl_detail_id,silently-dead,2025,0.0,2022,0.0,1999:0.00 2000:0.00 2001:0.00 2002:0.00 2003:0.00 2004:0.00 2005:0.00 2006:0.00 2007:0.00 2008:0.00 2009:0.00 2010:0.00 2011:0.00 2012:0.00 2013:0.00 2014:0.00 2015:0.00 2016:0.00 2017:0.00 2018:0.00 2019:0.00 2020:0.00 2021:0.95 2022:0.00 2023:0.00 2024:0.00 2025:0.00 2026:0.00
schedules,pfr,healthy,2025,1.0,,1.0,1999:1.00 2000:1.00 2001:1.00 2002:1.00 2003:1.00 2004:1.00 2005:1.00 2006:1.00 2007:1.00 2008:1.00 2009:1.00 2010:1.00 2011:1.00 2012:1.00 2013:1.00 2014:1.00 2015:1.00 2016:1.00 2017:1.00 2018:1.00 2019:1.00 2020:1.00 2021:1.00 2022:1.00 2023:1.00 2024:1.00 2025:1.00 2026:1.00
schedules,pff,healthy,2025,0.954,,0.0,1999:0.00 2000:0.00 2001:0.00 2002:0.00 2003:0.00 2004:0.00 2005:0.00 2006:1.00 2007:1.00 2008:1.00 2009:1.00 2010:1.00 2011:1.00 2012:1.00 2013:1.00 2014:1.00 2015:1.00 2016:1.00 2017:1.00 2018:1.00 2019:1.00 2020:1.00 2021:1.00 2022:0.00 2023:0.00 2024:0.00 2025:0.95 2026:0.00
schedules,espn,healthy,2025,1.0,,0.0,1999:1.00 2000:1.00 2001:1.00 2002:1.00 2003:1.00 2004:1.00 2005:1.00 2006:1.00 2007:1.00 2008:1.00 2009:1.00 2010:1.00 2011:1.00 2012:1.00 2013:1.00 2014:1.00 2015:1.00 2016:1.00 2017:1.00 2018:1.00 2019:1.00 2020:1.00 2021:1.00 2022:1.00 2023:1.00 2024:1.00 2025:1.00 2026:0.00
schedules,ftn,healthy,2025,0.975,,0.0,1999:0.00 2000:0.00 2001:0.00 2002:0.00 2003:0.00 2004:0.00 2005:0.00 2006:0.00 2007:0.00 2008:0.00 2009:0.00 2010:0.00 2011:0.00 2012:0.00 2013:0.00 2014:0.00 2015:0.00 2016:0.00 2017:0.00 2018:0.00 2019:1.00 2020:1.00 2021:1.00 2022:1.00 2023:0.00 2024:0.95 2025:0.98 2026:0.00
schedules,away_rest,healthy,2025,1.0,,1.0,1999:1.00 2000:1.00 2001:1.00 2002:1.00 2003:1.00 2004:1.00 2005:1.00 2006:1.00 2007:1.00 2008:1.00 2009:1.00 2010:1.00 2011:1.00 2012:1.00 2013:1.00 2014:1.00 2015:1.00 2016:1.00 2017:1.00 2018:1.00 2019:1.00 2020:1.00 2021:1.00 2022:1.00 2023:1.00 2024:1.00 2025:1.00 2026:1.00
schedules,home_rest,healthy,2025,1.0,,1.0,1999:1.00 2000:1.00 2001:1.00 2002:1.00 2003:1.00 2004:1.00 2005:1.00 2006:1.00 2007:1.00 2008:1.00 2009:1.00 2010:1.00 2011:1.00 2012:1.00 2013:1.00 2014:1.00 2015:1.00 2016:1.00 2017:1.00 2018:1.00 2019:1.00 2020:1.00 2021:1.00 2022:1.00 2023:1.00 2024:1.00 2025:1.00 2026:1.00
schedules,away_moneyline,healthy,2025,1.0,,0.188,1999:0.00 2000:0.00 2001:0.00 2002:0.00 2003:0.00 2004:0.00 2005:0.00 2006:0.82 2007:1.00 2008:0.73 2009:0.95 2010:1.00 2011:1.00 2012:1.00 2013:1.00 2014:1.00 2015:1.00 2016:1.00 2017:1.00 2018:1.00 2019:1.00 2020:1.00 2021:1.00 2022:1.00 2023:1.00 2024:1.00 2025:1.00 2026:0.19
schedules,home_moneyline,healthy,2025,1.0,,0.188,1999:0.00 2000:0.00 2001:0.00 2002:0.00 2003:0.00 2004:0.00 2005:0.00 2006:0.82 2007:1.00 2008:0.73 2009:0.95 2010:1.00 2011:1.00 2012:1.00 2013:1.00 2014:1.00 2015:1.00 2016:1.00 2017:1.00 2018:1.00 2019:1.00 2020:1.00 2021:1.00 2022:1.00 2023:1.00 2024:1.00 2025:1.00 2026:0.19
schedules,spread_line,healthy,2025,1.0,,0.188,1999:1.00 2000:1.00 2001:1.00 2002:1.00 2003:1.00 2004:1.00 2005:1.00 2006:1.00 2007:1.00 2008:1.00 2009:1.00 2010:1.00 2011:1.00 2012:1.00 2013:1.00 2014:1.00 2015:1.00 2016:1.00 2017:1.00 2018:1.00 2019:1.00 2020:1.00 2021:1.00 2022:1.00 2023:1.00 2024:1.00 2025:1.00 2026:0.19
schedules,away_spread_odds,healthy,2025,1.0,,0.188,1999:0.00 2000:0.00 2001:0.00 2002:0.00 2003:0.00 2004:0.00 2005:0.00 2006:0.82 2007:1.00 2008:0.73 2009:0.95 2010:1.00 2011:1.00 2012:1.00 2013:1.00 2014:1.00 2015:1.00 2016:1.00 2017:1.00 2018:1.00 2019:1.00 2020:1.00 2021:1.00 2022:1.00 2023:1.00 2024:1.00 2025:1.00 2026:0.19
schedules,home_spread_odds,healthy,2025,1.0,,0.188,1999:0.00 2000:0.00 2001:0.00 2002:0.00 2003:0.00 2004:0.00 2005:0.00 2006:0.82 2007:1.00 2008:0.73 2009:0.95 2010:1.00 2011:1.00 2012:1.00 2013:1.00 2014:1.00 2015:1.00 2016:1.00 2017:1.00 2018:1.00 2019:1.00 2020:1.00 2021:1.00 2022:1.00 2023:1.00 2024:1.00 2025:1.00 2026:0.19
schedules,total_line,healthy,2025,1.0,,0.188,1999:1.00 2000:1.00 2001:1.00 2002:1.00 2003:1.00 2004:1.00 2005:1.00 2006:1.00 2007:1.00 2008:1.00 2009:1.00 2010:1.00 2011:1.00 2012:1.00 2013:1.00 2014:1.00 2015:1.00 2016:1.00 2017:1.00 2018:1.00 2019:1.00 2020:1.00 2021:1.00 2022:1.00 2023:1.00 2024:1.00 2025:1.00 2026:0.19
schedules,under_odds,healthy,2025,1.0,,0.188,1999:0.00 2000:0.00 2001:0.00 2002:0.00 2003:0.00 2004:0.00 2005:0.00 2006:0.81 2007:1.00 2008:0.73 2009:0.95 2010:1.00 2011:1.00 2012:1.00 2013:1.00 2014:1.00 2015:1.00 2016:1.00 2017:1.00 2018:1.00 2019:1.00 2020:1.00 2021:1.00 2022:1.00 2023:1.00 2024:1.00 2025:1.00 2026:0.19
schedules,over_odds,healthy,2025,1.0,,0.188,1999:0.00 2000:0.00 2001:0.00 2002:0.00 2003:0.00 2004:0.00 2005:0.00 2006:0.81 2007:1.00 2008:0.73 2009:0.95 2010:1.00 2011:1.00 2012:1.00 2013:1.00 2014:1.00 2015:1.00 2016:1.00 2017:1.00 2018:1.00 2019:1.00 2020:1.00 2021:1.00 2022:1.00 2023:1.00 2024:1.00 2025:1.00 2026:0.19
schedules,div_game,healthy,2025,1.0,,1.0,1999:1.00 2000:1.00 2001:1.00 2002:1.00 2003:1.00 2004:1.00 2005:1.00 2006:1.00 2007:1.00 2008:1.00 2009:1.00 2010:1.00 2011:1.00 2012:1.00 2013:1.00 2014:1.00 2015:1.00 2016:1.00 2017:1.00 2018:1.00 2019:1.00 2020:1.00 2021:1.00 2022:1.00 2023:1.00 2024:1.00 2025:1.00 2026:1.00
schedules,roof,healthy,2025,1.0,,1.0,1999:1.00 2000:1.00 2001:1.00 2002:1.00 2003:1.00 2004:1.00 2005:1.00 2006:1.00 2007:1.00 2008:1.00 2009:1.00 2010:1.00 2011:1.00 2012:1.00 2013:1.00 2014:1.00 2015:1.00 2016:1.00 2017:1.00 2018:1.00 2019:1.00 2020:1.00 2021:1.00 2022:1.00 2023:1.00 2024:1.00 2025:1.00 2026:1.00
schedules,surface,healthy,2025,1.0,,1.0,1999:1.00 2000:1.00 2001:1.00 2002:1.00 2003:1.00 2004:1.00 2005:1.00 2006:1.00 2007:1.00 2008:1.00 2009:1.00 2010:1.00 2011:1.00 2012:1.00 2013:1.00 2014:1.00 2015:1.00 2016:1.00 2017:1.00 2018:1.00 2019:1.00 2020:1.00 2021:1.00 2022:1.00 2023:1.00 2024:1.00 2025:1.00 2026:1.00
schedules,temp,healthy,2025,0.667,,0.0,1999:0.76 2000:0.80 2001:0.80 2002:0.79 2003:0.78 2004:0.78 2005:0.80 2006:0.75 2007:0.75 2008:0.75 2009:0.70 2010:0.72 2011:0.72 2012:0.72 2013:0.73 2014:0.75 2015:0.75 2016:0.74 2017:0.75 2018:0.74 2019:0.73 2020:0.65 2021:0.67 2022:0.38 2023:0.55 2024:0.64 2025:0.67 2026:0.00
schedules,wind,healthy,2025,0.667,,0.0,1999:0.76 2000:0.80 2001:0.80 2002:0.79 2003:0.78 2004:0.78 2005:0.80 2006:0.75 2007:0.75 2008:0.75 2009:0.70 2010:0.72 2011:0.72 2012:0.72 2013:0.73 2014:0.75 2015:0.75 2016:0.74 2017:0.75 2018:0.74 2019:0.73 2020:0.65 2021:0.67 2022:0.38 2023:0.55 2024:0.64 2025:0.67 2026:0.00
schedules,away_qb_id,healthy,2025,1.0,,0.0,1999:1.00 2000:1.00 2001:1.00 2002:1.00 2003:1.00 2004:1.00 2005:1.00 2006:1.00 2007:1.00 2008:1.00 2009:1.00 2010:1.00 2011:1.00 2012:1.00 2013:1.00 2014:1.00 2015:1.00 2016:1.00 2017:1.00 2018:1.00 2019:1.00 2020:1.00 2021:1.00 2022:1.00 2023:1.00 2024:1.00 2025:1.00 2026:0.00
schedules,home_qb_id,healthy,2025,1.0,,0.0,1999:1.00 2000:1.00 2001:1.00 2002:1.00 2003:1.00 2004:1.00 2005:1.00 2006:1.00 2007:1.00 2008:1.00 2009:1.00 2010:1.00 2011:1.00 2012:1.00 2013:1.00 2014:1.00 2015:1.00 2016:1.00 2017:1.00 2018:1.00 2019:1.00 2020:1.00 2021:1.00 2022:1.00 2023:1.00 2024:1.00 2025:1.00 2026:0.00
schedules,away_qb_name,healthy,2025,1.0,,0.0,1999:1.00 2000:1.00 2001:1.00 2002:1.00 2003:1.00 2004:1.00 2005:1.00 2006:1.00 2007:1.00 2008:1.00 2009:1.00 2010:1.00 2011:1.00 2012:1.00 2013:1.00 2014:1.00 2015:1.00 2016:1.00 2017:1.00 2018:1.00 2019:1.00 2020:1.00 2021:1.00 2022:1.00 2023:1.00 2024:1.00 2025:1.00 2026:0.00
schedules,home_qb_name,healthy,2025,1.0,,0.0,1999:1.00 2000:1.00 2001:1.00 2002:1.00 2003:1.00 2004:1.00 2005:1.00 2006:1.00 2007:1.00 2008:1.00 2009:1.00 2010:1.00 2011:1.00 2012:1.00 2013:1.00 2014:1.00 2015:1.00 2016:1.00 2017:1.00 2018:1.00 2019:1.00 2020:1.00 2021:1.00 2022:1.00 2023:1.00 2024:1.00 2025:1.00 2026:0.00
schedules,away_coach,healthy,2025,1.0,,1.0,1999:1.00 2000:1.00 2001:1.00 2002:1.00 2003:1.00 2004:1.00 2005:1.00 2006:1.00 2007:1.00 2008:1.00 2009:1.00 2010:1.00 2011:1.00 2012:1.00 2013:1.00 2014:1.00 2015:1.00 2016:1.00 2017:1.00 2018:1.00 2019:1.00 2020:1.00 2021:1.00 2022:1.00 2023:1.00 2024:1.00 2025:1.00 2026:1.00
schedules,home_coach,healthy,2025,1.0,,1.0,1999:1.00 2000:1.00 2001:1.00 2002:1.00 2003:1.00 2004:1.00 2005:1.00 2006:1.00 2007:1.00 2008:1.00 2009:1.00 2010:1.00 2011:1.00 2012:1.00 2013:1.00 2014:1.00 2015:1.00 2016:1.00 2017:1.00 2018:1.00 2019:1.00 2020:1.00 2021:1.00 2022:1.00 2023:1.00 2024:1.00 2025:1.00 2026:1.00
schedules,referee,healthy,2025,1.0,,0.0,1999:1.00 2000:1.00 2001:1.00 2002:1.00 2003:1.00 2004:1.00 2005:1.00 2006:1.00 2007:1.00 2008:1.00 2009:1.00 2010:1.00 2011:1.00 2012:1.00 2013:1.00 2014:1.00 2015:1.00 2016:1.00 2017:1.00 2018:1.00 2019:1.00 2020:1.00 2021:1.00 2022:1.00 2023:1.00 2024:1.00 2025:1.00 2026:0.00
schedules,stadium_id,healthy,2025,1.0,,1.0,1999:1.00 2000:1.00 2001:1.00 2002:1.00 2003:1.00 2004:1.00 2005:1.00 2006:1.00 2007:1.00 2008:1.00 2009:1.00 2010:1.00 2011:1.00 2012:1.00 2013:1.00 2014:1.00 2015:1.00 2016:1.00 2017:1.00 2018:1.00 2019:1.00 2020:1.00 2021:1.00 2022:1.00 2023:1.00 2024:1.00 2025:1.00 2026:1.00
schedules,stadium,healthy,2025,1.0,,1.0,1999:1.00 2000:1.00 2001:1.00 2002:1.00 2003:1.00 2004:1.00 2005:1.00 2006:1.00 2007:1.00 2008:1.00 2009:1.00 2010:1.00 2011:1.00 2012:1.00 2013:1.00 2014:1.00 2015:1.00 2016:1.00 2017:1.00 2018:1.00 2019:1.00 2020:1.00 2021:1.00 2022:1.00 2023:1.00 2024:1.00 2025:1.00 2026:1.00
snap_counts,game_id,healthy,2025,1.0,,,2013:1.00 2014:1.00 2015:1.00 2016:1.00 2017:1.00 2018:1.00 2019:1.00 2020:1.00 2021:1.00 2022:1.00 2023:1.00 2024:1.00 2025:1.00
snap_counts,pfr_game_id,healthy,2025,1.0,,,2013:1.00 2014:1.00 2015:1.00 2016:1.00 2017:1.00 2018:1.00 2019:1.00 2020:1.00 2021:1.00 2022:1.00 2023:1.00 2024:1.00 2025:1.00
snap_counts,game_type,healthy,2025,1.0,,,2013:1.00 2014:1.00 2015:1.00 2016:1.00 2017:1.00 2018:1.00 2019:1.00 2020:1.00 2021:1.00 2022:1.00 2023:1.00 2024:1.00 2025:1.00
snap_counts,week,healthy,2025,1.0,,,2013:1.00 2014:1.00 2015:1.00 2016:1.00 2017:1.00 2018:1.00 2019:1.00 2020:1.00 2021:1.00 2022:1.00 2023:1.00 2024:1.00 2025:1.00
snap_counts,player,healthy,2025,1.0,,,2013:1.00 2014:1.00 2015:1.00 2016:1.00 2017:1.00 2018:1.00 2019:1.00 2020:1.00 2021:1.00 2022:1.00 2023:1.00 2024:1.00 2025:1.00
snap_counts,pfr_player_id,healthy,2025,1.0,,,2013:1.00 2014:1.00 2015:1.00 2016:1.00 2017:1.00 2018:1.00 2019:1.00 2020:1.00 2021:1.00 2022:1.00 2023:1.00 2024:1.00 2025:1.00
snap_counts,position,healthy,2025,1.0,,,2013:1.00 2014:1.00 2015:1.00 2016:1.00 2017:1.00 2018:1.00 2019:1.00 2020:1.00 2021:1.00 2022:1.00 2023:1.00 2024:1.00 2025:1.00
snap_counts,team,healthy,2025,1.0,,,2013:1.00 2014:1.00 2015:1.00 2016:1.00 2017:1.00 2018:1.00 2019:1.00 2020:1.00 2021:1.00 2022:1.00 2023:1.00 2024:1.00 2025:1.00
snap_counts,opponent,healthy,2025,1.0,,,2013:1.00 2014:1.00 2015:1.00 2016:1.00 2017:1.00 2018:1.00 2019:1.00 2020:1.00 2021:1.00 2022:1.00 2023:1.00 2024:1.00 2025:1.00
snap_counts,offense_snaps,healthy,2025,1.0,,,2013:1.00 2014:1.00 2015:1.00 2016:1.00 2017:1.00 2018:1.00 2019:1.00 2020:1.00 2021:1.00 2022:1.00 2023:1.00 2024:1.00 2025:1.00
snap_counts,offense_pct,healthy,2025,1.0,,,2013:1.00 2014:1.00 2015:1.00 2016:1.00 2017:1.00 2018:1.00 2019:1.00 2020:1.00 2021:1.00 2022:1.00 2023:1.00 2024:1.00 2025:1.00
snap_counts,defense_snaps,healthy,2025,1.0,,,2013:1.00 2014:1.00 2015:1.00 2016:1.00 2017:1.00 2018:1.00 2019:1.00 2020:1.00 2021:1.00 2022:1.00 2023:1.00 2024:1.00 2025:1.00
snap_counts,defense_pct,healthy,2025,1.0,,,2013:1.00 2014:1.00 2015:1.00 2016:1.00 2017:1.00 2018:1.00 2019:1.00 2020:1.00 2021:1.00 2022:1.00 2023:1.00 2024:1.00 2025:1.00
snap_counts,st_snaps,healthy,2025,1.0,,,2013:1.00 2014:1.00 2015:1.00 2016:1.00 2017:1.00 2018:1.00 2019:1.00 2020:1.00 2021:1.00 2022:1.00 2023:1.00 2024:1.00 2025:1.00
snap_counts,st_pct,healthy,2025,1.0,,,2013:1.00 2014:1.00 2015:1.00 2016:1.00 2017:1.00 2018:1.00 2019:1.00 2020:1.00 2021:1.00 2022:1.00 2023:1.00 2024:1.00 2025:1.00
stats_player_post,player_id,healthy,2025,0.998,,,1999:1.00 2000:1.00 2001:1.00 2002:1.00 2003:1.00 2004:1.00 2005:1.00 2006:1.00 2007:1.00 2008:1.00 2009:1.00 2010:1.00 2011:1.00 2012:1.00 2013:1.00 2014:1.00 2015:1.00 2016:1.00 2017:1.00 2018:1.00 2019:1.00 2020:1.00 2021:1.00 2022:1.00 2023:1.00 2024:1.00 2025:1.00
stats_player_post,player_name,healthy,2025,0.998,,,1999:1.00 2000:1.00 2001:1.00 2002:1.00 2003:1.00 2004:1.00 2005:1.00 2006:1.00 2007:1.00 2008:1.00 2009:1.00 2010:1.00 2011:1.00 2012:1.00 2013:1.00 2014:1.00 2015:1.00 2016:1.00 2017:1.00 2018:1.00 2019:1.00 2020:1.00 2021:1.00 2022:1.00 2023:1.00 2024:1.00 2025:1.00
stats_player_post,player_display_name,healthy,2025,0.998,,,1999:1.00 2000:1.00 2001:1.00 2002:1.00 2003:1.00 2004:1.00 2005:1.00 2006:1.00 2007:1.00 2008:1.00 2009:1.00 2010:1.00 2011:1.00 2012:1.00 2013:1.00 2014:1.00 2015:1.00 2016:1.00 2017:1.00 2018:1.00 2019:1.00 2020:1.00 2021:1.00 2022:1.00 2023:1.00 2024:1.00 2025:1.00
stats_player_post,position,healthy,2025,0.998,,,1999:1.00 2000:1.00 2001:1.00 2002:1.00 2003:1.00 2004:1.00 2005:1.00 2006:1.00 2007:1.00 2008:1.00 2009:1.00 2010:1.00 2011:1.00 2012:1.00 2013:1.00 2014:1.00 2015:1.00 2016:1.00 2017:1.00 2018:1.00 2019:1.00 2020:1.00 2021:1.00 2022:1.00 2023:1.00 2024:1.00 2025:1.00
stats_player_post,position_group,healthy,2025,0.998,,,1999:1.00 2000:1.00 2001:1.00 2002:1.00 2003:1.00 2004:1.00 2005:1.00 2006:1.00 2007:1.00 2008:1.00 2009:1.00 2010:1.00 2011:1.00 2012:1.00 2013:1.00 2014:1.00 2015:1.00 2016:1.00 2017:1.00 2018:1.00 2019:1.00 2020:1.00 2021:1.00 2022:1.00 2023:1.00 2024:1.00 2025:1.00
stats_player_post,headshot_url,healthy,2025,0.998,,,1999:1.00 2000:1.00 2001:1.00 2002:1.00 2003:1.00 2004:1.00 2005:1.00 2006:1.00 2007:1.00 2008:1.00 2009:1.00 2010:1.00 2011:1.00 2012:1.00 2013:1.00 2014:1.00 2015:1.00 2016:1.00 2017:1.00 2018:1.00 2019:1.00 2020:1.00 2021:1.00 2022:1.00 2023:1.00 2024:1.00 2025:1.00
stats_player_post,season_type,healthy,2025,1.0,,,1999:1.00 2000:1.00 2001:1.00 2002:1.00 2003:1.00 2004:1.00 2005:1.00 2006:1.00 2007:1.00 2008:1.00 2009:1.00 2010:1.00 2011:1.00 2012:1.00 2013:1.00 2014:1.00 2015:1.00 2016:1.00 2017:1.00 2018:1.00 2019:1.00 2020:1.00 2021:1.00 2022:1.00 2023:1.00 2024:1.00 2025:1.00
stats_player_post,recent_team,healthy,2025,1.0,,,1999:1.00 2000:1.00 2001:1.00 2002:1.00 2003:1.00 2004:1.00 2005:1.00 2006:1.00 2007:1.00 2008:1.00 2009:1.00 2010:1.00 2011:1.00 2012:1.00 2013:1.00 2014:1.00 2015:1.00 2016:1.00 2017:1.00 2018:1.00 2019:1.00 2020:1.00 2021:1.00 2022:1.00 2023:1.00 2024:1.00 2025:1.00
stats_player_post,games,healthy,2025,1.0,,,1999:1.00 2000:1.00 2001:1.00 2002:1.00 2003:1.00 2004:1.00 2005:1.00 2006:1.00 2007:1.00 2008:1.00 2009:1.00 2010:1.00 2011:1.00 2012:1.00 2013:1.00 2014:1.00 2015:1.00 2016:1.00 2017:1.00 2018:1.00 2019:1.00 2020:1.00 2021:1.00 2022:1.00 2023:1.00 2024:1.00 2025:1.00
stats_player_post,completions,healthy,2025,1.0,,,1999:1.00 2000:1.00 2001:1.00 2002:1.00 2003:1.00 2004:1.00 2005:1.00 2006:1.00 2007:1.00 2008:1.00 2009:1.00 2010:1.00 2011:1.00 2012:1.00 2013:1.00 2014:1.00 2015:1.00 2016:1.00 2017:1.00 2018:1.00 2019:1.00 2020:1.00 2021:1.00 2022:1.00 2023:1.00 2024:1.00 2025:1.00
stats_player_post,attempts,healthy,2025,1.0,,,1999:1.00 2000:1.00 2001:1.00 2002:1.00 2003:1.00 2004:1.00 2005:1.00 2006:1.00 2007:1.00 2008:1.00 2009:1.00 2010:1.00 2011:1.00 2012:1.00 2013:1.00 2014:1.00 2015:1.00 2016:1.00 2017:1.00 2018:1.00 2019:1.00 2020:1.00 2021:1.00 2022:1.00 2023:1.00 2024:1.00 2025:1.00
stats_player_post,passing_yards,healthy,2025,1.0,,,1999:1.00 2000:1.00 2001:1.00 2002:1.00 2003:1.00 2004:1.00 2005:1.00 2006:1.00 2007:1.00 2008:1.00 2009:1.00 2010:1.00 2011:1.00 2012:1.00 2013:1.00 2014:1.00 2015:1.00 2016:1.00 2017:1.00 2018:1.00 2019:1.00 2020:1.00 2021:1.00 2022:1.00 2023:1.00 2024:1.00 2025:1.00
stats_player_post,passing_tds,healthy,2025,1.0,,,1999:1.00 2000:1.00 2001:1.00 2002:1.00 2003:1.00 2004:1.00 2005:1.00 2006:1.00 2007:1.00 2008:1.00 2009:1.00 2010:1.00 2011:1.00 2012:1.00 2013:1.00 2014:1.00 2015:1.00 2016:1.00 2017:1.00 2018:1.00 2019:1.00 2020:1.00 2021:1.00 2022:1.00 2023:1.00 2024:1.00 2025:1.00
stats_player_post,passing_interceptions,healthy,2025,1.0,,,1999:1.00 2000:1.00 2001:1.00 2002:1.00 2003:1.00 2004:1.00 2005:1.00 2006:1.00 2007:1.00 2008:1.00 2009:1.00 2010:1.00 2011:1.00 2012:1.00 2013:1.00 2014:1.00 2015:1.00 2016:1.00 2017:1.00 2018:1.00 2019:1.00 2020:1.00 2021:1.00 2022:1.00 2023:1.00 2024:1.00 2025:1.00
stats_player_post,sacks_suffered,healthy,2025,1.0,,,1999:1.00 2000:1.00 2001:1.00 2002:1.00 2003:1.00 2004:1.00 2005:1.00 2006:1.00 2007:1.00 2008:1.00 2009:1.00 2010:1.00 2011:1.00 2012:1.00 2013:1.00 2014:1.00 2015:1.00 2016:1.00 2017:1.00 2018:1.00 2019:1.00 2020:1.00 2021:1.00 2022:1.00 2023:1.00 2024:1.00 2025:1.00
stats_player_post,sack_yards_lost,healthy,2025,1.0,,,1999:1.00 2000:1.00 2001:1.00 2002:1.00 2003:1.00 2004:1.00 2005:1.00 2006:1.00 2007:1.00 2008:1.00 2009:1.00 2010:1.00 2011:1.00 2012:1.00 2013:1.00 2014:1.00 2015:1.00 2016:1.00 2017:1.00 2018:1.00 2019:1.00 2020:1.00 2021:1.00 2022:1.00 2023:1.00 2024:1.00 2025:1.00
stats_player_post,sack_fumbles,healthy,2025,1.0,,,1999:1.00 2000:1.00 2001:1.00 2002:1.00 2003:1.00 2004:1.00 2005:1.00 2006:1.00 2007:1.00 2008:1.00 2009:1.00 2010:1.00 2011:1.00 2012:1.00 2013:1.00 2014:1.00 2015:1.00 2016:1.00 2017:1.00 2018:1.00 2019:1.00 2020:1.00 2021:1.00 2022:1.00 2023:1.00 2024:1.00 2025:1.00
stats_player_post,sack_fumbles_lost,healthy,2025,1.0,,,1999:1.00 2000:1.00 2001:1.00 2002:1.00 2003:1.00 2004:1.00 2005:1.00 2006:1.00 2007:1.00 2008:1.00 2009:1.00 2010:1.00 2011:1.00 2012:1.00 2013:1.00 2014:1.00 2015:1.00 2016:1.00 2017:1.00 2018:1.00 2019:1.00 2020:1.00 2021:1.00 2022:1.00 2023:1.00 2024:1.00 2025:1.00
stats_player_post,passing_air_yards,healthy,2025,1.0,,,1999:1.00 2000:1.00 2001:1.00 2002:1.00 2003:1.00 2004:1.00 2005:1.00 2006:1.00 2007:1.00 2008:1.00 2009:1.00 2010:1.00 2011:1.00 2012:1.00 2013:1.00 2014:1.00 2015:1.00 2016:1.00 2017:1.00 2018:1.00 2019:1.00 2020:1.00 2021:1.00 2022:1.00 2023:1.00 2024:1.00 2025:1.00
stats_player_post,passing_yards_after_catch,healthy,2025,1.0,,,1999:1.00 2000:1.00 2001:1.00 2002:1.00 2003:1.00 2004:1.00 2005:1.00 2006:1.00 2007:1.00 2008:1.00 2009:1.00 2010:1.00 2011:1.00 2012:1.00 2013:1.00 2014:1.00 2015:1.00 2016:1.00 2017:1.00 2018:1.00 2019:1.00 2020:1.00 2021:1.00 2022:1.00 2023:1.00 2024:1.00 2025:1.00
stats_player_post,passing_first_downs,healthy,2025,1.0,,,1999:1.00 2000:1.00 2001:1.00 2002:1.00 2003:1.00 2004:1.00 2005:1.00 2006:1.00 2007:1.00 2008:1.00 2009:1.00 2010:1.00 2011:1.00 2012:1.00 2013:1.00 2014:1.00 2015:1.00 2016:1.00 2017:1.00 2018:1.00 2019:1.00 2020:1.00 2021:1.00 2022:1.00 2023:1.00 2024:1.00 2025:1.00
stats_player_post,passing_epa,healthy,2025,0.036,,,1999:0.03 2000:0.04 2001:0.04 2002:0.05 2003:0.04 2004:0.03 2005:0.04 2006:0.03 2007:0.03 2008:0.03 2009:0.03 2010:0.04 2011:0.03 2012:0.03 2013:0.04 2014:0.03 2015:0.03 2016:0.03 2017:0.04 2018:0.03 2019:0.05 2020:0.04 2021:0.04 2022:0.03 2023:0.03 2024:0.04 2025:0.04
stats_player_post,passing_cpoe,healthy,2025,0.036,,,1999:0.00 2000:0.00 2001:0.00 2002:0.00 2003:0.00 2004:0.00 2005:0.00 2006:0.03 2007:0.03 2008:0.03 2009:0.03 2010:0.04 2011:0.03 2012:0.03 2013:0.04 2014:0.03 2015:0.03 2016:0.03 2017:0.04 2018:0.03 2019:0.04 2020:0.04 2021:0.04 2022:0.03 2023:0.03 2024:0.04 2025:0.04
stats_player_post,passing_2pt_conversions,healthy,2025,1.0,,,1999:1.00 2000:1.00 2001:1.00 2002:1.00 2003:1.00 2004:1.00 2005:1.00 2006:1.00 2007:1.00 2008:1.00 2009:1.00 2010:1.00 2011:1.00 2012:1.00 2013:1.00 2014:1.00 2015:1.00 2016:1.00 2017:1.00 2018:1.00 2019:1.00 2020:1.00 2021:1.00 2022:1.00 2023:1.00 2024:1.00 2025:1.00
stats_player_post,pacr,healthy,2025,0.036,,,1999:0.03 2000:0.04 2001:0.03 2002:0.04 2003:0.03 2004:0.03 2005:0.04 2006:0.03 2007:0.03 2008:0.03 2009:0.03 2010:0.04 2011:0.03 2012:0.03 2013:0.04 2014:0.03 2015:0.03 2016:0.03 2017:0.04 2018:0.03 2019:0.04 2020:0.04 2021:0.04 2022:0.03 2023:0.03 2024:0.04 2025:0.04
stats_player_post,passing_10,healthy,2025,1.0,,,1999:1.00 2000:1.00 2001:1.00 2002:1.00 2003:1.00 2004:1.00 2005:1.00 2006:1.00 2007:1.00 2008:1.00 2009:1.00 2010:1.00 2011:1.00 2012:1.00 2013:1.00 2014:1.00 2015:1.00 2016:1.00 2017:1.00 2018:1.00 2019:1.00 2020:1.00 2021:1.00 2022:1.00 2023:1.00 2024:1.00 2025:1.00
stats_player_post,passing_16,healthy,2025,1.0,,,1999:1.00 2000:1.00 2001:1.00 2002:1.00 2003:1.00 2004:1.00 2005:1.00 2006:1.00 2007:1.00 2008:1.00 2009:1.00 2010:1.00 2011:1.00 2012:1.00 2013:1.00 2014:1.00 2015:1.00 2016:1.00 2017:1.00 2018:1.00 2019:1.00 2020:1.00 2021:1.00 2022:1.00 2023:1.00 2024:1.00 2025:1.00
stats_player_post,passing_20,healthy,2025,1.0,,,1999:1.00 2000:1.00 2001:1.00 2002:1.00 2003:1.00 2004:1.00 2005:1.00 2006:1.00 2007:1.00 2008:1.00 2009:1.00 2010:1.00 2011:1.00 2012:1.00 2013:1.00 2014:1.00 2015:1.00 2016:1.00 2017:1.00 2018:1.00 2019:1.00 2020:1.00 2021:1.00 2022:1.00 2023:1.00 2024:1.00 2025:1.00
stats_player_post,passing_40,healthy,2025,1.0,,,1999:1.00 2000:1.00 2001:1.00 2002:1.00 2003:1.00 2004:1.00 2005:1.00 2006:1.00 2007:1.00 2008:1.00 2009:1.00 2010:1.00 2011:1.00 2012:1.00 2013:1.00 2014:1.00 2015:1.00 2016:1.00 2017:1.00 2018:1.00 2019:1.00 2020:1.00 2021:1.00 2022:1.00 2023:1.00 2024:1.00 2025:1.00
stats_player_post,carries,healthy,2025,1.0,,,1999:1.00 2000:1.00 2001:1.00 2002:1.00 2003:1.00 2004:1.00 2005:1.00 2006:1.00 2007:1.00 2008:1.00 2009:1.00 2010:1.00 2011:1.00 2012:1.00 2013:1.00 2014:1.00 2015:1.00 2016:1.00 2017:1.00 2018:1.00 2019:1.00 2020:1.00 2021:1.00 2022:1.00 2023:1.00 2024:1.00 2025:1.00
stats_player_post,rushing_yards,healthy,2025,1.0,,,1999:1.00 2000:1.00 2001:1.00 2002:1.00 2003:1.00 2004:1.00 2005:1.00 2006:1.00 2007:1.00 2008:1.00 2009:1.00 2010:1.00 2011:1.00 2012:1.00 2013:1.00 2014:1.00 2015:1.00 2016:1.00 2017:1.00 2018:1.00 2019:1.00 2020:1.00 2021:1.00 2022:1.00 2023:1.00 2024:1.00 2025:1.00
stats_player_post,rushing_tds,healthy,2025,1.0,,,1999:1.00 2000:1.00 2001:1.00 2002:1.00 2003:1.00 2004:1.00 2005:1.00 2006:1.00 2007:1.00 2008:1.00 2009:1.00 2010:1.00 2011:1.00 2012:1.00 2013:1.00 2014:1.00 2015:1.00 2016:1.00 2017:1.00 2018:1.00 2019:1.00 2020:1.00 2021:1.00 2022:1.00 2023:1.00 2024:1.00 2025:1.00
stats_player_post,rushing_fumbles,healthy,2025,1.0,,,1999:1.00 2000:1.00 2001:1.00 2002:1.00 2003:1.00 2004:1.00 2005:1.00 2006:1.00 2007:1.00 2008:1.00 2009:1.00 2010:1.00 2011:1.00 2012:1.00 2013:1.00 2014:1.00 2015:1.00 2016:1.00 2017:1.00 2018:1.00 2019:1.00 2020:1.00 2021:1.00 2022:1.00 2023:1.00 2024:1.00 2025:1.00
stats_player_post,rushing_fumbles_lost,healthy,2025,1.0,,,1999:1.00 2000:1.00 2001:1.00 2002:1.00 2003:1.00 2004:1.00 2005:1.00 2006:1.00 2007:1.00 2008:1.00 2009:1.00 2010:1.00 2011:1.00 2012:1.00 2013:1.00 2014:1.00 2015:1.00 2016:1.00 2017:1.00 2018:1.00 2019:1.00 2020:1.00 2021:1.00 2022:1.00 2023:1.00 2024:1.00 2025:1.00
stats_player_post,rushing_first_downs,healthy,2025,1.0,,,1999:1.00 2000:1.00 2001:1.00 2002:1.00 2003:1.00 2004:1.00 2005:1.00 2006:1.00 2007:1.00 2008:1.00 2009:1.00 2010:1.00 2011:1.00 2012:1.00 2013:1.00 2014:1.00 2015:1.00 2016:1.00 2017:1.00 2018:1.00 2019:1.00 2020:1.00 2021:1.00 2022:1.00 2023:1.00 2024:1.00 2025:1.00
stats_player_post,rushing_epa,healthy,2025,0.121,,,1999:0.10 2000:0.12 2001:0.16 2002:0.13 2003:0.11 2004:0.11 2005:0.12 2006:0.12 2007:0.12 2008:0.12 2009:0.13 2010:0.14 2011:0.14 2012:0.12 2013:0.13 2014:0.12 2015:0.13 2016:0.12 2017:0.13 2018:0.14 2019:0.13 2020:0.14 2021:0.12 2022:0.12 2023:0.13 2024:0.12 2025:0.12
stats_player_post,rushing_2pt_conversions,healthy,2025,1.0,,,1999:1.00 2000:1.00 2001:1.00 2002:1.00 2003:1.00 2004:1.00 2005:1.00 2006:1.00 2007:1.00 2008:1.00 2009:1.00 2010:1.00 2011:1.00 2012:1.00 2013:1.00 2014:1.00 2015:1.00 2016:1.00 2017:1.00 2018:1.00 2019:1.00 2020:1.00 2021:1.00 2022:1.00 2023:1.00 2024:1.00 2025:1.00
stats_player_post,rushing_10,healthy,2025,1.0,,,1999:1.00 2000:1.00 2001:1.00 2002:1.00 2003:1.00 2004:1.00 2005:1.00 2006:1.00 2007:1.00 2008:1.00 2009:1.00 2010:1.00 2011:1.00 2012:1.00 2013:1.00 2014:1.00 2015:1.00 2016:1.00 2017:1.00 2018:1.00 2019:1.00 2020:1.00 2021:1.00 2022:1.00 2023:1.00 2024:1.00 2025:1.00
stats_player_post,rushing_12,healthy,2025,1.0,,,1999:1.00 2000:1.00 2001:1.00 2002:1.00 2003:1.00 2004:1.00 2005:1.00 2006:1.00 2007:1.00 2008:1.00 2009:1.00 2010:1.00 2011:1.00 2012:1.00 2013:1.00 2014:1.00 2015:1.00 2016:1.00 2017:1.00 2018:1.00 2019:1.00 2020:1.00 2021:1.00 2022:1.00 2023:1.00 2024:1.00 2025:1.00
stats_player_post,rushing_20,healthy,2025,1.0,,,1999:1.00 2000:1.00 2001:1.00 2002:1.00 2003:1.00 2004:1.00 2005:1.00 2006:1.00 2007:1.00 2008:1.00 2009:1.00 2010:1.00 2011:1.00 2012:1.00 2013:1.00 2014:1.00 2015:1.00 2016:1.00 2017:1.00 2018:1.00 2019:1.00 2020:1.00 2021:1.00 2022:1.00 2023:1.00 2024:1.00 2025:1.00
stats_player_post,rushing_40,healthy,2025,1.0,,,1999:1.00 2000:1.00 2001:1.00 2002:1.00 2003:1.00 2004:1.00 2005:1.00 2006:1.00 2007:1.00 2008:1.00 2009:1.00 2010:1.00 2011:1.00 2012:1.00 2013:1.00 2014:1.00 2015:1.00 2016:1.00 2017:1.00 2018:1.00 2019:1.00 2020:1.00 2021:1.00 2022:1.00 2023:1.00 2024:1.00 2025:1.00
stats_player_post,receptions,healthy,2025,1.0,,,1999:1.00 2000:1.00 2001:1.00 2002:1.00 2003:1.00 2004:1.00 2005:1.00 2006:1.00 2007:1.00 2008:1.00 2009:1.00 2010:1.00 2011:1.00 2012:1.00 2013:1.00 2014:1.00 2015:1.00 2016:1.00 2017:1.00 2018:1.00 2019:1.00 2020:1.00 2021:1.00 2022:1.00 2023:1.00 2024:1.00 2025:1.00
stats_player_post,targets,healthy,2025,1.0,,,1999:1.00 2000:1.00 2001:1.00 2002:1.00 2003:1.00 2004:1.00 2005:1.00 2006:1.00 2007:1.00 2008:1.00 2009:1.00 2010:1.00 2011:1.00 2012:1.00 2013:1.00 2014:1.00 2015:1.00 2016:1.00 2017:1.00 2018:1.00 2019:1.00 2020:1.00 2021:1.00 2022:1.00 2023:1.00 2024:1.00 2025:1.00
stats_player_post,receiving_yards,healthy,2025,1.0,,,1999:1.00 2000:1.00 2001:1.00 2002:1.00 2003:1.00 2004:1.00 2005:1.00 2006:1.00 2007:1.00 2008:1.00 2009:1.00 2010:1.00 2011:1.00 2012:1.00 2013:1.00 2014:1.00 2015:1.00 2016:1.00 2017:1.00 2018:1.00 2019:1.00 2020:1.00 2021:1.00 2022:1.00 2023:1.00 2024:1.00 2025:1.00
stats_player_post,receiving_tds,healthy,2025,1.0,,,1999:1.00 2000:1.00 2001:1.00 2002:1.00 2003:1.00 2004:1.00 2005:1.00 2006:1.00 2007:1.00 2008:1.00 2009:1.00 2010:1.00 2011:1.00 2012:1.00 2013:1.00 2014:1.00 2015:1.00 2016:1.00 2017:1.00 2018:1.00 2019:1.00 2020:1.00 2021:1.00 2022:1.00 2023:1.00 2024:1.00 2025:1.00
stats_player_post,receiving_fumbles,healthy,2025,1.0,,,1999:1.00 2000:1.00 2001:1.00 2002:1.00 2003:1.00 2004:1.00 2005:1.00 2006:1.00 2007:1.00 2008:1.00 2009:1.00 2010:1.00 2011:1.00 2012:1.00 2013:1.00 2014:1.00 2015:1.00 2016:1.00 2017:1.00 2018:1.00 2019:1.00 2020:1.00 2021:1.00 2022:1.00 2023:1.00 2024:1.00 2025:1.00
stats_player_post,receiving_fumbles_lost,healthy,2025,1.0,,,1999:1.00 2000:1.00 2001:1.00 2002:1.00 2003:1.00 2004:1.00 2005:1.00 2006:1.00 2007:1.00 2008:1.00 2009:1.00 2010:1.00 2011:1.00 2012:1.00 2013:1.00 2014:1.00 2015:1.00 2016:1.00 2017:1.00 2018:1.00 2019:1.00 2020:1.00 2021:1.00 2022:1.00 2023:1.00 2024:1.00 2025:1.00
stats_player_post,receiving_air_yards,healthy,2025,1.0,,,1999:1.00 2000:1.00 2001:1.00 2002:1.00 2003:1.00 2004:1.00 2005:1.00 2006:1.00 2007:1.00 2008:1.00 2009:1.00 2010:1.00 2011:1.00 2012:1.00 2013:1.00 2014:1.00 2015:1.00 2016:1.00 2017:1.00 2018:1.00 2019:1.00 2020:1.00 2021:1.00 2022:1.00 2023:1.00 2024:1.00 2025:1.00
stats_player_post,receiving_yards_after_catch,healthy,2025,1.0,,,1999:1.00 2000:1.00 2001:1.00 2002:1.00 2003:1.00 2004:1.00 2005:1.00 2006:1.00 2007:1.00 2008:1.00 2009:1.00 2010:1.00 2011:1.00 2012:1.00 2013:1.00 2014:1.00 2015:1.00 2016:1.00 2017:1.00 2018:1.00 2019:1.00 2020:1.00 2021:1.00 2022:1.00 2023:1.00 2024:1.00 2025:1.00
stats_player_post,receiving_first_downs,healthy,2025,1.0,,,1999:1.00 2000:1.00 2001:1.00 2002:1.00 2003:1.00 2004:1.00 2005:1.00 2006:1.00 2007:1.00 2008:1.00 2009:1.00 2010:1.00 2011:1.00 2012:1.00 2013:1.00 2014:1.00 2015:1.00 2016:1.00 2017:1.00 2018:1.00 2019:1.00 2020:1.00 2021:1.00 2022:1.00 2023:1.00 2024:1.00 2025:1.00
stats_player_post,receiving_epa,healthy,2025,0.257,,,1999:0.23 2000:0.24 2001:0.25 2002:0.25 2003:0.24 2004:0.22 2005:0.20 2006:0.21 2007:0.23 2008:0.22 2009:0.24 2010:0.24 2011:0.25 2012:0.23 2013:0.25 2014:0.25 2015:0.25 2016:0.25 2017:0.25 2018:0.26 2019:0.26 2020:0.25 2021:0.24 2022:0.23 2023:0.25 2024:0.24 2025:0.26
stats_player_post,receiving_2pt_conversions,healthy,2025,1.0,,,1999:1.00 2000:1.00 2001:1.00 2002:1.00 2003:1.00 2004:1.00 2005:1.00 2006:1.00 2007:1.00 2008:1.00 2009:1.00 2010:1.00 2011:1.00 2012:1.00 2013:1.00 2014:1.00 2015:1.00 2016:1.00 2017:1.00 2018:1.00 2019:1.00 2020:1.00 2021:1.00 2022:1.00 2023:1.00 2024:1.00 2025:1.00
stats_player_post,receiving_10,healthy,2025,1.0,,,1999:1.00 2000:1.00 2001:1.00 2002:1.00 2003:1.00 2004:1.00 2005:1.00 2006:1.00 2007:1.00 2008:1.00 2009:1.00 2010:1.00 2011:1.00 2012:1.00 2013:1.00 2014:1.00 2015:1.00 2016:1.00 2017:1.00 2018:1.00 2019:1.00 2020:1.00 2021:1.00 2022:1.00 2023:1.00 2024:1.00 2025:1.00
stats_player_post,receiving_16,healthy,2025,1.0,,,1999:1.00 2000:1.00 2001:1.00 2002:1.00 2003:1.00 2004:1.00 2005:1.00 2006:1.00 2007:1.00 2008:1.00 2009:1.00 2010:1.00 2011:1.00 2012:1.00 2013:1.00 2014:1.00 2015:1.00 2016:1.00 2017:1.00 2018:1.00 2019:1.00 2020:1.00 2021:1.00 2022:1.00 2023:1.00 2024:1.00 2025:1.00
stats_player_post,receiving_20,healthy,2025,1.0,,,1999:1.00 2000:1.00 2001:1.00 2002:1.00 2003:1.00 2004:1.00 2005:1.00 2006:1.00 2007:1.00 2008:1.00 2009:1.00 2010:1.00 2011:1.00 2012:1.00 2013:1.00 2014:1.00 2015:1.00 2016:1.00 2017:1.00 2018:1.00 2019:1.00 2020:1.00 2021:1.00 2022:1.00 2023:1.00 2024:1.00 2025:1.00
stats_player_post,receiving_40,healthy,2025,1.0,,,1999:1.00 2000:1.00 2001:1.00 2002:1.00 2003:1.00 2004:1.00 2005:1.00 2006:1.00 2007:1.00 2008:1.00 2009:1.00 2010:1.00 2011:1.00 2012:1.00 2013:1.00 2014:1.00 2015:1.00 2016:1.00 2017:1.00 2018:1.00 2019:1.00 2020:1.00 2021:1.00 2022:1.00 2023:1.00 2024:1.00 2025:1.00
stats_player_post,racr,healthy,2025,0.255,,,1999:0.21 2000:0.22 2001:0.23 2002:0.23 2003:0.23 2004:0.22 2005:0.20 2006:0.21 2007:0.23 2008:0.22 2009:0.23 2010:0.23 2011:0.25 2012:0.22 2013:0.25 2014:0.25 2015:0.25 2016:0.25 2017:0.25 2018:0.26 2019:0.26 2020:0.24 2021:0.24 2022:0.23 2023:0.25 2024:0.24 2025:0.26
stats_player_post,target_share,healthy,2025,1.0,,,1999:1.00 2000:1.00 2001:1.00 2002:1.00 2003:0.00 2004:0.00 2005:0.00 2006:0.00 2007:0.00 2008:0.00 2009:1.00 2010:1.00 2011:1.00 2012:1.00 2013:1.00 2014:1.00 2015:1.00 2016:1.00 2017:1.00 2018:1.00 2019:1.00 2020:1.00 2021:1.00 2022:1.00 2023:1.00 2024:1.00 2025:1.00
stats_player_post,air_yards_share,healthy,2025,1.0,,,1999:0.86 2000:0.85 2001:0.83 2002:1.00 2003:0.00 2004:0.00 2005:0.00 2006:1.00 2007:1.00 2008:1.00 2009:1.00 2010:1.00 2011:1.00 2012:1.00 2013:1.00 2014:1.00 2015:1.00 2016:1.00 2017:1.00 2018:1.00 2019:1.00 2020:1.00 2021:1.00 2022:1.00 2023:1.00 2024:1.00 2025:1.00
stats_player_post,wopr,healthy,2025,1.0,,,1999:0.86 2000:0.85 2001:0.83 2002:1.00 2003:0.00 2004:0.00 2005:0.00 2006:0.00 2007:0.00 2008:0.00 2009:1.00 2010:1.00 2011:1.00 2012:1.00 2013:1.00 2014:1.00 2015:1.00 2016:1.00 2017:1.00 2018:1.00 2019:1.00 2020:1.00 2021:1.00 2022:1.00 2023:1.00 2024:1.00 2025:1.00
stats_player_post,special_teams_tds,healthy,2025,1.0,,,1999:1.00 2000:1.00 2001:1.00 2002:1.00 2003:1.00 2004:1.00 2005:1.00 2006:1.00 2007:1.00 2008:1.00 2009:1.00 2010:1.00 2011:1.00 2012:1.00 2013:1.00 2014:1.00 2015:1.00 2016:1.00 2017:1.00 2018:1.00 2019:1.00 2020:1.00 2021:1.00 2022:1.00 2023:1.00 2024:1.00 2025:1.00
stats_player_post,def_tackles_solo,healthy,2025,1.0,,,1999:1.00 2000:1.00 2001:1.00 2002:1.00 2003:1.00 2004:1.00 2005:1.00 2006:1.00 2007:1.00 2008:1.00 2009:1.00 2010:1.00 2011:1.00 2012:1.00 2013:1.00 2014:1.00 2015:1.00 2016:1.00 2017:1.00 2018:1.00 2019:1.00 2020:1.00 2021:1.00 2022:1.00 2023:1.00 2024:1.00 2025:1.00
stats_player_post,def_tackles_with_assist,healthy,2025,1.0,,,1999:1.00 2000:1.00 2001:1.00 2002:1.00 2003:1.00 2004:1.00 2005:1.00 2006:1.00 2007:1.00 2008:1.00 2009:1.00 2010:1.00 2011:1.00 2012:1.00 2013:1.00 2014:1.00 2015:1.00 2016:1.00 2017:1.00 2018:1.00 2019:1.00 2020:1.00 2021:1.00 2022:1.00 2023:1.00 2024:1.00 2025:1.00
stats_player_post,def_tackle_assists,healthy,2025,1.0,,,1999:1.00 2000:1.00 2001:1.00 2002:1.00 2003:1.00 2004:1.00 2005:1.00 2006:1.00 2007:1.00 2008:1.00 2009:1.00 2010:1.00 2011:1.00 2012:1.00 2013:1.00 2014:1.00 2015:1.00 2016:1.00 2017:1.00 2018:1.00 2019:1.00 2020:1.00 2021:1.00 2022:1.00 2023:1.00 2024:1.00 2025:1.00
stats_player_post,def_tackles_for_loss,healthy,2025,1.0,,,1999:1.00 2000:1.00 2001:1.00 2002:1.00 2003:1.00 2004:1.00 2005:1.00 2006:1.00 2007:1.00 2008:1.00 2009:1.00 2010:1.00 2011:1.00 2012:1.00 2013:1.00 2014:1.00 2015:1.00 2016:1.00 2017:1.00 2018:1.00 2019:1.00 2020:1.00 2021:1.00 2022:1.00 2023:1.00 2024:1.00 2025:1.00
stats_player_post,def_tackles_for_loss_yards,healthy,2025,1.0,,,1999:1.00 2000:1.00 2001:1.00 2002:1.00 2003:1.00 2004:1.00 2005:1.00 2006:1.00 2007:1.00 2008:1.00 2009:1.00 2010:1.00 2011:1.00 2012:1.00 2013:1.00 2014:1.00 2015:1.00 2016:1.00 2017:1.00 2018:1.00 2019:1.00 2020:1.00 2021:1.00 2022:1.00 2023:1.00 2024:1.00 2025:1.00
stats_player_post,def_fumbles_forced,healthy,2025,1.0,,,1999:1.00 2000:1.00 2001:1.00 2002:1.00 2003:1.00 2004:1.00 2005:1.00 2006:1.00 2007:1.00 2008:1.00 2009:1.00 2010:1.00 2011:1.00 2012:1.00 2013:1.00 2014:1.00 2015:1.00 2016:1.00 2017:1.00 2018:1.00 2019:1.00 2020:1.00 2021:1.00 2022:1.00 2023:1.00 2024:1.00 2025:1.00
stats_player_post,def_sacks,healthy,2025,1.0,,,1999:1.00 2000:1.00 2001:1.00 2002:1.00 2003:1.00 2004:1.00 2005:1.00 2006:1.00 2007:1.00 2008:1.00 2009:1.00 2010:1.00 2011:1.00 2012:1.00 2013:1.00 2014:1.00 2015:1.00 2016:1.00 2017:1.00 2018:1.00 2019:1.00 2020:1.00 2021:1.00 2022:1.00 2023:1.00 2024:1.00 2025:1.00
stats_player_post,def_sack_yards,healthy,2025,1.0,,,1999:1.00 2000:1.00 2001:1.00 2002:1.00 2003:1.00 2004:1.00 2005:1.00 2006:1.00 2007:1.00 2008:1.00 2009:1.00 2010:1.00 2011:1.00 2012:1.00 2013:1.00 2014:1.00 2015:1.00 2016:1.00 2017:1.00 2018:1.00 2019:1.00 2020:1.00 2021:1.00 2022:1.00 2023:1.00 2024:1.00 2025:1.00
stats_player_post,def_qb_hits,healthy,2025,1.0,,,1999:1.00 2000:1.00 2001:1.00 2002:1.00 2003:1.00 2004:1.00 2005:1.00 2006:1.00 2007:1.00 2008:1.00 2009:1.00 2010:1.00 2011:1.00 2012:1.00 2013:1.00 2014:1.00 2015:1.00 2016:1.00 2017:1.00 2018:1.00 2019:1.00 2020:1.00 2021:1.00 2022:1.00 2023:1.00 2024:1.00 2025:1.00
stats_player_post,def_interceptions,healthy,2025,1.0,,,1999:1.00 2000:1.00 2001:1.00 2002:1.00 2003:1.00 2004:1.00 2005:1.00 2006:1.00 2007:1.00 2008:1.00 2009:1.00 2010:1.00 2011:1.00 2012:1.00 2013:1.00 2014:1.00 2015:1.00 2016:1.00 2017:1.00 2018:1.00 2019:1.00 2020:1.00 2021:1.00 2022:1.00 2023:1.00 2024:1.00 2025:1.00
stats_player_post,def_interception_yards,healthy,2025,1.0,,,1999:1.00 2000:1.00 2001:1.00 2002:1.00 2003:1.00 2004:1.00 2005:1.00 2006:1.00 2007:1.00 2008:1.00 2009:1.00 2010:1.00 2011:1.00 2012:1.00 2013:1.00 2014:1.00 2015:1.00 2016:1.00 2017:1.00 2018:1.00 2019:1.00 2020:1.00 2021:1.00 2022:1.00 2023:1.00 2024:1.00 2025:1.00
stats_player_post,def_pass_defended,healthy,2025,1.0,,,1999:1.00 2000:1.00 2001:1.00 2002:1.00 2003:1.00 2004:1.00 2005:1.00 2006:1.00 2007:1.00 2008:1.00 2009:1.00 2010:1.00 2011:1.00 2012:1.00 2013:1.00 2014:1.00 2015:1.00 2016:1.00 2017:1.00 2018:1.00 2019:1.00 2020:1.00 2021:1.00 2022:1.00 2023:1.00 2024:1.00 2025:1.00
stats_player_post,def_tds,healthy,2025,1.0,,,1999:1.00 2000:1.00 2001:1.00 2002:1.00 2003:1.00 2004:1.00 2005:1.00 2006:1.00 2007:1.00 2008:1.00 2009:1.00 2010:1.00 2011:1.00 2012:1.00 2013:1.00 2014:1.00 2015:1.00 2016:1.00 2017:1.00 2018:1.00 2019:1.00 2020:1.00 2021:1.00 2022:1.00 2023:1.00 2024:1.00 2025:1.00
stats_player_post,def_fumbles,healthy,2025,1.0,,,1999:1.00 2000:1.00 2001:1.00 2002:1.00 2003:1.00 2004:1.00 2005:1.00 2006:1.00 2007:1.00 2008:1.00 2009:1.00 2010:1.00 2011:1.00 2012:1.00 2013:1.00 2014:1.00 2015:1.00 2016:1.00 2017:1.00 2018:1.00 2019:1.00 2020:1.00 2021:1.00 2022:1.00 2023:1.00 2024:1.00 2025:1.00
stats_player_post,def_safeties,healthy,2025,1.0,,,1999:1.00 2000:1.00 2001:1.00 2002:1.00 2003:1.00 2004:1.00 2005:1.00 2006:1.00 2007:1.00 2008:1.00 2009:1.00 2010:1.00 2011:1.00 2012:1.00 2013:1.00 2014:1.00 2015:1.00 2016:1.00 2017:1.00 2018:1.00 2019:1.00 2020:1.00 2021:1.00 2022:1.00 2023:1.00 2024:1.00 2025:1.00
stats_player_post,misc_yards,healthy,2025,1.0,,,1999:1.00 2000:1.00 2001:1.00 2002:1.00 2003:1.00 2004:1.00 2005:1.00 2006:1.00 2007:1.00 2008:1.00 2009:1.00 2010:1.00 2011:1.00 2012:1.00 2013:1.00 2014:1.00 2015:1.00 2016:1.00 2017:1.00 2018:1.00 2019:1.00 2020:1.00 2021:1.00 2022:1.00 2023:1.00 2024:1.00 2025:1.00
stats_player_post,fumble_recovery_own,healthy,2025,1.0,,,1999:1.00 2000:1.00 2001:1.00 2002:1.00 2003:1.00 2004:1.00 2005:1.00 2006:1.00 2007:1.00 2008:1.00 2009:1.00 2010:1.00 2011:1.00 2012:1.00 2013:1.00 2014:1.00 2015:1.00 2016:1.00 2017:1.00 2018:1.00 2019:1.00 2020:1.00 2021:1.00 2022:1.00 2023:1.00 2024:1.00 2025:1.00
stats_player_post,fumble_recovery_yards_own,healthy,2025,1.0,,,1999:1.00 2000:1.00 2001:1.00 2002:1.00 2003:1.00 2004:1.00 2005:1.00 2006:1.00 2007:1.00 2008:1.00 2009:1.00 2010:1.00 2011:1.00 2012:1.00 2013:1.00 2014:1.00 2015:1.00 2016:1.00 2017:1.00 2018:1.00 2019:1.00 2020:1.00 2021:1.00 2022:1.00 2023:1.00 2024:1.00 2025:1.00
stats_player_post,fumble_recovery_opp,healthy,2025,1.0,,,1999:1.00 2000:1.00 2001:1.00 2002:1.00 2003:1.00 2004:1.00 2005:1.00 2006:1.00 2007:1.00 2008:1.00 2009:1.00 2010:1.00 2011:1.00 2012:1.00 2013:1.00 2014:1.00 2015:1.00 2016:1.00 2017:1.00 2018:1.00 2019:1.00 2020:1.00 2021:1.00 2022:1.00 2023:1.00 2024:1.00 2025:1.00
stats_player_post,fumble_recovery_yards_opp,healthy,2025,1.0,,,1999:1.00 2000:1.00 2001:1.00 2002:1.00 2003:1.00 2004:1.00 2005:1.00 2006:1.00 2007:1.00 2008:1.00 2009:1.00 2010:1.00 2011:1.00 2012:1.00 2013:1.00 2014:1.00 2015:1.00 2016:1.00 2017:1.00 2018:1.00 2019:1.00 2020:1.00 2021:1.00 2022:1.00 2023:1.00 2024:1.00 2025:1.00
stats_player_post,fumble_recovery_tds,healthy,2025,1.0,,,1999:1.00 2000:1.00 2001:1.00 2002:1.00 2003:1.00 2004:1.00 2005:1.00 2006:1.00 2007:1.00 2008:1.00 2009:1.00 2010:1.00 2011:1.00 2012:1.00 2013:1.00 2014:1.00 2015:1.00 2016:1.00 2017:1.00 2018:1.00 2019:1.00 2020:1.00 2021:1.00 2022:1.00 2023:1.00 2024:1.00 2025:1.00
stats_player_post,penalties,healthy,2025,1.0,,,1999:1.00 2000:1.00 2001:1.00 2002:1.00 2003:1.00 2004:1.00 2005:1.00 2006:1.00 2007:1.00 2008:1.00 2009:1.00 2010:1.00 2011:1.00 2012:1.00 2013:1.00 2014:1.00 2015:1.00 2016:1.00 2017:1.00 2018:1.00 2019:1.00 2020:1.00 2021:1.00 2022:1.00 2023:1.00 2024:1.00 2025:1.00
stats_player_post,penalty_yards,healthy,2025,1.0,,,1999:1.00 2000:1.00 2001:1.00 2002:1.00 2003:1.00 2004:1.00 2005:1.00 2006:1.00 2007:1.00 2008:1.00 2009:1.00 2010:1.00 2011:1.00 2012:1.00 2013:1.00 2014:1.00 2015:1.00 2016:1.00 2017:1.00 2018:1.00 2019:1.00 2020:1.00 2021:1.00 2022:1.00 2023:1.00 2024:1.00 2025:1.00
stats_player_post,fumbles_forced_by_opp,healthy,2025,1.0,,,1999:1.00 2000:1.00 2001:1.00 2002:1.00 2003:1.00 2004:1.00 2005:1.00 2006:1.00 2007:1.00 2008:1.00 2009:1.00 2010:1.00 2011:1.00 2012:1.00 2013:1.00 2014:1.00 2015:1.00 2016:1.00 2017:1.00 2018:1.00 2019:1.00 2020:1.00 2021:1.00 2022:1.00 2023:1.00 2024:1.00 2025:1.00
stats_player_post,fumbles_not_forced,healthy,2025,1.0,,,1999:1.00 2000:1.00 2001:1.00 2002:1.00 2003:1.00 2004:1.00 2005:1.00 2006:1.00 2007:1.00 2008:1.00 2009:1.00 2010:1.00 2011:1.00 2012:1.00 2013:1.00 2014:1.00 2015:1.00 2016:1.00 2017:1.00 2018:1.00 2019:1.00 2020:1.00 2021:1.00 2022:1.00 2023:1.00 2024:1.00 2025:1.00
stats_player_post,fumbles_out_of_bounds,healthy,2025,1.0,,,1999:1.00 2000:1.00 2001:1.00 2002:1.00 2003:1.00 2004:1.00 2005:1.00 2006:1.00 2007:1.00 2008:1.00 2009:1.00 2010:1.00 2011:1.00 2012:1.00 2013:1.00 2014:1.00 2015:1.00 2016:1.00 2017:1.00 2018:1.00 2019:1.00 2020:1.00 2021:1.00 2022:1.00 2023:1.00 2024:1.00 2025:1.00
stats_player_post,fumbles_total,healthy,2025,1.0,,,1999:1.00 2000:1.00 2001:1.00 2002:1.00 2003:1.00 2004:1.00 2005:1.00 2006:1.00 2007:1.00 2008:1.00 2009:1.00 2010:1.00 2011:1.00 2012:1.00 2013:1.00 2014:1.00 2015:1.00 2016:1.00 2017:1.00 2018:1.00 2019:1.00 2020:1.00 2021:1.00 2022:1.00 2023:1.00 2024:1.00 2025:1.00
stats_player_post,fumbles_lost_total,healthy,2025,1.0,,,1999:1.00 2000:1.00 2001:1.00 2002:1.00 2003:1.00 2004:1.00 2005:1.00 2006:1.00 2007:1.00 2008:1.00 2009:1.00 2010:1.00 2011:1.00 2012:1.00 2013:1.00 2014:1.00 2015:1.00 2016:1.00 2017:1.00 2018:1.00 2019:1.00 2020:1.00 2021:1.00 2022:1.00 2023:1.00 2024:1.00 2025:1.00
stats_player_post,punt_returns,healthy,2025,1.0,,,1999:1.00 2000:1.00 2001:1.00 2002:1.00 2003:1.00 2004:1.00 2005:1.00 2006:1.00 2007:1.00 2008:1.00 2009:1.00 2010:1.00 2011:1.00 2012:1.00 2013:1.00 2014:1.00 2015:1.00 2016:1.00 2017:1.00 2018:1.00 2019:1.00 2020:1.00 2021:1.00 2022:1.00 2023:1.00 2024:1.00 2025:1.00
stats_player_post,punt_return_yards,healthy,2025,1.0,,,1999:1.00 2000:1.00 2001:1.00 2002:1.00 2003:1.00 2004:1.00 2005:1.00 2006:1.00 2007:1.00 2008:1.00 2009:1.00 2010:1.00 2011:1.00 2012:1.00 2013:1.00 2014:1.00 2015:1.00 2016:1.00 2017:1.00 2018:1.00 2019:1.00 2020:1.00 2021:1.00 2022:1.00 2023:1.00 2024:1.00 2025:1.00
stats_player_post,kickoff_returns,healthy,2025,1.0,,,1999:1.00 2000:1.00 2001:1.00 2002:1.00 2003:1.00 2004:1.00 2005:1.00 2006:1.00 2007:1.00 2008:1.00 2009:1.00 2010:1.00 2011:1.00 2012:1.00 2013:1.00 2014:1.00 2015:1.00 2016:1.00 2017:1.00 2018:1.00 2019:1.00 2020:1.00 2021:1.00 2022:1.00 2023:1.00 2024:1.00 2025:1.00
stats_player_post,kickoff_return_yards,healthy,2025,1.0,,,1999:1.00 2000:1.00 2001:1.00 2002:1.00 2003:1.00 2004:1.00 2005:1.00 2006:1.00 2007:1.00 2008:1.00 2009:1.00 2010:1.00 2011:1.00 2012:1.00 2013:1.00 2014:1.00 2015:1.00 2016:1.00 2017:1.00 2018:1.00 2019:1.00 2020:1.00 2021:1.00 2022:1.00 2023:1.00 2024:1.00 2025:1.00
stats_player_post,fg_made,healthy,2025,1.0,,,1999:1.00 2000:1.00 2001:1.00 2002:1.00 2003:1.00 2004:1.00 2005:1.00 2006:1.00 2007:1.00 2008:1.00 2009:1.00 2010:1.00 2011:1.00 2012:1.00 2013:1.00 2014:1.00 2015:1.00 2016:1.00 2017:1.00 2018:1.00 2019:1.00 2020:1.00 2021:1.00 2022:1.00 2023:1.00 2024:1.00 2025:1.00
stats_player_post,fg_att,healthy,2025,1.0,,,1999:1.00 2000:1.00 2001:1.00 2002:1.00 2003:1.00 2004:1.00 2005:1.00 2006:1.00 2007:1.00 2008:1.00 2009:1.00 2010:1.00 2011:1.00 2012:1.00 2013:1.00 2014:1.00 2015:1.00 2016:1.00 2017:1.00 2018:1.00 2019:1.00 2020:1.00 2021:1.00 2022:1.00 2023:1.00 2024:1.00 2025:1.00
stats_player_post,fg_missed,healthy,2025,1.0,,,1999:1.00 2000:1.00 2001:1.00 2002:1.00 2003:1.00 2004:1.00 2005:1.00 2006:1.00 2007:1.00 2008:1.00 2009:1.00 2010:1.00 2011:1.00 2012:1.00 2013:1.00 2014:1.00 2015:1.00 2016:1.00 2017:1.00 2018:1.00 2019:1.00 2020:1.00 2021:1.00 2022:1.00 2023:1.00 2024:1.00 2025:1.00
stats_player_post,fg_blocked,healthy,2025,1.0,,,1999:1.00 2000:1.00 2001:1.00 2002:1.00 2003:1.00 2004:1.00 2005:1.00 2006:1.00 2007:1.00 2008:1.00 2009:1.00 2010:1.00 2011:1.00 2012:1.00 2013:1.00 2014:1.00 2015:1.00 2016:1.00 2017:1.00 2018:1.00 2019:1.00 2020:1.00 2021:1.00 2022:1.00 2023:1.00 2024:1.00 2025:1.00
stats_player_post,fg_long,healthy,2025,0.025,,,1999:0.03 2000:0.02 2001:0.03 2002:0.02 2003:0.03 2004:0.03 2005:0.02 2006:0.02 2007:0.02 2008:0.02 2009:0.02 2010:0.02 2011:0.02 2012:0.02 2013:0.03 2014:0.02 2015:0.03 2016:0.03 2017:0.02 2018:0.02 2019:0.03 2020:0.03 2021:0.02 2022:0.03 2023:0.02 2024:0.02 2025:0.02
stats_player_post,fg_pct,healthy,2025,0.026,,,1999:0.03 2000:0.02 2001:0.03 2002:0.03 2003:0.03 2004:0.03 2005:0.02 2006:0.03 2007:0.03 2008:0.02 2009:0.03 2010:0.02 2011:0.02 2012:0.03 2013:0.03 2014:0.02 2015:0.03 2016:0.03 2017:0.03 2018:0.03 2019:0.03 2020:0.03 2021:0.02 2022:0.03 2023:0.02 2024:0.03 2025:0.03
stats_player_post,fg_made_0_19,healthy,2025,1.0,,,1999:1.00 2000:1.00 2001:1.00 2002:1.00 2003:1.00 2004:1.00 2005:1.00 2006:1.00 2007:1.00 2008:1.00 2009:1.00 2010:1.00 2011:1.00 2012:1.00 2013:1.00 2014:1.00 2015:1.00 2016:1.00 2017:1.00 2018:1.00 2019:1.00 2020:1.00 2021:1.00 2022:1.00 2023:1.00 2024:1.00 2025:1.00
stats_player_post,fg_made_20_29,healthy,2025,1.0,,,1999:1.00 2000:1.00 2001:1.00 2002:1.00 2003:1.00 2004:1.00 2005:1.00 2006:1.00 2007:1.00 2008:1.00 2009:1.00 2010:1.00 2011:1.00 2012:1.00 2013:1.00 2014:1.00 2015:1.00 2016:1.00 2017:1.00 2018:1.00 2019:1.00 2020:1.00 2021:1.00 2022:1.00 2023:1.00 2024:1.00 2025:1.00
stats_player_post,fg_made_30_39,healthy,2025,1.0,,,1999:1.00 2000:1.00 2001:1.00 2002:1.00 2003:1.00 2004:1.00 2005:1.00 2006:1.00 2007:1.00 2008:1.00 2009:1.00 2010:1.00 2011:1.00 2012:1.00 2013:1.00 2014:1.00 2015:1.00 2016:1.00 2017:1.00 2018:1.00 2019:1.00 2020:1.00 2021:1.00 2022:1.00 2023:1.00 2024:1.00 2025:1.00
stats_player_post,fg_made_40_49,healthy,2025,1.0,,,1999:1.00 2000:1.00 2001:1.00 2002:1.00 2003:1.00 2004:1.00 2005:1.00 2006:1.00 2007:1.00 2008:1.00 2009:1.00 2010:1.00 2011:1.00 2012:1.00 2013:1.00 2014:1.00 2015:1.00 2016:1.00 2017:1.00 2018:1.00 2019:1.00 2020:1.00 2021:1.00 2022:1.00 2023:1.00 2024:1.00 2025:1.00
stats_player_post,fg_made_50_59,healthy,2025,1.0,,,1999:1.00 2000:1.00 2001:1.00 2002:1.00 2003:1.00 2004:1.00 2005:1.00 2006:1.00 2007:1.00 2008:1.00 2009:1.00 2010:1.00 2011:1.00 2012:1.00 2013:1.00 2014:1.00 2015:1.00 2016:1.00 2017:1.00 2018:1.00 2019:1.00 2020:1.00 2021:1.00 2022:1.00 2023:1.00 2024:1.00 2025:1.00
stats_player_post,fg_made_60_,healthy,2025,1.0,,,1999:1.00 2000:1.00 2001:1.00 2002:1.00 2003:1.00 2004:1.00 2005:1.00 2006:1.00 2007:1.00 2008:1.00 2009:1.00 2010:1.00 2011:1.00 2012:1.00 2013:1.00 2014:1.00 2015:1.00 2016:1.00 2017:1.00 2018:1.00 2019:1.00 2020:1.00 2021:1.00 2022:1.00 2023:1.00 2024:1.00 2025:1.00
stats_player_post,fg_missed_0_19,healthy,2025,1.0,,,1999:1.00 2000:1.00 2001:1.00 2002:1.00 2003:1.00 2004:1.00 2005:1.00 2006:1.00 2007:1.00 2008:1.00 2009:1.00 2010:1.00 2011:1.00 2012:1.00 2013:1.00 2014:1.00 2015:1.00 2016:1.00 2017:1.00 2018:1.00 2019:1.00 2020:1.00 2021:1.00 2022:1.00 2023:1.00 2024:1.00 2025:1.00
stats_player_post,fg_missed_20_29,healthy,2025,1.0,,,1999:1.00 2000:1.00 2001:1.00 2002:1.00 2003:1.00 2004:1.00 2005:1.00 2006:1.00 2007:1.00 2008:1.00 2009:1.00 2010:1.00 2011:1.00 2012:1.00 2013:1.00 2014:1.00 2015:1.00 2016:1.00 2017:1.00 2018:1.00 2019:1.00 2020:1.00 2021:1.00 2022:1.00 2023:1.00 2024:1.00 2025:1.00
stats_player_post,fg_missed_30_39,healthy,2025,1.0,,,1999:1.00 2000:1.00 2001:1.00 2002:1.00 2003:1.00 2004:1.00 2005:1.00 2006:1.00 2007:1.00 2008:1.00 2009:1.00 2010:1.00 2011:1.00 2012:1.00 2013:1.00 2014:1.00 2015:1.00 2016:1.00 2017:1.00 2018:1.00 2019:1.00 2020:1.00 2021:1.00 2022:1.00 2023:1.00 2024:1.00 2025:1.00
stats_player_post,fg_missed_40_49,healthy,2025,1.0,,,1999:1.00 2000:1.00 2001:1.00 2002:1.00 2003:1.00 2004:1.00 2005:1.00 2006:1.00 2007:1.00 2008:1.00 2009:1.00 2010:1.00 2011:1.00 2012:1.00 2013:1.00 2014:1.00 2015:1.00 2016:1.00 2017:1.00 2018:1.00 2019:1.00 2020:1.00 2021:1.00 2022:1.00 2023:1.00 2024:1.00 2025:1.00
stats_player_post,fg_missed_50_59,healthy,2025,1.0,,,1999:1.00 2000:1.00 2001:1.00 2002:1.00 2003:1.00 2004:1.00 2005:1.00 2006:1.00 2007:1.00 2008:1.00 2009:1.00 2010:1.00 2011:1.00 2012:1.00 2013:1.00 2014:1.00 2015:1.00 2016:1.00 2017:1.00 2018:1.00 2019:1.00 2020:1.00 2021:1.00 2022:1.00 2023:1.00 2024:1.00 2025:1.00
stats_player_post,fg_missed_60_,healthy,2025,1.0,,,1999:1.00 2000:1.00 2001:1.00 2002:1.00 2003:1.00 2004:1.00 2005:1.00 2006:1.00 2007:1.00 2008:1.00 2009:1.00 2010:1.00 2011:1.00 2012:1.00 2013:1.00 2014:1.00 2015:1.00 2016:1.00 2017:1.00 2018:1.00 2019:1.00 2020:1.00 2021:1.00 2022:1.00 2023:1.00 2024:1.00 2025:1.00
stats_player_post,fg_made_list,healthy,2025,0.025,,,1999:0.03 2000:0.02 2001:0.03 2002:0.02 2003:0.03 2004:0.03 2005:0.02 2006:0.02 2007:0.02 2008:0.02 2009:0.02 2010:0.02 2011:0.02 2012:0.02 2013:0.03 2014:0.02 2015:0.03 2016:0.03 2017:0.02 2018:0.02 2019:0.03 2020:0.03 2021:0.02 2022:0.03 2023:0.02 2024:0.02 2025:0.02
stats_player_post,fg_missed_list,healthy,2025,0.008,,,1999:0.01 2000:0.02 2001:0.01 2002:0.02 2003:0.01 2004:0.01 2005:0.01 2006:0.01 2007:0.01 2008:0.01 2009:0.02 2010:0.01 2011:0.01 2012:0.01 2013:0.01 2014:0.01 2015:0.01 2016:0.00 2017:0.01 2018:0.02 2019:0.01 2020:0.01 2021:0.01 2022:0.00 2023:0.01 2024:0.01 2025:0.01
stats_player_post,fg_blocked_list,healthy,2025,0.002,,,1999:0.00 2000:0.00 2001:0.01 2002:0.00 2003:0.01 2004:0.00 2005:0.00 2006:0.00 2007:0.00 2008:0.00 2009:0.00 2010:0.00 2011:0.00 2012:0.00 2013:0.00 2014:0.00 2015:0.00 2016:0.00 2017:0.00 2018:0.00 2019:0.00 2020:0.00 2021:0.00 2022:0.00 2023:0.00 2024:0.00 2025:0.00
stats_player_post,fg_made_distance,healthy,2025,1.0,,,1999:1.00 2000:1.00 2001:1.00 2002:1.00 2003:1.00 2004:1.00 2005:1.00 2006:1.00 2007:1.00 2008:1.00 2009:1.00 2010:1.00 2011:1.00 2012:1.00 2013:1.00 2014:1.00 2015:1.00 2016:1.00 2017:1.00 2018:1.00 2019:1.00 2020:1.00 2021:1.00 2022:1.00 2023:1.00 2024:1.00 2025:1.00
stats_player_post,fg_missed_distance,healthy,2025,1.0,,,1999:1.00 2000:1.00 2001:1.00 2002:1.00 2003:1.00 2004:1.00 2005:1.00 2006:1.00 2007:1.00 2008:1.00 2009:1.00 2010:1.00 2011:1.00 2012:1.00 2013:1.00 2014:1.00 2015:1.00 2016:1.00 2017:1.00 2018:1.00 2019:1.00 2020:1.00 2021:1.00 2022:1.00 2023:1.00 2024:1.00 2025:1.00
stats_player_post,fg_blocked_distance,healthy,2025,1.0,,,1999:1.00 2000:1.00 2001:1.00 2002:1.00 2003:1.00 2004:1.00 2005:1.00 2006:1.00 2007:1.00 2008:1.00 2009:1.00 2010:1.00 2011:1.00 2012:1.00 2013:1.00 2014:1.00 2015:1.00 2016:1.00 2017:1.00 2018:1.00 2019:1.00 2020:1.00 2021:1.00 2022:1.00 2023:1.00 2024:1.00 2025:1.00
stats_player_post,pat_made,healthy,2025,1.0,,,1999:1.00 2000:1.00 2001:1.00 2002:1.00 2003:1.00 2004:1.00 2005:1.00 2006:1.00 2007:1.00 2008:1.00 2009:1.00 2010:1.00 2011:1.00 2012:1.00 2013:1.00 2014:1.00 2015:1.00 2016:1.00 2017:1.00 2018:1.00 2019:1.00 2020:1.00 2021:1.00 2022:1.00 2023:1.00 2024:1.00 2025:1.00
stats_player_post,pat_att,healthy,2025,1.0,,,1999:1.00 2000:1.00 2001:1.00 2002:1.00 2003:1.00 2004:1.00 2005:1.00 2006:1.00 2007:1.00 2008:1.00 2009:1.00 2010:1.00 2011:1.00 2012:1.00 2013:1.00 2014:1.00 2015:1.00 2016:1.00 2017:1.00 2018:1.00 2019:1.00 2020:1.00 2021:1.00 2022:1.00 2023:1.00 2024:1.00 2025:1.00
stats_player_post,pat_missed,healthy,2025,1.0,,,1999:1.00 2000:1.00 2001:1.00 2002:1.00 2003:1.00 2004:1.00 2005:1.00 2006:1.00 2007:1.00 2008:1.00 2009:1.00 2010:1.00 2011:1.00 2012:1.00 2013:1.00 2014:1.00 2015:1.00 2016:1.00 2017:1.00 2018:1.00 2019:1.00 2020:1.00 2021:1.00 2022:1.00 2023:1.00 2024:1.00 2025:1.00
stats_player_post,pat_blocked,healthy,2025,1.0,,,1999:1.00 2000:1.00 2001:1.00 2002:1.00 2003:1.00 2004:1.00 2005:1.00 2006:1.00 2007:1.00 2008:1.00 2009:1.00 2010:1.00 2011:1.00 2012:1.00 2013:1.00 2014:1.00 2015:1.00 2016:1.00 2017:1.00 2018:1.00 2019:1.00 2020:1.00 2021:1.00 2022:1.00 2023:1.00 2024:1.00 2025:1.00
stats_player_post,pat_pct,healthy,2025,0.023,,,1999:0.03 2000:0.02 2001:0.02 2002:0.03 2003:0.03 2004:0.03 2005:0.02 2006:0.02 2007:0.03 2008:0.03 2009:0.03 2010:0.03 2011:0.03 2012:0.03 2013:0.03 2014:0.02 2015:0.02 2016:0.02 2017:0.03 2018:0.02 2019:0.02 2020:0.03 2021:0.02 2022:0.03 2023:0.03 2024:0.03 2025:0.02
stats_player_post,gwfg_made,healthy,2025,1.0,,,1999:1.00 2000:1.00 2001:1.00 2002:1.00 2003:1.00 2004:1.00 2005:1.00 2006:1.00 2007:1.00 2008:1.00 2009:1.00 2010:1.00 2011:1.00 2012:1.00 2013:1.00 2014:1.00 2015:1.00 2016:1.00 2017:1.00 2018:1.00 2019:1.00 2020:1.00 2021:1.00 2022:1.00 2023:1.00 2024:1.00 2025:1.00
stats_player_post,gwfg_att,healthy,2025,1.0,,,1999:1.00 2000:1.00 2001:1.00 2002:1.00 2003:1.00 2004:1.00 2005:1.00 2006:1.00 2007:1.00 2008:1.00 2009:1.00 2010:1.00 2011:1.00 2012:1.00 2013:1.00 2014:1.00 2015:1.00 2016:1.00 2017:1.00 2018:1.00 2019:1.00 2020:1.00 2021:1.00 2022:1.00 2023:1.00 2024:1.00 2025:1.00
stats_player_post,gwfg_missed,healthy,2025,1.0,,,1999:1.00 2000:1.00 2001:1.00 2002:1.00 2003:1.00 2004:1.00 2005:1.00 2006:1.00 2007:1.00 2008:1.00 2009:1.00 2010:1.00 2011:1.00 2012:1.00 2013:1.00 2014:1.00 2015:1.00 2016:1.00 2017:1.00 2018:1.00 2019:1.00 2020:1.00 2021:1.00 2022:1.00 2023:1.00 2024:1.00 2025:1.00
stats_player_post,gwfg_blocked,healthy,2025,1.0,,,1999:1.00 2000:1.00 2001:1.00 2002:1.00 2003:1.00 2004:1.00 2005:1.00 2006:1.00 2007:1.00 2008:1.00 2009:1.00 2010:1.00 2011:1.00 2012:1.00 2013:1.00 2014:1.00 2015:1.00 2016:1.00 2017:1.00 2018:1.00 2019:1.00 2020:1.00 2021:1.00 2022:1.00 2023:1.00 2024:1.00 2025:1.00
stats_player_post,gwfg_distance_list,healthy,2025,0.004,,,1999:0.00 2000:0.00 2001:0.00 2002:0.00 2003:0.01 2004:0.00 2005:0.00 2006:0.00 2007:0.00 2008:0.00 2009:0.00 2010:0.00 2011:0.00 2012:0.00 2013:0.00 2014:0.00 2015:0.00 2016:0.00 2017:0.00 2018:0.00 2019:0.00 2020:0.00 2021:0.01 2022:0.00 2023:0.00 2024:0.00 2025:0.00
stats_player_post,pt_att,healthy,2025,1.0,,,1999:1.00 2000:1.00 2001:1.00 2002:1.00 2003:1.00 2004:1.00 2005:1.00 2006:1.00 2007:1.00 2008:1.00 2009:1.00 2010:1.00 2011:1.00 2012:1.00 2013:1.00 2014:1.00 2015:1.00 2016:1.00 2017:1.00 2018:1.00 2019:1.00 2020:1.00 2021:1.00 2022:1.00 2023:1.00 2024:1.00 2025:1.00
stats_player_post,pt_blocked,healthy,2025,1.0,,,1999:1.00 2000:1.00 2001:1.00 2002:1.00 2003:1.00 2004:1.00 2005:1.00 2006:1.00 2007:1.00 2008:1.00 2009:1.00 2010:1.00 2011:1.00 2012:1.00 2013:1.00 2014:1.00 2015:1.00 2016:1.00 2017:1.00 2018:1.00 2019:1.00 2020:1.00 2021:1.00 2022:1.00 2023:1.00 2024:1.00 2025:1.00
stats_player_post,pt_long,healthy,2025,0.026,,,1999:0.03 2000:0.03 2001:0.03 2002:0.03 2003:0.03 2004:0.03 2005:0.03 2006:0.03 2007:0.03 2008:0.03 2009:0.03 2010:0.03 2011:0.03 2012:0.03 2013:0.03 2014:0.03 2015:0.03 2016:0.03 2017:0.03 2018:0.03 2019:0.03 2020:0.03 2021:0.03 2022:0.03 2023:0.03 2024:0.03 2025:0.03
stats_player_post,pt_yards,healthy,2025,1.0,,,1999:1.00 2000:1.00 2001:1.00 2002:1.00 2003:1.00 2004:1.00 2005:1.00 2006:1.00 2007:1.00 2008:1.00 2009:1.00 2010:1.00 2011:1.00 2012:1.00 2013:1.00 2014:1.00 2015:1.00 2016:1.00 2017:1.00 2018:1.00 2019:1.00 2020:1.00 2021:1.00 2022:1.00 2023:1.00 2024:1.00 2025:1.00
stats_player_post,pt_inside_20,healthy,2025,1.0,,,1999:1.00 2000:1.00 2001:1.00 2002:1.00 2003:1.00 2004:1.00 2005:1.00 2006:1.00 2007:1.00 2008:1.00 2009:1.00 2010:1.00 2011:1.00 2012:1.00 2013:1.00 2014:1.00 2015:1.00 2016:1.00 2017:1.00 2018:1.00 2019:1.00 2020:1.00 2021:1.00 2022:1.00 2023:1.00 2024:1.00 2025:1.00
stats_player_post,pt_out_of_bounds,healthy,2025,1.0,,,1999:1.00 2000:1.00 2001:1.00 2002:1.00 2003:1.00 2004:1.00 2005:1.00 2006:1.00 2007:1.00 2008:1.00 2009:1.00 2010:1.00 2011:1.00 2012:1.00 2013:1.00 2014:1.00 2015:1.00 2016:1.00 2017:1.00 2018:1.00 2019:1.00 2020:1.00 2021:1.00 2022:1.00 2023:1.00 2024:1.00 2025:1.00
stats_player_post,pt_downed,healthy,2025,1.0,,,1999:1.00 2000:1.00 2001:1.00 2002:1.00 2003:1.00 2004:1.00 2005:1.00 2006:1.00 2007:1.00 2008:1.00 2009:1.00 2010:1.00 2011:1.00 2012:1.00 2013:1.00 2014:1.00 2015:1.00 2016:1.00 2017:1.00 2018:1.00 2019:1.00 2020:1.00 2021:1.00 2022:1.00 2023:1.00 2024:1.00 2025:1.00
stats_player_post,pt_touchback,healthy,2025,1.0,,,1999:1.00 2000:1.00 2001:1.00 2002:1.00 2003:1.00 2004:1.00 2005:1.00 2006:1.00 2007:1.00 2008:1.00 2009:1.00 2010:1.00 2011:1.00 2012:1.00 2013:1.00 2014:1.00 2015:1.00 2016:1.00 2017:1.00 2018:1.00 2019:1.00 2020:1.00 2021:1.00 2022:1.00 2023:1.00 2024:1.00 2025:1.00
stats_player_post,pt_fair_caught,healthy,2025,1.0,,,1999:1.00 2000:1.00 2001:1.00 2002:1.00 2003:1.00 2004:1.00 2005:1.00 2006:1.00 2007:1.00 2008:1.00 2009:1.00 2010:1.00 2011:1.00 2012:1.00 2013:1.00 2014:1.00 2015:1.00 2016:1.00 2017:1.00 2018:1.00 2019:1.00 2020:1.00 2021:1.00 2022:1.00 2023:1.00 2024:1.00 2025:1.00
stats_player_post,pt_returned,healthy,2025,1.0,,,1999:1.00 2000:1.00 2001:1.00 2002:1.00 2003:1.00 2004:1.00 2005:1.00 2006:1.00 2007:1.00 2008:1.00 2009:1.00 2010:1.00 2011:1.00 2012:1.00 2013:1.00 2014:1.00 2015:1.00 2016:1.00 2017:1.00 2018:1.00 2019:1.00 2020:1.00 2021:1.00 2022:1.00 2023:1.00 2024:1.00 2025:1.00
stats_player_post,pt_return_yards,healthy,2025,1.0,,,1999:1.00 2000:1.00 2001:1.00 2002:1.00 2003:1.00 2004:1.00 2005:1.00 2006:1.00 2007:1.00 2008:1.00 2009:1.00 2010:1.00 2011:1.00 2012:1.00 2013:1.00 2014:1.00 2015:1.00 2016:1.00 2017:1.00 2018:1.00 2019:1.00 2020:1.00 2021:1.00 2022:1.00 2023:1.00 2024:1.00 2025:1.00
stats_player_post,pt_return_tds,healthy,2025,1.0,,,1999:1.00 2000:1.00 2001:1.00 2002:1.00 2003:1.00 2004:1.00 2005:1.00 2006:1.00 2007:1.00 2008:1.00 2009:1.00 2010:1.00 2011:1.00 2012:1.00 2013:1.00 2014:1.00 2015:1.00 2016:1.00 2017:1.00 2018:1.00 2019:1.00 2020:1.00 2021:1.00 2022:1.00 2023:1.00 2024:1.00 2025:1.00
stats_player_post,pt_net_yards,healthy,2025,1.0,,,1999:1.00 2000:1.00 2001:1.00 2002:1.00 2003:1.00 2004:1.00 2005:1.00 2006:1.00 2007:1.00 2008:1.00 2009:1.00 2010:1.00 2011:1.00 2012:1.00 2013:1.00 2014:1.00 2015:1.00 2016:1.00 2017:1.00 2018:1.00 2019:1.00 2020:1.00 2021:1.00 2022:1.00 2023:1.00 2024:1.00 2025:1.00
stats_player_post,fantasy_points,healthy,2025,1.0,,,1999:1.00 2000:1.00 2001:1.00 2002:1.00 2003:1.00 2004:1.00 2005:1.00 2006:1.00 2007:1.00 2008:1.00 2009:1.00 2010:1.00 2011:1.00 2012:1.00 2013:1.00 2014:1.00 2015:1.00 2016:1.00 2017:1.00 2018:1.00 2019:1.00 2020:1.00 2021:1.00 2022:1.00 2023:1.00 2024:1.00 2025:1.00
stats_player_post,fantasy_points_ppr,healthy,2025,1.0,,,1999:1.00 2000:1.00 2001:1.00 2002:1.00 2003:1.00 2004:1.00 2005:1.00 2006:1.00 2007:1.00 2008:1.00 2009:1.00 2010:1.00 2011:1.00 2012:1.00 2013:1.00 2014:1.00 2015:1.00 2016:1.00 2017:1.00 2018:1.00 2019:1.00 2020:1.00 2021:1.00 2022:1.00 2023:1.00 2024:1.00 2025:1.00
stats_player_reg,player_id,healthy,2025,1.0,,,1999:1.00 2000:1.00 2001:1.00 2002:1.00 2003:1.00 2004:1.00 2005:1.00 2006:1.00 2007:1.00 2008:1.00 2009:1.00 2010:1.00 2011:1.00 2012:1.00 2013:1.00 2014:1.00 2015:1.00 2016:1.00 2017:1.00 2018:1.00 2019:1.00 2020:1.00 2021:1.00 2022:1.00 2023:1.00 2024:1.00 2025:1.00
stats_player_reg,player_name,healthy,2025,1.0,,,1999:1.00 2000:1.00 2001:1.00 2002:1.00 2003:1.00 2004:1.00 2005:1.00 2006:1.00 2007:1.00 2008:1.00 2009:1.00 2010:1.00 2011:1.00 2012:1.00 2013:1.00 2014:1.00 2015:1.00 2016:1.00 2017:1.00 2018:1.00 2019:1.00 2020:1.00 2021:1.00 2022:1.00 2023:1.00 2024:1.00 2025:1.00
stats_player_reg,player_display_name,healthy,2025,1.0,,,1999:1.00 2000:1.00 2001:1.00 2002:1.00 2003:1.00 2004:1.00 2005:1.00 2006:1.00 2007:1.00 2008:1.00 2009:1.00 2010:1.00 2011:1.00 2012:1.00 2013:1.00 2014:1.00 2015:1.00 2016:1.00 2017:1.00 2018:1.00 2019:1.00 2020:1.00 2021:1.00 2022:1.00 2023:1.00 2024:1.00 2025:1.00
stats_player_reg,position,healthy,2025,1.0,,,1999:1.00 2000:1.00 2001:1.00 2002:1.00 2003:1.00 2004:1.00 2005:1.00 2006:1.00 2007:1.00 2008:1.00 2009:1.00 2010:1.00 2011:1.00 2012:1.00 2013:1.00 2014:1.00 2015:1.00 2016:1.00 2017:1.00 2018:1.00 2019:1.00 2020:1.00 2021:1.00 2022:1.00 2023:1.00 2024:1.00 2025:1.00
stats_player_reg,position_group,healthy,2025,1.0,,,1999:1.00 2000:1.00 2001:1.00 2002:1.00 2003:1.00 2004:1.00 2005:1.00 2006:1.00 2007:1.00 2008:1.00 2009:1.00 2010:1.00 2011:1.00 2012:1.00 2013:1.00 2014:1.00 2015:1.00 2016:1.00 2017:1.00 2018:1.00 2019:1.00 2020:1.00 2021:1.00 2022:1.00 2023:1.00 2024:1.00 2025:1.00
stats_player_reg,headshot_url,healthy,2025,0.998,,,1999:1.00 2000:1.00 2001:1.00 2002:1.00 2003:1.00 2004:1.00 2005:1.00 2006:1.00 2007:1.00 2008:1.00 2009:1.00 2010:1.00 2011:1.00 2012:1.00 2013:1.00 2014:1.00 2015:1.00 2016:1.00 2017:1.00 2018:1.00 2019:1.00 2020:1.00 2021:1.00 2022:1.00 2023:1.00 2024:1.00 2025:1.00
stats_player_reg,season_type,healthy,2025,1.0,,,1999:1.00 2000:1.00 2001:1.00 2002:1.00 2003:1.00 2004:1.00 2005:1.00 2006:1.00 2007:1.00 2008:1.00 2009:1.00 2010:1.00 2011:1.00 2012:1.00 2013:1.00 2014:1.00 2015:1.00 2016:1.00 2017:1.00 2018:1.00 2019:1.00 2020:1.00 2021:1.00 2022:1.00 2023:1.00 2024:1.00 2025:1.00
stats_player_reg,recent_team,healthy,2025,1.0,,,1999:1.00 2000:1.00 2001:1.00 2002:1.00 2003:1.00 2004:1.00 2005:1.00 2006:1.00 2007:1.00 2008:1.00 2009:1.00 2010:1.00 2011:1.00 2012:1.00 2013:1.00 2014:1.00 2015:1.00 2016:1.00 2017:1.00 2018:1.00 2019:1.00 2020:1.00 2021:1.00 2022:1.00 2023:1.00 2024:1.00 2025:1.00
stats_player_reg,games,healthy,2025,1.0,,,1999:1.00 2000:1.00 2001:1.00 2002:1.00 2003:1.00 2004:1.00 2005:1.00 2006:1.00 2007:1.00 2008:1.00 2009:1.00 2010:1.00 2011:1.00 2012:1.00 2013:1.00 2014:1.00 2015:1.00 2016:1.00 2017:1.00 2018:1.00 2019:1.00 2020:1.00 2021:1.00 2022:1.00 2023:1.00 2024:1.00 2025:1.00
stats_player_reg,completions,healthy,2025,1.0,,,1999:1.00 2000:1.00 2001:1.00 2002:1.00 2003:1.00 2004:1.00 2005:1.00 2006:1.00 2007:1.00 2008:1.00 2009:1.00 2010:1.00 2011:1.00 2012:1.00 2013:1.00 2014:1.00 2015:1.00 2016:1.00 2017:1.00 2018:1.00 2019:1.00 2020:1.00 2021:1.00 2022:1.00 2023:1.00 2024:1.00 2025:1.00
stats_player_reg,attempts,healthy,2025,1.0,,,1999:1.00 2000:1.00 2001:1.00 2002:1.00 2003:1.00 2004:1.00 2005:1.00 2006:1.00 2007:1.00 2008:1.00 2009:1.00 2010:1.00 2011:1.00 2012:1.00 2013:1.00 2014:1.00 2015:1.00 2016:1.00 2017:1.00 2018:1.00 2019:1.00 2020:1.00 2021:1.00 2022:1.00 2023:1.00 2024:1.00 2025:1.00
stats_player_reg,passing_yards,healthy,2025,1.0,,,1999:1.00 2000:1.00 2001:1.00 2002:1.00 2003:1.00 2004:1.00 2005:1.00 2006:1.00 2007:1.00 2008:1.00 2009:1.00 2010:1.00 2011:1.00 2012:1.00 2013:1.00 2014:1.00 2015:1.00 2016:1.00 2017:1.00 2018:1.00 2019:1.00 2020:1.00 2021:1.00 2022:1.00 2023:1.00 2024:1.00 2025:1.00
stats_player_reg,passing_tds,healthy,2025,1.0,,,1999:1.00 2000:1.00 2001:1.00 2002:1.00 2003:1.00 2004:1.00 2005:1.00 2006:1.00 2007:1.00 2008:1.00 2009:1.00 2010:1.00 2011:1.00 2012:1.00 2013:1.00 2014:1.00 2015:1.00 2016:1.00 2017:1.00 2018:1.00 2019:1.00 2020:1.00 2021:1.00 2022:1.00 2023:1.00 2024:1.00 2025:1.00
stats_player_reg,passing_interceptions,healthy,2025,1.0,,,1999:1.00 2000:1.00 2001:1.00 2002:1.00 2003:1.00 2004:1.00 2005:1.00 2006:1.00 2007:1.00 2008:1.00 2009:1.00 2010:1.00 2011:1.00 2012:1.00 2013:1.00 2014:1.00 2015:1.00 2016:1.00 2017:1.00 2018:1.00 2019:1.00 2020:1.00 2021:1.00 2022:1.00 2023:1.00 2024:1.00 2025:1.00
stats_player_reg,sacks_suffered,healthy,2025,1.0,,,1999:1.00 2000:1.00 2001:1.00 2002:1.00 2003:1.00 2004:1.00 2005:1.00 2006:1.00 2007:1.00 2008:1.00 2009:1.00 2010:1.00 2011:1.00 2012:1.00 2013:1.00 2014:1.00 2015:1.00 2016:1.00 2017:1.00 2018:1.00 2019:1.00 2020:1.00 2021:1.00 2022:1.00 2023:1.00 2024:1.00 2025:1.00
stats_player_reg,sack_yards_lost,healthy,2025,1.0,,,1999:1.00 2000:1.00 2001:1.00 2002:1.00 2003:1.00 2004:1.00 2005:1.00 2006:1.00 2007:1.00 2008:1.00 2009:1.00 2010:1.00 2011:1.00 2012:1.00 2013:1.00 2014:1.00 2015:1.00 2016:1.00 2017:1.00 2018:1.00 2019:1.00 2020:1.00 2021:1.00 2022:1.00 2023:1.00 2024:1.00 2025:1.00
stats_player_reg,sack_fumbles,healthy,2025,1.0,,,1999:1.00 2000:1.00 2001:1.00 2002:1.00 2003:1.00 2004:1.00 2005:1.00 2006:1.00 2007:1.00 2008:1.00 2009:1.00 2010:1.00 2011:1.00 2012:1.00 2013:1.00 2014:1.00 2015:1.00 2016:1.00 2017:1.00 2018:1.00 2019:1.00 2020:1.00 2021:1.00 2022:1.00 2023:1.00 2024:1.00 2025:1.00
stats_player_reg,sack_fumbles_lost,healthy,2025,1.0,,,1999:1.00 2000:1.00 2001:1.00 2002:1.00 2003:1.00 2004:1.00 2005:1.00 2006:1.00 2007:1.00 2008:1.00 2009:1.00 2010:1.00 2011:1.00 2012:1.00 2013:1.00 2014:1.00 2015:1.00 2016:1.00 2017:1.00 2018:1.00 2019:1.00 2020:1.00 2021:1.00 2022:1.00 2023:1.00 2024:1.00 2025:1.00
stats_player_reg,passing_air_yards,healthy,2025,1.0,,,1999:1.00 2000:1.00 2001:1.00 2002:1.00 2003:1.00 2004:1.00 2005:1.00 2006:1.00 2007:1.00 2008:1.00 2009:1.00 2010:1.00 2011:1.00 2012:1.00 2013:1.00 2014:1.00 2015:1.00 2016:1.00 2017:1.00 2018:1.00 2019:1.00 2020:1.00 2021:1.00 2022:1.00 2023:1.00 2024:1.00 2025:1.00
stats_player_reg,passing_yards_after_catch,healthy,2025,1.0,,,1999:1.00 2000:1.00 2001:1.00 2002:1.00 2003:1.00 2004:1.00 2005:1.00 2006:1.00 2007:1.00 2008:1.00 2009:1.00 2010:1.00 2011:1.00 2012:1.00 2013:1.00 2014:1.00 2015:1.00 2016:1.00 2017:1.00 2018:1.00 2019:1.00 2020:1.00 2021:1.00 2022:1.00 2023:1.00 2024:1.00 2025:1.00
stats_player_reg,passing_first_downs,healthy,2025,1.0,,,1999:1.00 2000:1.00 2001:1.00 2002:1.00 2003:1.00 2004:1.00 2005:1.00 2006:1.00 2007:1.00 2008:1.00 2009:1.00 2010:1.00 2011:1.00 2012:1.00 2013:1.00 2014:1.00 2015:1.00 2016:1.00 2017:1.00 2018:1.00 2019:1.00 2020:1.00 2021:1.00 2022:1.00 2023:1.00 2024:1.00 2025:1.00
stats_player_reg,passing_epa,healthy,2025,0.05,,,1999:0.06 2000:0.06 2001:0.07 2002:0.07 2003:0.07 2004:0.07 2005:0.06 2006:0.06 2007:0.06 2008:0.06 2009:0.06 2010:0.06 2011:0.05 2012:0.05 2013:0.05 2014:0.05 2015:0.05 2016:0.05 2017:0.05 2018:0.06 2019:0.06 2020:0.06 2021:0.06 2022:0.06 2023:0.06 2024:0.06 2025:0.05
stats_player_reg,passing_cpoe,healthy,2025,0.046,,,1999:0.00 2000:0.00 2001:0.00 2002:0.00 2003:0.00 2004:0.00 2005:0.00 2006:0.05 2007:0.06 2008:0.06 2009:0.06 2010:0.06 2011:0.05 2012:0.05 2013:0.05 2014:0.05 2015:0.05 2016:0.05 2017:0.05 2018:0.06 2019:0.05 2020:0.06 2021:0.05 2022:0.05 2023:0.05 2024:0.05 2025:0.05
stats_player_reg,passing_2pt_conversions,healthy,2025,1.0,,,1999:1.00 2000:1.00 2001:1.00 2002:1.00 2003:1.00 2004:1.00 2005:1.00 2006:1.00 2007:1.00 2008:1.00 2009:1.00 2010:1.00 2011:1.00 2012:1.00 2013:1.00 2014:1.00 2015:1.00 2016:1.00 2017:1.00 2018:1.00 2019:1.00 2020:1.00 2021:1.00 2022:1.00 2023:1.00 2024:1.00 2025:1.00
stats_player_reg,pacr,healthy,2025,0.047,,,1999:0.05 2000:0.05 2001:0.06 2002:0.05 2003:0.05 2004:0.05 2005:0.05 2006:0.05 2007:0.06 2008:0.06 2009:0.06 2010:0.06 2011:0.05 2012:0.05 2013:0.05 2014:0.05 2015:0.05 2016:0.05 2017:0.05 2018:0.06 2019:0.05 2020:0.06 2021:0.05 2022:0.05 2023:0.05 2024:0.05 2025:0.05
stats_player_reg,passing_10,healthy,2025,1.0,,,1999:1.00 2000:1.00 2001:1.00 2002:1.00 2003:1.00 2004:1.00 2005:1.00 2006:1.00 2007:1.00 2008:1.00 2009:1.00 2010:1.00 2011:1.00 2012:1.00 2013:1.00 2014:1.00 2015:1.00 2016:1.00 2017:1.00 2018:1.00 2019:1.00 2020:1.00 2021:1.00 2022:1.00 2023:1.00 2024:1.00 2025:1.00
stats_player_reg,passing_16,healthy,2025,1.0,,,1999:1.00 2000:1.00 2001:1.00 2002:1.00 2003:1.00 2004:1.00 2005:1.00 2006:1.00 2007:1.00 2008:1.00 2009:1.00 2010:1.00 2011:1.00 2012:1.00 2013:1.00 2014:1.00 2015:1.00 2016:1.00 2017:1.00 2018:1.00 2019:1.00 2020:1.00 2021:1.00 2022:1.00 2023:1.00 2024:1.00 2025:1.00
stats_player_reg,passing_20,healthy,2025,1.0,,,1999:1.00 2000:1.00 2001:1.00 2002:1.00 2003:1.00 2004:1.00 2005:1.00 2006:1.00 2007:1.00 2008:1.00 2009:1.00 2010:1.00 2011:1.00 2012:1.00 2013:1.00 2014:1.00 2015:1.00 2016:1.00 2017:1.00 2018:1.00 2019:1.00 2020:1.00 2021:1.00 2022:1.00 2023:1.00 2024:1.00 2025:1.00
stats_player_reg,passing_40,healthy,2025,1.0,,,1999:1.00 2000:1.00 2001:1.00 2002:1.00 2003:1.00 2004:1.00 2005:1.00 2006:1.00 2007:1.00 2008:1.00 2009:1.00 2010:1.00 2011:1.00 2012:1.00 2013:1.00 2014:1.00 2015:1.00 2016:1.00 2017:1.00 2018:1.00 2019:1.00 2020:1.00 2021:1.00 2022:1.00 2023:1.00 2024:1.00 2025:1.00
stats_player_reg,carries,healthy,2025,1.0,,,1999:1.00 2000:1.00 2001:1.00 2002:1.00 2003:1.00 2004:1.00 2005:1.00 2006:1.00 2007:1.00 2008:1.00 2009:1.00 2010:1.00 2011:1.00 2012:1.00 2013:1.00 2014:1.00 2015:1.00 2016:1.00 2017:1.00 2018:1.00 2019:1.00 2020:1.00 2021:1.00 2022:1.00 2023:1.00 2024:1.00 2025:1.00
stats_player_reg,rushing_yards,healthy,2025,1.0,,,1999:1.00 2000:1.00 2001:1.00 2002:1.00 2003:1.00 2004:1.00 2005:1.00 2006:1.00 2007:1.00 2008:1.00 2009:1.00 2010:1.00 2011:1.00 2012:1.00 2013:1.00 2014:1.00 2015:1.00 2016:1.00 2017:1.00 2018:1.00 2019:1.00 2020:1.00 2021:1.00 2022:1.00 2023:1.00 2024:1.00 2025:1.00
stats_player_reg,rushing_tds,healthy,2025,1.0,,,1999:1.00 2000:1.00 2001:1.00 2002:1.00 2003:1.00 2004:1.00 2005:1.00 2006:1.00 2007:1.00 2008:1.00 2009:1.00 2010:1.00 2011:1.00 2012:1.00 2013:1.00 2014:1.00 2015:1.00 2016:1.00 2017:1.00 2018:1.00 2019:1.00 2020:1.00 2021:1.00 2022:1.00 2023:1.00 2024:1.00 2025:1.00
stats_player_reg,rushing_fumbles,healthy,2025,1.0,,,1999:1.00 2000:1.00 2001:1.00 2002:1.00 2003:1.00 2004:1.00 2005:1.00 2006:1.00 2007:1.00 2008:1.00 2009:1.00 2010:1.00 2011:1.00 2012:1.00 2013:1.00 2014:1.00 2015:1.00 2016:1.00 2017:1.00 2018:1.00 2019:1.00 2020:1.00 2021:1.00 2022:1.00 2023:1.00 2024:1.00 2025:1.00
stats_player_reg,rushing_fumbles_lost,healthy,2025,1.0,,,1999:1.00 2000:1.00 2001:1.00 2002:1.00 2003:1.00 2004:1.00 2005:1.00 2006:1.00 2007:1.00 2008:1.00 2009:1.00 2010:1.00 2011:1.00 2012:1.00 2013:1.00 2014:1.00 2015:1.00 2016:1.00 2017:1.00 2018:1.00 2019:1.00 2020:1.00 2021:1.00 2022:1.00 2023:1.00 2024:1.00 2025:1.00
stats_player_reg,rushing_first_downs,healthy,2025,1.0,,,1999:1.00 2000:1.00 2001:1.00 2002:1.00 2003:1.00 2004:1.00 2005:1.00 2006:1.00 2007:1.00 2008:1.00 2009:1.00 2010:1.00 2011:1.00 2012:1.00 2013:1.00 2014:1.00 2015:1.00 2016:1.00 2017:1.00 2018:1.00 2019:1.00 2020:1.00 2021:1.00 2022:1.00 2023:1.00 2024:1.00 2025:1.00
stats_player_reg,rushing_epa,healthy,2025,0.166,,,1999:0.18 2000:0.19 2001:0.18 2002:0.19 2003:0.19 2004:0.19 2005:0.18 2006:0.18 2007:0.18 2008:0.17 2009:0.18 2010:0.18 2011:0.18 2012:0.18 2013:0.17 2014:0.17 2015:0.17 2016:0.18 2017:0.17 2018:0.18 2019:0.18 2020:0.19 2021:0.18 2022:0.18 2023:0.18 2024:0.17 2025:0.17
stats_player_reg,rushing_2pt_conversions,healthy,2025,1.0,,,1999:1.00 2000:1.00 2001:1.00 2002:1.00 2003:1.00 2004:1.00 2005:1.00 2006:1.00 2007:1.00 2008:1.00 2009:1.00 2010:1.00 2011:1.00 2012:1.00 2013:1.00 2014:1.00 2015:1.00 2016:1.00 2017:1.00 2018:1.00 2019:1.00 2020:1.00 2021:1.00 2022:1.00 2023:1.00 2024:1.00 2025:1.00
stats_player_reg,rushing_10,healthy,2025,1.0,,,1999:1.00 2000:1.00 2001:1.00 2002:1.00 2003:1.00 2004:1.00 2005:1.00 2006:1.00 2007:1.00 2008:1.00 2009:1.00 2010:1.00 2011:1.00 2012:1.00 2013:1.00 2014:1.00 2015:1.00 2016:1.00 2017:1.00 2018:1.00 2019:1.00 2020:1.00 2021:1.00 2022:1.00 2023:1.00 2024:1.00 2025:1.00
stats_player_reg,rushing_12,healthy,2025,1.0,,,1999:1.00 2000:1.00 2001:1.00 2002:1.00 2003:1.00 2004:1.00 2005:1.00 2006:1.00 2007:1.00 2008:1.00 2009:1.00 2010:1.00 2011:1.00 2012:1.00 2013:1.00 2014:1.00 2015:1.00 2016:1.00 2017:1.00 2018:1.00 2019:1.00 2020:1.00 2021:1.00 2022:1.00 2023:1.00 2024:1.00 2025:1.00
stats_player_reg,rushing_20,healthy,2025,1.0,,,1999:1.00 2000:1.00 2001:1.00 2002:1.00 2003:1.00 2004:1.00 2005:1.00 2006:1.00 2007:1.00 2008:1.00 2009:1.00 2010:1.00 2011:1.00 2012:1.00 2013:1.00 2014:1.00 2015:1.00 2016:1.00 2017:1.00 2018:1.00 2019:1.00 2020:1.00 2021:1.00 2022:1.00 2023:1.00 2024:1.00 2025:1.00
stats_player_reg,rushing_40,healthy,2025,1.0,,,1999:1.00 2000:1.00 2001:1.00 2002:1.00 2003:1.00 2004:1.00 2005:1.00 2006:1.00 2007:1.00 2008:1.00 2009:1.00 2010:1.00 2011:1.00 2012:1.00 2013:1.00 2014:1.00 2015:1.00 2016:1.00 2017:1.00 2018:1.00 2019:1.00 2020:1.00 2021:1.00 2022:1.00 2023:1.00 2024:1.00 2025:1.00
stats_player_reg,receptions,healthy,2025,1.0,,,1999:1.00 2000:1.00 2001:1.00 2002:1.00 2003:1.00 2004:1.00 2005:1.00 2006:1.00 2007:1.00 2008:1.00 2009:1.00 2010:1.00 2011:1.00 2012:1.00 2013:1.00 2014:1.00 2015:1.00 2016:1.00 2017:1.00 2018:1.00 2019:1.00 2020:1.00 2021:1.00 2022:1.00 2023:1.00 2024:1.00 2025:1.00
stats_player_reg,targets,healthy,2025,1.0,,,1999:1.00 2000:1.00 2001:1.00 2002:1.00 2003:1.00 2004:1.00 2005:1.00 2006:1.00 2007:1.00 2008:1.00 2009:1.00 2010:1.00 2011:1.00 2012:1.00 2013:1.00 2014:1.00 2015:1.00 2016:1.00 2017:1.00 2018:1.00 2019:1.00 2020:1.00 2021:1.00 2022:1.00 2023:1.00 2024:1.00 2025:1.00
stats_player_reg,receiving_yards,healthy,2025,1.0,,,1999:1.00 2000:1.00 2001:1.00 2002:1.00 2003:1.00 2004:1.00 2005:1.00 2006:1.00 2007:1.00 2008:1.00 2009:1.00 2010:1.00 2011:1.00 2012:1.00 2013:1.00 2014:1.00 2015:1.00 2016:1.00 2017:1.00 2018:1.00 2019:1.00 2020:1.00 2021:1.00 2022:1.00 2023:1.00 2024:1.00 2025:1.00
stats_player_reg,receiving_tds,healthy,2025,1.0,,,1999:1.00 2000:1.00 2001:1.00 2002:1.00 2003:1.00 2004:1.00 2005:1.00 2006:1.00 2007:1.00 2008:1.00 2009:1.00 2010:1.00 2011:1.00 2012:1.00 2013:1.00 2014:1.00 2015:1.00 2016:1.00 2017:1.00 2018:1.00 2019:1.00 2020:1.00 2021:1.00 2022:1.00 2023:1.00 2024:1.00 2025:1.00
stats_player_reg,receiving_fumbles,healthy,2025,1.0,,,1999:1.00 2000:1.00 2001:1.00 2002:1.00 2003:1.00 2004:1.00 2005:1.00 2006:1.00 2007:1.00 2008:1.00 2009:1.00 2010:1.00 2011:1.00 2012:1.00 2013:1.00 2014:1.00 2015:1.00 2016:1.00 2017:1.00 2018:1.00 2019:1.00 2020:1.00 2021:1.00 2022:1.00 2023:1.00 2024:1.00 2025:1.00
stats_player_reg,receiving_fumbles_lost,healthy,2025,1.0,,,1999:1.00 2000:1.00 2001:1.00 2002:1.00 2003:1.00 2004:1.00 2005:1.00 2006:1.00 2007:1.00 2008:1.00 2009:1.00 2010:1.00 2011:1.00 2012:1.00 2013:1.00 2014:1.00 2015:1.00 2016:1.00 2017:1.00 2018:1.00 2019:1.00 2020:1.00 2021:1.00 2022:1.00 2023:1.00 2024:1.00 2025:1.00
stats_player_reg,receiving_air_yards,healthy,2025,1.0,,,1999:1.00 2000:1.00 2001:1.00 2002:1.00 2003:1.00 2004:1.00 2005:1.00 2006:1.00 2007:1.00 2008:1.00 2009:1.00 2010:1.00 2011:1.00 2012:1.00 2013:1.00 2014:1.00 2015:1.00 2016:1.00 2017:1.00 2018:1.00 2019:1.00 2020:1.00 2021:1.00 2022:1.00 2023:1.00 2024:1.00 2025:1.00
stats_player_reg,receiving_yards_after_catch,healthy,2025,1.0,,,1999:1.00 2000:1.00 2001:1.00 2002:1.00 2003:1.00 2004:1.00 2005:1.00 2006:1.00 2007:1.00 2008:1.00 2009:1.00 2010:1.00 2011:1.00 2012:1.00 2013:1.00 2014:1.00 2015:1.00 2016:1.00 2017:1.00 2018:1.00 2019:1.00 2020:1.00 2021:1.00 2022:1.00 2023:1.00 2024:1.00 2025:1.00
stats_player_reg,receiving_first_downs,healthy,2025,1.0,,,1999:1.00 2000:1.00 2001:1.00 2002:1.00 2003:1.00 2004:1.00 2005:1.00 2006:1.00 2007:1.00 2008:1.00 2009:1.00 2010:1.00 2011:1.00 2012:1.00 2013:1.00 2014:1.00 2015:1.00 2016:1.00 2017:1.00 2018:1.00 2019:1.00 2020:1.00 2021:1.00 2022:1.00 2023:1.00 2024:1.00 2025:1.00
stats_player_reg,receiving_epa,healthy,2025,0.249,,,1999:0.27 2000:0.26 2001:0.26 2002:0.25 2003:0.25 2004:0.25 2005:0.24 2006:0.24 2007:0.24 2008:0.25 2009:0.26 2010:0.25 2011:0.27 2012:0.27 2013:0.27 2014:0.26 2015:0.26 2016:0.27 2017:0.26 2018:0.27 2019:0.27 2020:0.27 2021:0.26 2022:0.25 2023:0.25 2024:0.25 2025:0.25
stats_player_reg,receiving_2pt_conversions,healthy,2025,1.0,,,1999:1.00 2000:1.00 2001:1.00 2002:1.00 2003:1.00 2004:1.00 2005:1.00 2006:1.00 2007:1.00 2008:1.00 2009:1.00 2010:1.00 2011:1.00 2012:1.00 2013:1.00 2014:1.00 2015:1.00 2016:1.00 2017:1.00 2018:1.00 2019:1.00 2020:1.00 2021:1.00 2022:1.00 2023:1.00 2024:1.00 2025:1.00
stats_player_reg,receiving_10,healthy,2025,1.0,,,1999:1.00 2000:1.00 2001:1.00 2002:1.00 2003:1.00 2004:1.00 2005:1.00 2006:1.00 2007:1.00 2008:1.00 2009:1.00 2010:1.00 2011:1.00 2012:1.00 2013:1.00 2014:1.00 2015:1.00 2016:1.00 2017:1.00 2018:1.00 2019:1.00 2020:1.00 2021:1.00 2022:1.00 2023:1.00 2024:1.00 2025:1.00
stats_player_reg,receiving_16,healthy,2025,1.0,,,1999:1.00 2000:1.00 2001:1.00 2002:1.00 2003:1.00 2004:1.00 2005:1.00 2006:1.00 2007:1.00 2008:1.00 2009:1.00 2010:1.00 2011:1.00 2012:1.00 2013:1.00 2014:1.00 2015:1.00 2016:1.00 2017:1.00 2018:1.00 2019:1.00 2020:1.00 2021:1.00 2022:1.00 2023:1.00 2024:1.00 2025:1.00
stats_player_reg,receiving_20,healthy,2025,1.0,,,1999:1.00 2000:1.00 2001:1.00 2002:1.00 2003:1.00 2004:1.00 2005:1.00 2006:1.00 2007:1.00 2008:1.00 2009:1.00 2010:1.00 2011:1.00 2012:1.00 2013:1.00 2014:1.00 2015:1.00 2016:1.00 2017:1.00 2018:1.00 2019:1.00 2020:1.00 2021:1.00 2022:1.00 2023:1.00 2024:1.00 2025:1.00
stats_player_reg,receiving_40,healthy,2025,1.0,,,1999:1.00 2000:1.00 2001:1.00 2002:1.00 2003:1.00 2004:1.00 2005:1.00 2006:1.00 2007:1.00 2008:1.00 2009:1.00 2010:1.00 2011:1.00 2012:1.00 2013:1.00 2014:1.00 2015:1.00 2016:1.00 2017:1.00 2018:1.00 2019:1.00 2020:1.00 2021:1.00 2022:1.00 2023:1.00 2024:1.00 2025:1.00
stats_player_reg,racr,healthy,2025,0.249,,,1999:0.25 2000:0.25 2001:0.24 2002:0.24 2003:0.25 2004:0.25 2005:0.24 2006:0.24 2007:0.24 2008:0.25 2009:0.26 2010:0.25 2011:0.27 2012:0.28 2013:0.27 2014:0.26 2015:0.26 2016:0.27 2017:0.26 2018:0.27 2019:0.27 2020:0.26 2021:0.26 2022:0.25 2023:0.25 2024:0.25 2025:0.25
stats_player_reg,target_share,healthy,2025,1.0,,,1999:1.00 2000:1.00 2001:1.00 2002:1.00 2003:0.06 2004:0.16 2005:0.00 2006:0.06 2007:0.37 2008:0.39 2009:1.00 2010:1.00 2011:1.00 2012:1.00 2013:1.00 2014:1.00 2015:1.00 2016:1.00 2017:1.00 2018:1.00 2019:1.00 2020:1.00 2021:1.00 2022:1.00 2023:1.00 2024:1.00 2025:1.00
stats_player_reg,air_yards_share,healthy,2025,1.0,,,1999:1.00 2000:1.00 2001:1.00 2002:1.00 2003:0.06 2004:0.03 2005:0.00 2006:1.00 2007:1.00 2008:1.00 2009:1.00 2010:1.00 2011:1.00 2012:1.00 2013:1.00 2014:1.00 2015:1.00 2016:1.00 2017:1.00 2018:1.00 2019:1.00 2020:1.00 2021:1.00 2022:1.00 2023:1.00 2024:1.00 2025:1.00
stats_player_reg,wopr,healthy,2025,1.0,,,1999:1.00 2000:1.00 2001:1.00 2002:1.00 2003:0.06 2004:0.00 2005:0.00 2006:0.06 2007:0.37 2008:0.39 2009:1.00 2010:1.00 2011:1.00 2012:1.00 2013:1.00 2014:1.00 2015:1.00 2016:1.00 2017:1.00 2018:1.00 2019:1.00 2020:1.00 2021:1.00 2022:1.00 2023:1.00 2024:1.00 2025:1.00
stats_player_reg,special_teams_tds,healthy,2025,1.0,,,1999:1.00 2000:1.00 2001:1.00 2002:1.00 2003:1.00 2004:1.00 2005:1.00 2006:1.00 2007:1.00 2008:1.00 2009:1.00 2010:1.00 2011:1.00 2012:1.00 2013:1.00 2014:1.00 2015:1.00 2016:1.00 2017:1.00 2018:1.00 2019:1.00 2020:1.00 2021:1.00 2022:1.00 2023:1.00 2024:1.00 2025:1.00
stats_player_reg,def_tackles_solo,healthy,2025,1.0,,,1999:1.00 2000:1.00 2001:1.00 2002:1.00 2003:1.00 2004:1.00 2005:1.00 2006:1.00 2007:1.00 2008:1.00 2009:1.00 2010:1.00 2011:1.00 2012:1.00 2013:1.00 2014:1.00 2015:1.00 2016:1.00 2017:1.00 2018:1.00 2019:1.00 2020:1.00 2021:1.00 2022:1.00 2023:1.00 2024:1.00 2025:1.00
stats_player_reg,def_tackles_with_assist,healthy,2025,1.0,,,1999:1.00 2000:1.00 2001:1.00 2002:1.00 2003:1.00 2004:1.00 2005:1.00 2006:1.00 2007:1.00 2008:1.00 2009:1.00 2010:1.00 2011:1.00 2012:1.00 2013:1.00 2014:1.00 2015:1.00 2016:1.00 2017:1.00 2018:1.00 2019:1.00 2020:1.00 2021:1.00 2022:1.00 2023:1.00 2024:1.00 2025:1.00
stats_player_reg,def_tackle_assists,healthy,2025,1.0,,,1999:1.00 2000:1.00 2001:1.00 2002:1.00 2003:1.00 2004:1.00 2005:1.00 2006:1.00 2007:1.00 2008:1.00 2009:1.00 2010:1.00 2011:1.00 2012:1.00 2013:1.00 2014:1.00 2015:1.00 2016:1.00 2017:1.00 2018:1.00 2019:1.00 2020:1.00 2021:1.00 2022:1.00 2023:1.00 2024:1.00 2025:1.00
stats_player_reg,def_tackles_for_loss,healthy,2025,1.0,,,1999:1.00 2000:1.00 2001:1.00 2002:1.00 2003:1.00 2004:1.00 2005:1.00 2006:1.00 2007:1.00 2008:1.00 2009:1.00 2010:1.00 2011:1.00 2012:1.00 2013:1.00 2014:1.00 2015:1.00 2016:1.00 2017:1.00 2018:1.00 2019:1.00 2020:1.00 2021:1.00 2022:1.00 2023:1.00 2024:1.00 2025:1.00
stats_player_reg,def_tackles_for_loss_yards,healthy,2025,1.0,,,1999:1.00 2000:1.00 2001:1.00 2002:1.00 2003:1.00 2004:1.00 2005:1.00 2006:1.00 2007:1.00 2008:1.00 2009:1.00 2010:1.00 2011:1.00 2012:1.00 2013:1.00 2014:1.00 2015:1.00 2016:1.00 2017:1.00 2018:1.00 2019:1.00 2020:1.00 2021:1.00 2022:1.00 2023:1.00 2024:1.00 2025:1.00
stats_player_reg,def_fumbles_forced,healthy,2025,1.0,,,1999:1.00 2000:1.00 2001:1.00 2002:1.00 2003:1.00 2004:1.00 2005:1.00 2006:1.00 2007:1.00 2008:1.00 2009:1.00 2010:1.00 2011:1.00 2012:1.00 2013:1.00 2014:1.00 2015:1.00 2016:1.00 2017:1.00 2018:1.00 2019:1.00 2020:1.00 2021:1.00 2022:1.00 2023:1.00 2024:1.00 2025:1.00
stats_player_reg,def_sacks,healthy,2025,1.0,,,1999:1.00 2000:1.00 2001:1.00 2002:1.00 2003:1.00 2004:1.00 2005:1.00 2006:1.00 2007:1.00 2008:1.00 2009:1.00 2010:1.00 2011:1.00 2012:1.00 2013:1.00 2014:1.00 2015:1.00 2016:1.00 2017:1.00 2018:1.00 2019:1.00 2020:1.00 2021:1.00 2022:1.00 2023:1.00 2024:1.00 2025:1.00
stats_player_reg,def_sack_yards,healthy,2025,1.0,,,1999:1.00 2000:1.00 2001:1.00 2002:1.00 2003:1.00 2004:1.00 2005:1.00 2006:1.00 2007:1.00 2008:1.00 2009:1.00 2010:1.00 2011:1.00 2012:1.00 2013:1.00 2014:1.00 2015:1.00 2016:1.00 2017:1.00 2018:1.00 2019:1.00 2020:1.00 2021:1.00 2022:1.00 2023:1.00 2024:1.00 2025:1.00
stats_player_reg,def_qb_hits,healthy,2025,1.0,,,1999:1.00 2000:1.00 2001:1.00 2002:1.00 2003:1.00 2004:1.00 2005:1.00 2006:1.00 2007:1.00 2008:1.00 2009:1.00 2010:1.00 2011:1.00 2012:1.00 2013:1.00 2014:1.00 2015:1.00 2016:1.00 2017:1.00 2018:1.00 2019:1.00 2020:1.00 2021:1.00 2022:1.00 2023:1.00 2024:1.00 2025:1.00
stats_player_reg,def_interceptions,healthy,2025,1.0,,,1999:1.00 2000:1.00 2001:1.00 2002:1.00 2003:1.00 2004:1.00 2005:1.00 2006:1.00 2007:1.00 2008:1.00 2009:1.00 2010:1.00 2011:1.00 2012:1.00 2013:1.00 2014:1.00 2015:1.00 2016:1.00 2017:1.00 2018:1.00 2019:1.00 2020:1.00 2021:1.00 2022:1.00 2023:1.00 2024:1.00 2025:1.00
stats_player_reg,def_interception_yards,healthy,2025,1.0,,,1999:1.00 2000:1.00 2001:1.00 2002:1.00 2003:1.00 2004:1.00 2005:1.00 2006:1.00 2007:1.00 2008:1.00 2009:1.00 2010:1.00 2011:1.00 2012:1.00 2013:1.00 2014:1.00 2015:1.00 2016:1.00 2017:1.00 2018:1.00 2019:1.00 2020:1.00 2021:1.00 2022:1.00 2023:1.00 2024:1.00 2025:1.00
stats_player_reg,def_pass_defended,healthy,2025,1.0,,,1999:1.00 2000:1.00 2001:1.00 2002:1.00 2003:1.00 2004:1.00 2005:1.00 2006:1.00 2007:1.00 2008:1.00 2009:1.00 2010:1.00 2011:1.00 2012:1.00 2013:1.00 2014:1.00 2015:1.00 2016:1.00 2017:1.00 2018:1.00 2019:1.00 2020:1.00 2021:1.00 2022:1.00 2023:1.00 2024:1.00 2025:1.00
stats_player_reg,def_tds,healthy,2025,1.0,,,1999:1.00 2000:1.00 2001:1.00 2002:1.00 2003:1.00 2004:1.00 2005:1.00 2006:1.00 2007:1.00 2008:1.00 2009:1.00 2010:1.00 2011:1.00 2012:1.00 2013:1.00 2014:1.00 2015:1.00 2016:1.00 2017:1.00 2018:1.00 2019:1.00 2020:1.00 2021:1.00 2022:1.00 2023:1.00 2024:1.00 2025:1.00
stats_player_reg,def_fumbles,healthy,2025,1.0,,,1999:1.00 2000:1.00 2001:1.00 2002:1.00 2003:1.00 2004:1.00 2005:1.00 2006:1.00 2007:1.00 2008:1.00 2009:1.00 2010:1.00 2011:1.00 2012:1.00 2013:1.00 2014:1.00 2015:1.00 2016:1.00 2017:1.00 2018:1.00 2019:1.00 2020:1.00 2021:1.00 2022:1.00 2023:1.00 2024:1.00 2025:1.00
stats_player_reg,def_safeties,healthy,2025,1.0,,,1999:1.00 2000:1.00 2001:1.00 2002:1.00 2003:1.00 2004:1.00 2005:1.00 2006:1.00 2007:1.00 2008:1.00 2009:1.00 2010:1.00 2011:1.00 2012:1.00 2013:1.00 2014:1.00 2015:1.00 2016:1.00 2017:1.00 2018:1.00 2019:1.00 2020:1.00 2021:1.00 2022:1.00 2023:1.00 2024:1.00 2025:1.00
stats_player_reg,misc_yards,healthy,2025,1.0,,,1999:1.00 2000:1.00 2001:1.00 2002:1.00 2003:1.00 2004:1.00 2005:1.00 2006:1.00 2007:1.00 2008:1.00 2009:1.00 2010:1.00 2011:1.00 2012:1.00 2013:1.00 2014:1.00 2015:1.00 2016:1.00 2017:1.00 2018:1.00 2019:1.00 2020:1.00 2021:1.00 2022:1.00 2023:1.00 2024:1.00 2025:1.00
stats_player_reg,fumble_recovery_own,healthy,2025,1.0,,,1999:1.00 2000:1.00 2001:1.00 2002:1.00 2003:1.00 2004:1.00 2005:1.00 2006:1.00 2007:1.00 2008:1.00 2009:1.00 2010:1.00 2011:1.00 2012:1.00 2013:1.00 2014:1.00 2015:1.00 2016:1.00 2017:1.00 2018:1.00 2019:1.00 2020:1.00 2021:1.00 2022:1.00 2023:1.00 2024:1.00 2025:1.00
stats_player_reg,fumble_recovery_yards_own,healthy,2025,1.0,,,1999:1.00 2000:1.00 2001:1.00 2002:1.00 2003:1.00 2004:1.00 2005:1.00 2006:1.00 2007:1.00 2008:1.00 2009:1.00 2010:1.00 2011:1.00 2012:1.00 2013:1.00 2014:1.00 2015:1.00 2016:1.00 2017:1.00 2018:1.00 2019:1.00 2020:1.00 2021:1.00 2022:1.00 2023:1.00 2024:1.00 2025:1.00
stats_player_reg,fumble_recovery_opp,healthy,2025,1.0,,,1999:1.00 2000:1.00 2001:1.00 2002:1.00 2003:1.00 2004:1.00 2005:1.00 2006:1.00 2007:1.00 2008:1.00 2009:1.00 2010:1.00 2011:1.00 2012:1.00 2013:1.00 2014:1.00 2015:1.00 2016:1.00 2017:1.00 2018:1.00 2019:1.00 2020:1.00 2021:1.00 2022:1.00 2023:1.00 2024:1.00 2025:1.00
stats_player_reg,fumble_recovery_yards_opp,healthy,2025,1.0,,,1999:1.00 2000:1.00 2001:1.00 2002:1.00 2003:1.00 2004:1.00 2005:1.00 2006:1.00 2007:1.00 2008:1.00 2009:1.00 2010:1.00 2011:1.00 2012:1.00 2013:1.00 2014:1.00 2015:1.00 2016:1.00 2017:1.00 2018:1.00 2019:1.00 2020:1.00 2021:1.00 2022:1.00 2023:1.00 2024:1.00 2025:1.00
stats_player_reg,fumble_recovery_tds,healthy,2025,1.0,,,1999:1.00 2000:1.00 2001:1.00 2002:1.00 2003:1.00 2004:1.00 2005:1.00 2006:1.00 2007:1.00 2008:1.00 2009:1.00 2010:1.00 2011:1.00 2012:1.00 2013:1.00 2014:1.00 2015:1.00 2016:1.00 2017:1.00 2018:1.00 2019:1.00 2020:1.00 2021:1.00 2022:1.00 2023:1.00 2024:1.00 2025:1.00
stats_player_reg,penalties,healthy,2025,1.0,,,1999:1.00 2000:1.00 2001:1.00 2002:1.00 2003:1.00 2004:1.00 2005:1.00 2006:1.00 2007:1.00 2008:1.00 2009:1.00 2010:1.00 2011:1.00 2012:1.00 2013:1.00 2014:1.00 2015:1.00 2016:1.00 2017:1.00 2018:1.00 2019:1.00 2020:1.00 2021:1.00 2022:1.00 2023:1.00 2024:1.00 2025:1.00
stats_player_reg,penalty_yards,healthy,2025,1.0,,,1999:1.00 2000:1.00 2001:1.00 2002:1.00 2003:1.00 2004:1.00 2005:1.00 2006:1.00 2007:1.00 2008:1.00 2009:1.00 2010:1.00 2011:1.00 2012:1.00 2013:1.00 2014:1.00 2015:1.00 2016:1.00 2017:1.00 2018:1.00 2019:1.00 2020:1.00 2021:1.00 2022:1.00 2023:1.00 2024:1.00 2025:1.00
stats_player_reg,fumbles_forced_by_opp,healthy,2025,1.0,,,1999:1.00 2000:1.00 2001:1.00 2002:1.00 2003:1.00 2004:1.00 2005:1.00 2006:1.00 2007:1.00 2008:1.00 2009:1.00 2010:1.00 2011:1.00 2012:1.00 2013:1.00 2014:1.00 2015:1.00 2016:1.00 2017:1.00 2018:1.00 2019:1.00 2020:1.00 2021:1.00 2022:1.00 2023:1.00 2024:1.00 2025:1.00
stats_player_reg,fumbles_not_forced,healthy,2025,1.0,,,1999:1.00 2000:1.00 2001:1.00 2002:1.00 2003:1.00 2004:1.00 2005:1.00 2006:1.00 2007:1.00 2008:1.00 2009:1.00 2010:1.00 2011:1.00 2012:1.00 2013:1.00 2014:1.00 2015:1.00 2016:1.00 2017:1.00 2018:1.00 2019:1.00 2020:1.00 2021:1.00 2022:1.00 2023:1.00 2024:1.00 2025:1.00
stats_player_reg,fumbles_out_of_bounds,healthy,2025,1.0,,,1999:1.00 2000:1.00 2001:1.00 2002:1.00 2003:1.00 2004:1.00 2005:1.00 2006:1.00 2007:1.00 2008:1.00 2009:1.00 2010:1.00 2011:1.00 2012:1.00 2013:1.00 2014:1.00 2015:1.00 2016:1.00 2017:1.00 2018:1.00 2019:1.00 2020:1.00 2021:1.00 2022:1.00 2023:1.00 2024:1.00 2025:1.00
stats_player_reg,fumbles_total,healthy,2025,1.0,,,1999:1.00 2000:1.00 2001:1.00 2002:1.00 2003:1.00 2004:1.00 2005:1.00 2006:1.00 2007:1.00 2008:1.00 2009:1.00 2010:1.00 2011:1.00 2012:1.00 2013:1.00 2014:1.00 2015:1.00 2016:1.00 2017:1.00 2018:1.00 2019:1.00 2020:1.00 2021:1.00 2022:1.00 2023:1.00 2024:1.00 2025:1.00
stats_player_reg,fumbles_lost_total,healthy,2025,1.0,,,1999:1.00 2000:1.00 2001:1.00 2002:1.00 2003:1.00 2004:1.00 2005:1.00 2006:1.00 2007:1.00 2008:1.00 2009:1.00 2010:1.00 2011:1.00 2012:1.00 2013:1.00 2014:1.00 2015:1.00 2016:1.00 2017:1.00 2018:1.00 2019:1.00 2020:1.00 2021:1.00 2022:1.00 2023:1.00 2024:1.00 2025:1.00
stats_player_reg,punt_returns,healthy,2025,1.0,,,1999:1.00 2000:1.00 2001:1.00 2002:1.00 2003:1.00 2004:1.00 2005:1.00 2006:1.00 2007:1.00 2008:1.00 2009:1.00 2010:1.00 2011:1.00 2012:1.00 2013:1.00 2014:1.00 2015:1.00 2016:1.00 2017:1.00 2018:1.00 2019:1.00 2020:1.00 2021:1.00 2022:1.00 2023:1.00 2024:1.00 2025:1.00
stats_player_reg,punt_return_yards,healthy,2025,1.0,,,1999:1.00 2000:1.00 2001:1.00 2002:1.00 2003:1.00 2004:1.00 2005:1.00 2006:1.00 2007:1.00 2008:1.00 2009:1.00 2010:1.00 2011:1.00 2012:1.00 2013:1.00 2014:1.00 2015:1.00 2016:1.00 2017:1.00 2018:1.00 2019:1.00 2020:1.00 2021:1.00 2022:1.00 2023:1.00 2024:1.00 2025:1.00
stats_player_reg,kickoff_returns,healthy,2025,1.0,,,1999:1.00 2000:1.00 2001:1.00 2002:1.00 2003:1.00 2004:1.00 2005:1.00 2006:1.00 2007:1.00 2008:1.00 2009:1.00 2010:1.00 2011:1.00 2012:1.00 2013:1.00 2014:1.00 2015:1.00 2016:1.00 2017:1.00 2018:1.00 2019:1.00 2020:1.00 2021:1.00 2022:1.00 2023:1.00 2024:1.00 2025:1.00
stats_player_reg,kickoff_return_yards,healthy,2025,1.0,,,1999:1.00 2000:1.00 2001:1.00 2002:1.00 2003:1.00 2004:1.00 2005:1.00 2006:1.00 2007:1.00 2008:1.00 2009:1.00 2010:1.00 2011:1.00 2012:1.00 2013:1.00 2014:1.00 2015:1.00 2016:1.00 2017:1.00 2018:1.00 2019:1.00 2020:1.00 2021:1.00 2022:1.00 2023:1.00 2024:1.00 2025:1.00
stats_player_reg,fg_made,healthy,2025,1.0,,,1999:1.00 2000:1.00 2001:1.00 2002:1.00 2003:1.00 2004:1.00 2005:1.00 2006:1.00 2007:1.00 2008:1.00 2009:1.00 2010:1.00 2011:1.00 2012:1.00 2013:1.00 2014:1.00 2015:1.00 2016:1.00 2017:1.00 2018:1.00 2019:1.00 2020:1.00 2021:1.00 2022:1.00 2023:1.00 2024:1.00 2025:1.00
stats_player_reg,fg_att,healthy,2025,1.0,,,1999:1.00 2000:1.00 2001:1.00 2002:1.00 2003:1.00 2004:1.00 2005:1.00 2006:1.00 2007:1.00 2008:1.00 2009:1.00 2010:1.00 2011:1.00 2012:1.00 2013:1.00 2014:1.00 2015:1.00 2016:1.00 2017:1.00 2018:1.00 2019:1.00 2020:1.00 2021:1.00 2022:1.00 2023:1.00 2024:1.00 2025:1.00
stats_player_reg,fg_missed,healthy,2025,1.0,,,1999:1.00 2000:1.00 2001:1.00 2002:1.00 2003:1.00 2004:1.00 2005:1.00 2006:1.00 2007:1.00 2008:1.00 2009:1.00 2010:1.00 2011:1.00 2012:1.00 2013:1.00 2014:1.00 2015:1.00 2016:1.00 2017:1.00 2018:1.00 2019:1.00 2020:1.00 2021:1.00 2022:1.00 2023:1.00 2024:1.00 2025:1.00
stats_player_reg,fg_blocked,healthy,2025,1.0,,,1999:1.00 2000:1.00 2001:1.00 2002:1.00 2003:1.00 2004:1.00 2005:1.00 2006:1.00 2007:1.00 2008:1.00 2009:1.00 2010:1.00 2011:1.00 2012:1.00 2013:1.00 2014:1.00 2015:1.00 2016:1.00 2017:1.00 2018:1.00 2019:1.00 2020:1.00 2021:1.00 2022:1.00 2023:1.00 2024:1.00 2025:1.00
stats_player_reg,fg_long,healthy,2025,0.021,,,1999:0.02 2000:0.02 2001:0.02 2002:0.02 2003:0.02 2004:0.02 2005:0.02 2006:0.02 2007:0.02 2008:0.02 2009:0.02 2010:0.02 2011:0.02 2012:0.02 2013:0.02 2014:0.02 2015:0.02 2016:0.02 2017:0.02 2018:0.02 2019:0.02 2020:0.02 2021:0.02 2022:0.02 2023:0.02 2024:0.02 2025:0.02
stats_player_reg,fg_pct,healthy,2025,0.021,,,1999:0.02 2000:0.03 2001:0.02 2002:0.03 2003:0.02 2004:0.02 2005:0.02 2006:0.02 2007:0.02 2008:0.02 2009:0.02 2010:0.02 2011:0.02 2012:0.02 2013:0.02 2014:0.02 2015:0.02 2016:0.02 2017:0.02 2018:0.02 2019:0.02 2020:0.02 2021:0.02 2022:0.02 2023:0.02 2024:0.02 2025:0.02
stats_player_reg,fg_made_0_19,healthy,2025,1.0,,,1999:1.00 2000:1.00 2001:1.00 2002:1.00 2003:1.00 2004:1.00 2005:1.00 2006:1.00 2007:1.00 2008:1.00 2009:1.00 2010:1.00 2011:1.00 2012:1.00 2013:1.00 2014:1.00 2015:1.00 2016:1.00 2017:1.00 2018:1.00 2019:1.00 2020:1.00 2021:1.00 2022:1.00 2023:1.00 2024:1.00 2025:1.00
stats_player_reg,fg_made_20_29,healthy,2025,1.0,,,1999:1.00 2000:1.00 2001:1.00 2002:1.00 2003:1.00 2004:1.00 2005:1.00 2006:1.00 2007:1.00 2008:1.00 2009:1.00 2010:1.00 2011:1.00 2012:1.00 2013:1.00 2014:1.00 2015:1.00 2016:1.00 2017:1.00 2018:1.00 2019:1.00 2020:1.00 2021:1.00 2022:1.00 2023:1.00 2024:1.00 2025:1.00
stats_player_reg,fg_made_30_39,healthy,2025,1.0,,,1999:1.00 2000:1.00 2001:1.00 2002:1.00 2003:1.00 2004:1.00 2005:1.00 2006:1.00 2007:1.00 2008:1.00 2009:1.00 2010:1.00 2011:1.00 2012:1.00 2013:1.00 2014:1.00 2015:1.00 2016:1.00 2017:1.00 2018:1.00 2019:1.00 2020:1.00 2021:1.00 2022:1.00 2023:1.00 2024:1.00 2025:1.00
stats_player_reg,fg_made_40_49,healthy,2025,1.0,,,1999:1.00 2000:1.00 2001:1.00 2002:1.00 2003:1.00 2004:1.00 2005:1.00 2006:1.00 2007:1.00 2008:1.00 2009:1.00 2010:1.00 2011:1.00 2012:1.00 2013:1.00 2014:1.00 2015:1.00 2016:1.00 2017:1.00 2018:1.00 2019:1.00 2020:1.00 2021:1.00 2022:1.00 2023:1.00 2024:1.00 2025:1.00
stats_player_reg,fg_made_50_59,healthy,2025,1.0,,,1999:1.00 2000:1.00 2001:1.00 2002:1.00 2003:1.00 2004:1.00 2005:1.00 2006:1.00 2007:1.00 2008:1.00 2009:1.00 2010:1.00 2011:1.00 2012:1.00 2013:1.00 2014:1.00 2015:1.00 2016:1.00 2017:1.00 2018:1.00 2019:1.00 2020:1.00 2021:1.00 2022:1.00 2023:1.00 2024:1.00 2025:1.00
stats_player_reg,fg_made_60_,healthy,2025,1.0,,,1999:1.00 2000:1.00 2001:1.00 2002:1.00 2003:1.00 2004:1.00 2005:1.00 2006:1.00 2007:1.00 2008:1.00 2009:1.00 2010:1.00 2011:1.00 2012:1.00 2013:1.00 2014:1.00 2015:1.00 2016:1.00 2017:1.00 2018:1.00 2019:1.00 2020:1.00 2021:1.00 2022:1.00 2023:1.00 2024:1.00 2025:1.00
stats_player_reg,fg_missed_0_19,healthy,2025,1.0,,,1999:1.00 2000:1.00 2001:1.00 2002:1.00 2003:1.00 2004:1.00 2005:1.00 2006:1.00 2007:1.00 2008:1.00 2009:1.00 2010:1.00 2011:1.00 2012:1.00 2013:1.00 2014:1.00 2015:1.00 2016:1.00 2017:1.00 2018:1.00 2019:1.00 2020:1.00 2021:1.00 2022:1.00 2023:1.00 2024:1.00 2025:1.00
stats_player_reg,fg_missed_20_29,healthy,2025,1.0,,,1999:1.00 2000:1.00 2001:1.00 2002:1.00 2003:1.00 2004:1.00 2005:1.00 2006:1.00 2007:1.00 2008:1.00 2009:1.00 2010:1.00 2011:1.00 2012:1.00 2013:1.00 2014:1.00 2015:1.00 2016:1.00 2017:1.00 2018:1.00 2019:1.00 2020:1.00 2021:1.00 2022:1.00 2023:1.00 2024:1.00 2025:1.00
stats_player_reg,fg_missed_30_39,healthy,2025,1.0,,,1999:1.00 2000:1.00 2001:1.00 2002:1.00 2003:1.00 2004:1.00 2005:1.00 2006:1.00 2007:1.00 2008:1.00 2009:1.00 2010:1.00 2011:1.00 2012:1.00 2013:1.00 2014:1.00 2015:1.00 2016:1.00 2017:1.00 2018:1.00 2019:1.00 2020:1.00 2021:1.00 2022:1.00 2023:1.00 2024:1.00 2025:1.00
stats_player_reg,fg_missed_40_49,healthy,2025,1.0,,,1999:1.00 2000:1.00 2001:1.00 2002:1.00 2003:1.00 2004:1.00 2005:1.00 2006:1.00 2007:1.00 2008:1.00 2009:1.00 2010:1.00 2011:1.00 2012:1.00 2013:1.00 2014:1.00 2015:1.00 2016:1.00 2017:1.00 2018:1.00 2019:1.00 2020:1.00 2021:1.00 2022:1.00 2023:1.00 2024:1.00 2025:1.00
stats_player_reg,fg_missed_50_59,healthy,2025,1.0,,,1999:1.00 2000:1.00 2001:1.00 2002:1.00 2003:1.00 2004:1.00 2005:1.00 2006:1.00 2007:1.00 2008:1.00 2009:1.00 2010:1.00 2011:1.00 2012:1.00 2013:1.00 2014:1.00 2015:1.00 2016:1.00 2017:1.00 2018:1.00 2019:1.00 2020:1.00 2021:1.00 2022:1.00 2023:1.00 2024:1.00 2025:1.00
stats_player_reg,fg_missed_60_,healthy,2025,1.0,,,1999:1.00 2000:1.00 2001:1.00 2002:1.00 2003:1.00 2004:1.00 2005:1.00 2006:1.00 2007:1.00 2008:1.00 2009:1.00 2010:1.00 2011:1.00 2012:1.00 2013:1.00 2014:1.00 2015:1.00 2016:1.00 2017:1.00 2018:1.00 2019:1.00 2020:1.00 2021:1.00 2022:1.00 2023:1.00 2024:1.00 2025:1.00
stats_player_reg,fg_made_list,healthy,2025,0.021,,,1999:0.02 2000:0.02 2001:0.02 2002:0.02 2003:0.02 2004:0.02 2005:0.02 2006:0.02 2007:0.02 2008:0.02 2009:0.02 2010:0.02 2011:0.02 2012:0.02 2013:0.02 2014:0.02 2015:0.02 2016:0.02 2017:0.02 2018:0.02 2019:0.02 2020:0.02 2021:0.02 2022:0.02 2023:0.02 2024:0.02 2025:0.02
stats_player_reg,fg_missed_list,healthy,2025,0.019,,,1999:0.02 2000:0.02 2001:0.02 2002:0.02 2003:0.02 2004:0.02 2005:0.02 2006:0.02 2007:0.02 2008:0.02 2009:0.02 2010:0.02 2011:0.02 2012:0.02 2013:0.02 2014:0.02 2015:0.02 2016:0.02 2017:0.02 2018:0.02 2019:0.02 2020:0.02 2021:0.02 2022:0.02 2023:0.02 2024:0.02 2025:0.02
stats_player_reg,fg_blocked_list,healthy,2025,0.008,,,1999:0.01 2000:0.01 2001:0.01 2002:0.01 2003:0.01 2004:0.01 2005:0.01 2006:0.01 2007:0.01 2008:0.01 2009:0.01 2010:0.01 2011:0.01 2012:0.01 2013:0.01 2014:0.01 2015:0.01 2016:0.01 2017:0.01 2018:0.00 2019:0.01 2020:0.01 2021:0.00 2022:0.01 2023:0.01 2024:0.01 2025:0.01
stats_player_reg,fg_made_distance,healthy,2025,1.0,,,1999:1.00 2000:1.00 2001:1.00 2002:1.00 2003:1.00 2004:1.00 2005:1.00 2006:1.00 2007:1.00 2008:1.00 2009:1.00 2010:1.00 2011:1.00 2012:1.00 2013:1.00 2014:1.00 2015:1.00 2016:1.00 2017:1.00 2018:1.00 2019:1.00 2020:1.00 2021:1.00 2022:1.00 2023:1.00 2024:1.00 2025:1.00
stats_player_reg,fg_missed_distance,healthy,2025,1.0,,,1999:1.00 2000:1.00 2001:1.00 2002:1.00 2003:1.00 2004:1.00 2005:1.00 2006:1.00 2007:1.00 2008:1.00 2009:1.00 2010:1.00 2011:1.00 2012:1.00 2013:1.00 2014:1.00 2015:1.00 2016:1.00 2017:1.00 2018:1.00 2019:1.00 2020:1.00 2021:1.00 2022:1.00 2023:1.00 2024:1.00 2025:1.00
stats_player_reg,fg_blocked_distance,healthy,2025,1.0,,,1999:1.00 2000:1.00 2001:1.00 2002:1.00 2003:1.00 2004:1.00 2005:1.00 2006:1.00 2007:1.00 2008:1.00 2009:1.00 2010:1.00 2011:1.00 2012:1.00 2013:1.00 2014:1.00 2015:1.00 2016:1.00 2017:1.00 2018:1.00 2019:1.00 2020:1.00 2021:1.00 2022:1.00 2023:1.00 2024:1.00 2025:1.00
stats_player_reg,pat_made,healthy,2025,1.0,,,1999:1.00 2000:1.00 2001:1.00 2002:1.00 2003:1.00 2004:1.00 2005:1.00 2006:1.00 2007:1.00 2008:1.00 2009:1.00 2010:1.00 2011:1.00 2012:1.00 2013:1.00 2014:1.00 2015:1.00 2016:1.00 2017:1.00 2018:1.00 2019:1.00 2020:1.00 2021:1.00 2022:1.00 2023:1.00 2024:1.00 2025:1.00
stats_player_reg,pat_att,healthy,2025,1.0,,,1999:1.00 2000:1.00 2001:1.00 2002:1.00 2003:1.00 2004:1.00 2005:1.00 2006:1.00 2007:1.00 2008:1.00 2009:1.00 2010:1.00 2011:1.00 2012:1.00 2013:1.00 2014:1.00 2015:1.00 2016:1.00 2017:1.00 2018:1.00 2019:1.00 2020:1.00 2021:1.00 2022:1.00 2023:1.00 2024:1.00 2025:1.00
stats_player_reg,pat_missed,healthy,2025,1.0,,,1999:1.00 2000:1.00 2001:1.00 2002:1.00 2003:1.00 2004:1.00 2005:1.00 2006:1.00 2007:1.00 2008:1.00 2009:1.00 2010:1.00 2011:1.00 2012:1.00 2013:1.00 2014:1.00 2015:1.00 2016:1.00 2017:1.00 2018:1.00 2019:1.00 2020:1.00 2021:1.00 2022:1.00 2023:1.00 2024:1.00 2025:1.00
stats_player_reg,pat_blocked,healthy,2025,1.0,,,1999:1.00 2000:1.00 2001:1.00 2002:1.00 2003:1.00 2004:1.00 2005:1.00 2006:1.00 2007:1.00 2008:1.00 2009:1.00 2010:1.00 2011:1.00 2012:1.00 2013:1.00 2014:1.00 2015:1.00 2016:1.00 2017:1.00 2018:1.00 2019:1.00 2020:1.00 2021:1.00 2022:1.00 2023:1.00 2024:1.00 2025:1.00
stats_player_reg,pat_pct,healthy,2025,0.021,,,1999:0.02 2000:0.02 2001:0.02 2002:0.02 2003:0.02 2004:0.02 2005:0.02 2006:0.02 2007:0.02 2008:0.02 2009:0.02 2010:0.02 2011:0.02 2012:0.02 2013:0.02 2014:0.02 2015:0.02 2016:0.02 2017:0.02 2018:0.02 2019:0.02 2020:0.02 2021:0.02 2022:0.02 2023:0.02 2024:0.02 2025:0.02
stats_player_reg,gwfg_made,healthy,2025,1.0,,,1999:1.00 2000:1.00 2001:1.00 2002:1.00 2003:1.00 2004:1.00 2005:1.00 2006:1.00 2007:1.00 2008:1.00 2009:1.00 2010:1.00 2011:1.00 2012:1.00 2013:1.00 2014:1.00 2015:1.00 2016:1.00 2017:1.00 2018:1.00 2019:1.00 2020:1.00 2021:1.00 2022:1.00 2023:1.00 2024:1.00 2025:1.00
stats_player_reg,gwfg_att,healthy,2025,1.0,,,1999:1.00 2000:1.00 2001:1.00 2002:1.00 2003:1.00 2004:1.00 2005:1.00 2006:1.00 2007:1.00 2008:1.00 2009:1.00 2010:1.00 2011:1.00 2012:1.00 2013:1.00 2014:1.00 2015:1.00 2016:1.00 2017:1.00 2018:1.00 2019:1.00 2020:1.00 2021:1.00 2022:1.00 2023:1.00 2024:1.00 2025:1.00
stats_player_reg,gwfg_missed,healthy,2025,1.0,,,1999:1.00 2000:1.00 2001:1.00 2002:1.00 2003:1.00 2004:1.00 2005:1.00 2006:1.00 2007:1.00 2008:1.00 2009:1.00 2010:1.00 2011:1.00 2012:1.00 2013:1.00 2014:1.00 2015:1.00 2016:1.00 2017:1.00 2018:1.00 2019:1.00 2020:1.00 2021:1.00 2022:1.00 2023:1.00 2024:1.00 2025:1.00
stats_player_reg,gwfg_blocked,healthy,2025,1.0,,,1999:1.00 2000:1.00 2001:1.00 2002:1.00 2003:1.00 2004:1.00 2005:1.00 2006:1.00 2007:1.00 2008:1.00 2009:1.00 2010:1.00 2011:1.00 2012:1.00 2013:1.00 2014:1.00 2015:1.00 2016:1.00 2017:1.00 2018:1.00 2019:1.00 2020:1.00 2021:1.00 2022:1.00 2023:1.00 2024:1.00 2025:1.00
stats_player_reg,gwfg_distance_list,healthy,2025,0.012,,,1999:0.01 2000:0.01 2001:0.01 2002:0.01 2003:0.01 2004:0.01 2005:0.01 2006:0.01 2007:0.01 2008:0.01 2009:0.01 2010:0.01 2011:0.01 2012:0.01 2013:0.01 2014:0.01 2015:0.01 2016:0.01 2017:0.01 2018:0.01 2019:0.01 2020:0.01 2021:0.01 2022:0.01 2023:0.01 2024:0.01 2025:0.01
stats_player_reg,pt_att,healthy,2025,1.0,,,1999:1.00 2000:1.00 2001:1.00 2002:1.00 2003:1.00 2004:1.00 2005:1.00 2006:1.00 2007:1.00 2008:1.00 2009:1.00 2010:1.00 2011:1.00 2012:1.00 2013:1.00 2014:1.00 2015:1.00 2016:1.00 2017:1.00 2018:1.00 2019:1.00 2020:1.00 2021:1.00 2022:1.00 2023:1.00 2024:1.00 2025:1.00
stats_player_reg,pt_blocked,healthy,2025,1.0,,,1999:1.00 2000:1.00 2001:1.00 2002:1.00 2003:1.00 2004:1.00 2005:1.00 2006:1.00 2007:1.00 2008:1.00 2009:1.00 2010:1.00 2011:1.00 2012:1.00 2013:1.00 2014:1.00 2015:1.00 2016:1.00 2017:1.00 2018:1.00 2019:1.00 2020:1.00 2021:1.00 2022:1.00 2023:1.00 2024:1.00 2025:1.00
stats_player_reg,pt_long,healthy,2025,0.018,,,1999:0.03 2000:0.02 2001:0.03 2002:0.03 2003:0.03 2004:0.03 2005:0.03 2006:0.02 2007:0.02 2008:0.02 2009:0.02 2010:0.02 2011:0.02 2012:0.02 2013:0.02 2014:0.02 2015:0.02 2016:0.02 2017:0.02 2018:0.02 2019:0.02 2020:0.02 2021:0.02 2022:0.02 2023:0.02 2024:0.02 2025:0.02
stats_player_reg,pt_yards,healthy,2025,1.0,,,1999:1.00 2000:1.00 2001:1.00 2002:1.00 2003:1.00 2004:1.00 2005:1.00 2006:1.00 2007:1.00 2008:1.00 2009:1.00 2010:1.00 2011:1.00 2012:1.00 2013:1.00 2014:1.00 2015:1.00 2016:1.00 2017:1.00 2018:1.00 2019:1.00 2020:1.00 2021:1.00 2022:1.00 2023:1.00 2024:1.00 2025:1.00
stats_player_reg,pt_inside_20,healthy,2025,1.0,,,1999:1.00 2000:1.00 2001:1.00 2002:1.00 2003:1.00 2004:1.00 2005:1.00 2006:1.00 2007:1.00 2008:1.00 2009:1.00 2010:1.00 2011:1.00 2012:1.00 2013:1.00 2014:1.00 2015:1.00 2016:1.00 2017:1.00 2018:1.00 2019:1.00 2020:1.00 2021:1.00 2022:1.00 2023:1.00 2024:1.00 2025:1.00
stats_player_reg,pt_out_of_bounds,healthy,2025,1.0,,,1999:1.00 2000:1.00 2001:1.00 2002:1.00 2003:1.00 2004:1.00 2005:1.00 2006:1.00 2007:1.00 2008:1.00 2009:1.00 2010:1.00 2011:1.00 2012:1.00 2013:1.00 2014:1.00 2015:1.00 2016:1.00 2017:1.00 2018:1.00 2019:1.00 2020:1.00 2021:1.00 2022:1.00 2023:1.00 2024:1.00 2025:1.00
stats_player_reg,pt_downed,healthy,2025,1.0,,,1999:1.00 2000:1.00 2001:1.00 2002:1.00 2003:1.00 2004:1.00 2005:1.00 2006:1.00 2007:1.00 2008:1.00 2009:1.00 2010:1.00 2011:1.00 2012:1.00 2013:1.00 2014:1.00 2015:1.00 2016:1.00 2017:1.00 2018:1.00 2019:1.00 2020:1.00 2021:1.00 2022:1.00 2023:1.00 2024:1.00 2025:1.00
stats_player_reg,pt_touchback,healthy,2025,1.0,,,1999:1.00 2000:1.00 2001:1.00 2002:1.00 2003:1.00 2004:1.00 2005:1.00 2006:1.00 2007:1.00 2008:1.00 2009:1.00 2010:1.00 2011:1.00 2012:1.00 2013:1.00 2014:1.00 2015:1.00 2016:1.00 2017:1.00 2018:1.00 2019:1.00 2020:1.00 2021:1.00 2022:1.00 2023:1.00 2024:1.00 2025:1.00
stats_player_reg,pt_fair_caught,healthy,2025,1.0,,,1999:1.00 2000:1.00 2001:1.00 2002:1.00 2003:1.00 2004:1.00 2005:1.00 2006:1.00 2007:1.00 2008:1.00 2009:1.00 2010:1.00 2011:1.00 2012:1.00 2013:1.00 2014:1.00 2015:1.00 2016:1.00 2017:1.00 2018:1.00 2019:1.00 2020:1.00 2021:1.00 2022:1.00 2023:1.00 2024:1.00 2025:1.00
stats_player_reg,pt_returned,healthy,2025,1.0,,,1999:1.00 2000:1.00 2001:1.00 2002:1.00 2003:1.00 2004:1.00 2005:1.00 2006:1.00 2007:1.00 2008:1.00 2009:1.00 2010:1.00 2011:1.00 2012:1.00 2013:1.00 2014:1.00 2015:1.00 2016:1.00 2017:1.00 2018:1.00 2019:1.00 2020:1.00 2021:1.00 2022:1.00 2023:1.00 2024:1.00 2025:1.00
stats_player_reg,pt_return_yards,healthy,2025,1.0,,,1999:1.00 2000:1.00 2001:1.00 2002:1.00 2003:1.00 2004:1.00 2005:1.00 2006:1.00 2007:1.00 2008:1.00 2009:1.00 2010:1.00 2011:1.00 2012:1.00 2013:1.00 2014:1.00 2015:1.00 2016:1.00 2017:1.00 2018:1.00 2019:1.00 2020:1.00 2021:1.00 2022:1.00 2023:1.00 2024:1.00 2025:1.00
stats_player_reg,pt_return_tds,healthy,2025,1.0,,,1999:1.00 2000:1.00 2001:1.00 2002:1.00 2003:1.00 2004:1.00 2005:1.00 2006:1.00 2007:1.00 2008:1.00 2009:1.00 2010:1.00 2011:1.00 2012:1.00 2013:1.00 2014:1.00 2015:1.00 2016:1.00 2017:1.00 2018:1.00 2019:1.00 2020:1.00 2021:1.00 2022:1.00 2023:1.00 2024:1.00 2025:1.00
stats_player_reg,pt_net_yards,healthy,2025,1.0,,,1999:1.00 2000:1.00 2001:1.00 2002:1.00 2003:1.00 2004:1.00 2005:1.00 2006:1.00 2007:1.00 2008:1.00 2009:1.00 2010:1.00 2011:1.00 2012:1.00 2013:1.00 2014:1.00 2015:1.00 2016:1.00 2017:1.00 2018:1.00 2019:1.00 2020:1.00 2021:1.00 2022:1.00 2023:1.00 2024:1.00 2025:1.00
stats_player_reg,fantasy_points,healthy,2025,1.0,,,1999:1.00 2000:1.00 2001:1.00 2002:1.00 2003:1.00 2004:1.00 2005:1.00 2006:1.00 2007:1.00 2008:1.00 2009:1.00 2010:1.00 2011:1.00 2012:1.00 2013:1.00 2014:1.00 2015:1.00 2016:1.00 2017:1.00 2018:1.00 2019:1.00 2020:1.00 2021:1.00 2022:1.00 2023:1.00 2024:1.00 2025:1.00
stats_player_reg,fantasy_points_ppr,healthy,2025,1.0,,,1999:1.00 2000:1.00 2001:1.00 2002:1.00 2003:1.00 2004:1.00 2005:1.00 2006:1.00 2007:1.00 2008:1.00 2009:1.00 2010:1.00 2011:1.00 2012:1.00 2013:1.00 2014:1.00 2015:1.00 2016:1.00 2017:1.00 2018:1.00 2019:1.00 2020:1.00 2021:1.00 2022:1.00 2023:1.00 2024:1.00 2025:1.00
stats_player_week,player_id,healthy,2025,0.999,,,1999:1.00 2000:1.00 2001:1.00 2002:1.00 2003:1.00 2004:1.00 2005:1.00 2006:1.00 2007:1.00 2008:1.00 2009:1.00 2010:1.00 2011:1.00 2012:1.00 2013:1.00 2014:1.00 2015:1.00 2016:1.00 2017:1.00 2018:1.00 2019:1.00 2020:1.00 2021:1.00 2022:1.00 2023:1.00 2024:1.00 2025:1.00
stats_player_week,player_name,healthy,2025,0.999,,,1999:1.00 2000:1.00 2001:1.00 2002:1.00 2003:1.00 2004:1.00 2005:1.00 2006:1.00 2007:1.00 2008:1.00 2009:1.00 2010:1.00 2011:1.00 2012:1.00 2013:1.00 2014:1.00 2015:1.00 2016:1.00 2017:1.00 2018:1.00 2019:1.00 2020:1.00 2021:1.00 2022:1.00 2023:1.00 2024:1.00 2025:1.00
stats_player_week,player_display_name,healthy,2025,0.999,,,1999:1.00 2000:1.00 2001:1.00 2002:1.00 2003:1.00 2004:1.00 2005:1.00 2006:1.00 2007:1.00 2008:1.00 2009:1.00 2010:1.00 2011:1.00 2012:1.00 2013:1.00 2014:1.00 2015:1.00 2016:1.00 2017:1.00 2018:1.00 2019:1.00 2020:1.00 2021:1.00 2022:1.00 2023:1.00 2024:1.00 2025:1.00
stats_player_week,position,healthy,2025,0.999,,,1999:1.00 2000:1.00 2001:1.00 2002:1.00 2003:1.00 2004:1.00 2005:1.00 2006:1.00 2007:1.00 2008:1.00 2009:1.00 2010:1.00 2011:1.00 2012:1.00 2013:1.00 2014:1.00 2015:1.00 2016:1.00 2017:1.00 2018:1.00 2019:1.00 2020:1.00 2021:1.00 2022:1.00 2023:1.00 2024:1.00 2025:1.00
stats_player_week,position_group,healthy,2025,0.999,,,1999:1.00 2000:1.00 2001:1.00 2002:1.00 2003:1.00 2004:1.00 2005:1.00 2006:1.00 2007:1.00 2008:1.00 2009:1.00 2010:1.00 2011:1.00 2012:1.00 2013:1.00 2014:1.00 2015:1.00 2016:1.00 2017:1.00 2018:1.00 2019:1.00 2020:1.00 2021:1.00 2022:1.00 2023:1.00 2024:1.00 2025:1.00
stats_player_week,headshot_url,healthy,2025,0.999,,,1999:1.00 2000:1.00 2001:1.00 2002:1.00 2003:1.00 2004:1.00 2005:1.00 2006:1.00 2007:1.00 2008:1.00 2009:1.00 2010:1.00 2011:1.00 2012:1.00 2013:1.00 2014:1.00 2015:1.00 2016:1.00 2017:1.00 2018:1.00 2019:1.00 2020:1.00 2021:1.00 2022:1.00 2023:1.00 2024:1.00 2025:1.00
stats_player_week,week,healthy,2025,1.0,,,1999:1.00 2000:1.00 2001:1.00 2002:1.00 2003:1.00 2004:1.00 2005:1.00 2006:1.00 2007:1.00 2008:1.00 2009:1.00 2010:1.00 2011:1.00 2012:1.00 2013:1.00 2014:1.00 2015:1.00 2016:1.00 2017:1.00 2018:1.00 2019:1.00 2020:1.00 2021:1.00 2022:1.00 2023:1.00 2024:1.00 2025:1.00
stats_player_week,season_type,healthy,2025,1.0,,,1999:1.00 2000:1.00 2001:1.00 2002:1.00 2003:1.00 2004:1.00 2005:1.00 2006:1.00 2007:1.00 2008:1.00 2009:1.00 2010:1.00 2011:1.00 2012:1.00 2013:1.00 2014:1.00 2015:1.00 2016:1.00 2017:1.00 2018:1.00 2019:1.00 2020:1.00 2021:1.00 2022:1.00 2023:1.00 2024:1.00 2025:1.00
stats_player_week,game_id,healthy,2025,1.0,,,1999:1.00 2000:1.00 2001:1.00 2002:1.00 2003:1.00 2004:1.00 2005:1.00 2006:1.00 2007:1.00 2008:1.00 2009:1.00 2010:1.00 2011:1.00 2012:1.00 2013:1.00 2014:1.00 2015:1.00 2016:1.00 2017:1.00 2018:1.00 2019:1.00 2020:1.00 2021:1.00 2022:1.00 2023:1.00 2024:1.00 2025:1.00
stats_player_week,team,healthy,2025,1.0,,,1999:1.00 2000:1.00 2001:1.00 2002:1.00 2003:1.00 2004:1.00 2005:1.00 2006:1.00 2007:1.00 2008:1.00 2009:1.00 2010:1.00 2011:1.00 2012:1.00 2013:1.00 2014:1.00 2015:1.00 2016:1.00 2017:1.00 2018:1.00 2019:1.00 2020:1.00 2021:1.00 2022:1.00 2023:1.00 2024:1.00 2025:1.00
stats_player_week,opponent_team,healthy,2025,1.0,,,1999:1.00 2000:1.00 2001:1.00 2002:1.00 2003:1.00 2004:1.00 2005:1.00 2006:1.00 2007:1.00 2008:1.00 2009:1.00 2010:1.00 2011:1.00 2012:1.00 2013:1.00 2014:1.00 2015:1.00 2016:1.00 2017:1.00 2018:1.00 2019:1.00 2020:1.00 2021:1.00 2022:1.00 2023:1.00 2024:1.00 2025:1.00
stats_player_week,completions,healthy,2025,1.0,,,1999:1.00 2000:1.00 2001:1.00 2002:1.00 2003:1.00 2004:1.00 2005:1.00 2006:1.00 2007:1.00 2008:1.00 2009:1.00 2010:1.00 2011:1.00 2012:1.00 2013:1.00 2014:1.00 2015:1.00 2016:1.00 2017:1.00 2018:1.00 2019:1.00 2020:1.00 2021:1.00 2022:1.00 2023:1.00 2024:1.00 2025:1.00
stats_player_week,attempts,healthy,2025,1.0,,,1999:1.00 2000:1.00 2001:1.00 2002:1.00 2003:1.00 2004:1.00 2005:1.00 2006:1.00 2007:1.00 2008:1.00 2009:1.00 2010:1.00 2011:1.00 2012:1.00 2013:1.00 2014:1.00 2015:1.00 2016:1.00 2017:1.00 2018:1.00 2019:1.00 2020:1.00 2021:1.00 2022:1.00 2023:1.00 2024:1.00 2025:1.00
stats_player_week,passing_yards,healthy,2025,1.0,,,1999:1.00 2000:1.00 2001:1.00 2002:1.00 2003:1.00 2004:1.00 2005:1.00 2006:1.00 2007:1.00 2008:1.00 2009:1.00 2010:1.00 2011:1.00 2012:1.00 2013:1.00 2014:1.00 2015:1.00 2016:1.00 2017:1.00 2018:1.00 2019:1.00 2020:1.00 2021:1.00 2022:1.00 2023:1.00 2024:1.00 2025:1.00
stats_player_week,passing_tds,healthy,2025,1.0,,,1999:1.00 2000:1.00 2001:1.00 2002:1.00 2003:1.00 2004:1.00 2005:1.00 2006:1.00 2007:1.00 2008:1.00 2009:1.00 2010:1.00 2011:1.00 2012:1.00 2013:1.00 2014:1.00 2015:1.00 2016:1.00 2017:1.00 2018:1.00 2019:1.00 2020:1.00 2021:1.00 2022:1.00 2023:1.00 2024:1.00 2025:1.00
stats_player_week,passing_interceptions,healthy,2025,1.0,,,1999:1.00 2000:1.00 2001:1.00 2002:1.00 2003:1.00 2004:1.00 2005:1.00 2006:1.00 2007:1.00 2008:1.00 2009:1.00 2010:1.00 2011:1.00 2012:1.00 2013:1.00 2014:1.00 2015:1.00 2016:1.00 2017:1.00 2018:1.00 2019:1.00 2020:1.00 2021:1.00 2022:1.00 2023:1.00 2024:1.00 2025:1.00
stats_player_week,sacks_suffered,healthy,2025,1.0,,,1999:1.00 2000:1.00 2001:1.00 2002:1.00 2003:1.00 2004:1.00 2005:1.00 2006:1.00 2007:1.00 2008:1.00 2009:1.00 2010:1.00 2011:1.00 2012:1.00 2013:1.00 2014:1.00 2015:1.00 2016:1.00 2017:1.00 2018:1.00 2019:1.00 2020:1.00 2021:1.00 2022:1.00 2023:1.00 2024:1.00 2025:1.00
stats_player_week,sack_yards_lost,healthy,2025,1.0,,,1999:1.00 2000:1.00 2001:1.00 2002:1.00 2003:1.00 2004:1.00 2005:1.00 2006:1.00 2007:1.00 2008:1.00 2009:1.00 2010:1.00 2011:1.00 2012:1.00 2013:1.00 2014:1.00 2015:1.00 2016:1.00 2017:1.00 2018:1.00 2019:1.00 2020:1.00 2021:1.00 2022:1.00 2023:1.00 2024:1.00 2025:1.00
stats_player_week,sack_fumbles,healthy,2025,1.0,,,1999:1.00 2000:1.00 2001:1.00 2002:1.00 2003:1.00 2004:1.00 2005:1.00 2006:1.00 2007:1.00 2008:1.00 2009:1.00 2010:1.00 2011:1.00 2012:1.00 2013:1.00 2014:1.00 2015:1.00 2016:1.00 2017:1.00 2018:1.00 2019:1.00 2020:1.00 2021:1.00 2022:1.00 2023:1.00 2024:1.00 2025:1.00
stats_player_week,sack_fumbles_lost,healthy,2025,1.0,,,1999:1.00 2000:1.00 2001:1.00 2002:1.00 2003:1.00 2004:1.00 2005:1.00 2006:1.00 2007:1.00 2008:1.00 2009:1.00 2010:1.00 2011:1.00 2012:1.00 2013:1.00 2014:1.00 2015:1.00 2016:1.00 2017:1.00 2018:1.00 2019:1.00 2020:1.00 2021:1.00 2022:1.00 2023:1.00 2024:1.00 2025:1.00
stats_player_week,passing_air_yards,healthy,2025,1.0,,,1999:1.00 2000:1.00 2001:1.00 2002:1.00 2003:1.00 2004:1.00 2005:1.00 2006:1.00 2007:1.00 2008:1.00 2009:1.00 2010:1.00 2011:1.00 2012:1.00 2013:1.00 2014:1.00 2015:1.00 2016:1.00 2017:1.00 2018:1.00 2019:1.00 2020:1.00 2021:1.00 2022:1.00 2023:1.00 2024:1.00 2025:1.00
stats_player_week,passing_yards_after_catch,healthy,2025,1.0,,,1999:1.00 2000:1.00 2001:1.00 2002:1.00 2003:1.00 2004:1.00 2005:1.00 2006:1.00 2007:1.00 2008:1.00 2009:1.00 2010:1.00 2011:1.00 2012:1.00 2013:1.00 2014:1.00 2015:1.00 2016:1.00 2017:1.00 2018:1.00 2019:1.00 2020:1.00 2021:1.00 2022:1.00 2023:1.00 2024:1.00 2025:1.00
stats_player_week,passing_first_downs,healthy,2025,1.0,,,1999:1.00 2000:1.00 2001:1.00 2002:1.00 2003:1.00 2004:1.00 2005:1.00 2006:1.00 2007:1.00 2008:1.00 2009:1.00 2010:1.00 2011:1.00 2012:1.00 2013:1.00 2014:1.00 2015:1.00 2016:1.00 2017:1.00 2018:1.00 2019:1.00 2020:1.00 2021:1.00 2022:1.00 2023:1.00 2024:1.00 2025:1.00
stats_player_week,passing_epa,healthy,2025,0.036,,,1999:0.04 2000:0.04 2001:0.04 2002:0.04 2003:0.04 2004:0.04 2005:0.04 2006:0.04 2007:0.04 2008:0.04 2009:0.04 2010:0.04 2011:0.04 2012:0.04 2013:0.04 2014:0.04 2015:0.04 2016:0.04 2017:0.04 2018:0.04 2019:0.04 2020:0.04 2021:0.04 2022:0.04 2023:0.04 2024:0.04 2025:0.04
stats_player_week,passing_cpoe,healthy,2025,0.035,,,1999:0.00 2000:0.00 2001:0.00 2002:0.00 2003:0.00 2004:0.00 2005:0.00 2006:0.04 2007:0.04 2008:0.04 2009:0.04 2010:0.04 2011:0.04 2012:0.04 2013:0.04 2014:0.04 2015:0.03 2016:0.04 2017:0.04 2018:0.04 2019:0.04 2020:0.04 2021:0.04 2022:0.04 2023:0.04 2024:0.04 2025:0.03
stats_player_week,passing_2pt_conversions,healthy,2025,1.0,,,1999:1.00 2000:1.00 2001:1.00 2002:1.00 2003:1.00 2004:1.00 2005:1.00 2006:1.00 2007:1.00 2008:1.00 2009:1.00 2010:1.00 2011:1.00 2012:1.00 2013:1.00 2014:1.00 2015:1.00 2016:1.00 2017:1.00 2018:1.00 2019:1.00 2020:1.00 2021:1.00 2022:1.00 2023:1.00 2024:1.00 2025:1.00
stats_player_week,pacr,healthy,2025,0.035,,,1999:0.04 2000:0.04 2001:0.04 2002:0.04 2003:0.04 2004:0.04 2005:0.04 2006:0.04 2007:0.04 2008:0.04 2009:0.04 2010:0.04 2011:0.04 2012:0.04 2013:0.04 2014:0.04 2015:0.03 2016:0.04 2017:0.04 2018:0.04 2019:0.04 2020:0.04 2021:0.04 2022:0.04 2023:0.04 2024:0.04 2025:0.04
stats_player_week,passing_10,healthy,2025,1.0,,,1999:1.00 2000:1.00 2001:1.00 2002:1.00 2003:1.00 2004:1.00 2005:1.00 2006:1.00 2007:1.00 2008:1.00 2009:1.00 2010:1.00 2011:1.00 2012:1.00 2013:1.00 2014:1.00 2015:1.00 2016:1.00 2017:1.00 2018:1.00 2019:1.00 2020:1.00 2021:1.00 2022:1.00 2023:1.00 2024:1.00 2025:1.00
stats_player_week,passing_16,healthy,2025,1.0,,,1999:1.00 2000:1.00 2001:1.00 2002:1.00 2003:1.00 2004:1.00 2005:1.00 2006:1.00 2007:1.00 2008:1.00 2009:1.00 2010:1.00 2011:1.00 2012:1.00 2013:1.00 2014:1.00 2015:1.00 2016:1.00 2017:1.00 2018:1.00 2019:1.00 2020:1.00 2021:1.00 2022:1.00 2023:1.00 2024:1.00 2025:1.00
stats_player_week,passing_20,healthy,2025,1.0,,,1999:1.00 2000:1.00 2001:1.00 2002:1.00 2003:1.00 2004:1.00 2005:1.00 2006:1.00 2007:1.00 2008:1.00 2009:1.00 2010:1.00 2011:1.00 2012:1.00 2013:1.00 2014:1.00 2015:1.00 2016:1.00 2017:1.00 2018:1.00 2019:1.00 2020:1.00 2021:1.00 2022:1.00 2023:1.00 2024:1.00 2025:1.00
stats_player_week,passing_40,healthy,2025,1.0,,,1999:1.00 2000:1.00 2001:1.00 2002:1.00 2003:1.00 2004:1.00 2005:1.00 2006:1.00 2007:1.00 2008:1.00 2009:1.00 2010:1.00 2011:1.00 2012:1.00 2013:1.00 2014:1.00 2015:1.00 2016:1.00 2017:1.00 2018:1.00 2019:1.00 2020:1.00 2021:1.00 2022:1.00 2023:1.00 2024:1.00 2025:1.00
stats_player_week,carries,healthy,2025,1.0,,,1999:1.00 2000:1.00 2001:1.00 2002:1.00 2003:1.00 2004:1.00 2005:1.00 2006:1.00 2007:1.00 2008:1.00 2009:1.00 2010:1.00 2011:1.00 2012:1.00 2013:1.00 2014:1.00 2015:1.00 2016:1.00 2017:1.00 2018:1.00 2019:1.00 2020:1.00 2021:1.00 2022:1.00 2023:1.00 2024:1.00 2025:1.00
stats_player_week,rushing_yards,healthy,2025,1.0,,,1999:1.00 2000:1.00 2001:1.00 2002:1.00 2003:1.00 2004:1.00 2005:1.00 2006:1.00 2007:1.00 2008:1.00 2009:1.00 2010:1.00 2011:1.00 2012:1.00 2013:1.00 2014:1.00 2015:1.00 2016:1.00 2017:1.00 2018:1.00 2019:1.00 2020:1.00 2021:1.00 2022:1.00 2023:1.00 2024:1.00 2025:1.00
stats_player_week,rushing_tds,healthy,2025,1.0,,,1999:1.00 2000:1.00 2001:1.00 2002:1.00 2003:1.00 2004:1.00 2005:1.00 2006:1.00 2007:1.00 2008:1.00 2009:1.00 2010:1.00 2011:1.00 2012:1.00 2013:1.00 2014:1.00 2015:1.00 2016:1.00 2017:1.00 2018:1.00 2019:1.00 2020:1.00 2021:1.00 2022:1.00 2023:1.00 2024:1.00 2025:1.00
stats_player_week,rushing_fumbles,healthy,2025,1.0,,,1999:1.00 2000:1.00 2001:1.00 2002:1.00 2003:1.00 2004:1.00 2005:1.00 2006:1.00 2007:1.00 2008:1.00 2009:1.00 2010:1.00 2011:1.00 2012:1.00 2013:1.00 2014:1.00 2015:1.00 2016:1.00 2017:1.00 2018:1.00 2019:1.00 2020:1.00 2021:1.00 2022:1.00 2023:1.00 2024:1.00 2025:1.00
stats_player_week,rushing_fumbles_lost,healthy,2025,1.0,,,1999:1.00 2000:1.00 2001:1.00 2002:1.00 2003:1.00 2004:1.00 2005:1.00 2006:1.00 2007:1.00 2008:1.00 2009:1.00 2010:1.00 2011:1.00 2012:1.00 2013:1.00 2014:1.00 2015:1.00 2016:1.00 2017:1.00 2018:1.00 2019:1.00 2020:1.00 2021:1.00 2022:1.00 2023:1.00 2024:1.00 2025:1.00
stats_player_week,rushing_first_downs,healthy,2025,1.0,,,1999:1.00 2000:1.00 2001:1.00 2002:1.00 2003:1.00 2004:1.00 2005:1.00 2006:1.00 2007:1.00 2008:1.00 2009:1.00 2010:1.00 2011:1.00 2012:1.00 2013:1.00 2014:1.00 2015:1.00 2016:1.00 2017:1.00 2018:1.00 2019:1.00 2020:1.00 2021:1.00 2022:1.00 2023:1.00 2024:1.00 2025:1.00
stats_player_week,rushing_epa,healthy,2025,0.121,,,1999:0.12 2000:0.12 2001:0.12 2002:0.12 2003:0.12 2004:0.12 2005:0.12 2006:0.12 2007:0.12 2008:0.12 2009:0.12 2010:0.12 2011:0.12 2012:0.12 2013:0.12 2014:0.12 2015:0.12 2016:0.12 2017:0.12 2018:0.13 2019:0.12 2020:0.13 2021:0.13 2022:0.13 2023:0.13 2024:0.12 2025:0.12
stats_player_week,rushing_2pt_conversions,healthy,2025,1.0,,,1999:1.00 2000:1.00 2001:1.00 2002:1.00 2003:1.00 2004:1.00 2005:1.00 2006:1.00 2007:1.00 2008:1.00 2009:1.00 2010:1.00 2011:1.00 2012:1.00 2013:1.00 2014:1.00 2015:1.00 2016:1.00 2017:1.00 2018:1.00 2019:1.00 2020:1.00 2021:1.00 2022:1.00 2023:1.00 2024:1.00 2025:1.00
stats_player_week,rushing_10,healthy,2025,1.0,,,1999:1.00 2000:1.00 2001:1.00 2002:1.00 2003:1.00 2004:1.00 2005:1.00 2006:1.00 2007:1.00 2008:1.00 2009:1.00 2010:1.00 2011:1.00 2012:1.00 2013:1.00 2014:1.00 2015:1.00 2016:1.00 2017:1.00 2018:1.00 2019:1.00 2020:1.00 2021:1.00 2022:1.00 2023:1.00 2024:1.00 2025:1.00
stats_player_week,rushing_12,healthy,2025,1.0,,,1999:1.00 2000:1.00 2001:1.00 2002:1.00 2003:1.00 2004:1.00 2005:1.00 2006:1.00 2007:1.00 2008:1.00 2009:1.00 2010:1.00 2011:1.00 2012:1.00 2013:1.00 2014:1.00 2015:1.00 2016:1.00 2017:1.00 2018:1.00 2019:1.00 2020:1.00 2021:1.00 2022:1.00 2023:1.00 2024:1.00 2025:1.00
stats_player_week,rushing_20,healthy,2025,1.0,,,1999:1.00 2000:1.00 2001:1.00 2002:1.00 2003:1.00 2004:1.00 2005:1.00 2006:1.00 2007:1.00 2008:1.00 2009:1.00 2010:1.00 2011:1.00 2012:1.00 2013:1.00 2014:1.00 2015:1.00 2016:1.00 2017:1.00 2018:1.00 2019:1.00 2020:1.00 2021:1.00 2022:1.00 2023:1.00 2024:1.00 2025:1.00
stats_player_week,rushing_40,healthy,2025,1.0,,,1999:1.00 2000:1.00 2001:1.00 2002:1.00 2003:1.00 2004:1.00 2005:1.00 2006:1.00 2007:1.00 2008:1.00 2009:1.00 2010:1.00 2011:1.00 2012:1.00 2013:1.00 2014:1.00 2015:1.00 2016:1.00 2017:1.00 2018:1.00 2019:1.00 2020:1.00 2021:1.00 2022:1.00 2023:1.00 2024:1.00 2025:1.00
stats_player_week,receptions,healthy,2025,1.0,,,1999:1.00 2000:1.00 2001:1.00 2002:1.00 2003:1.00 2004:1.00 2005:1.00 2006:1.00 2007:1.00 2008:1.00 2009:1.00 2010:1.00 2011:1.00 2012:1.00 2013:1.00 2014:1.00 2015:1.00 2016:1.00 2017:1.00 2018:1.00 2019:1.00 2020:1.00 2021:1.00 2022:1.00 2023:1.00 2024:1.00 2025:1.00
stats_player_week,targets,healthy,2025,1.0,,,1999:1.00 2000:1.00 2001:1.00 2002:1.00 2003:1.00 2004:1.00 2005:1.00 2006:1.00 2007:1.00 2008:1.00 2009:1.00 2010:1.00 2011:1.00 2012:1.00 2013:1.00 2014:1.00 2015:1.00 2016:1.00 2017:1.00 2018:1.00 2019:1.00 2020:1.00 2021:1.00 2022:1.00 2023:1.00 2024:1.00 2025:1.00
stats_player_week,receiving_yards,healthy,2025,1.0,,,1999:1.00 2000:1.00 2001:1.00 2002:1.00 2003:1.00 2004:1.00 2005:1.00 2006:1.00 2007:1.00 2008:1.00 2009:1.00 2010:1.00 2011:1.00 2012:1.00 2013:1.00 2014:1.00 2015:1.00 2016:1.00 2017:1.00 2018:1.00 2019:1.00 2020:1.00 2021:1.00 2022:1.00 2023:1.00 2024:1.00 2025:1.00
stats_player_week,receiving_tds,healthy,2025,1.0,,,1999:1.00 2000:1.00 2001:1.00 2002:1.00 2003:1.00 2004:1.00 2005:1.00 2006:1.00 2007:1.00 2008:1.00 2009:1.00 2010:1.00 2011:1.00 2012:1.00 2013:1.00 2014:1.00 2015:1.00 2016:1.00 2017:1.00 2018:1.00 2019:1.00 2020:1.00 2021:1.00 2022:1.00 2023:1.00 2024:1.00 2025:1.00
stats_player_week,receiving_fumbles,healthy,2025,1.0,,,1999:1.00 2000:1.00 2001:1.00 2002:1.00 2003:1.00 2004:1.00 2005:1.00 2006:1.00 2007:1.00 2008:1.00 2009:1.00 2010:1.00 2011:1.00 2012:1.00 2013:1.00 2014:1.00 2015:1.00 2016:1.00 2017:1.00 2018:1.00 2019:1.00 2020:1.00 2021:1.00 2022:1.00 2023:1.00 2024:1.00 2025:1.00
stats_player_week,receiving_fumbles_lost,healthy,2025,1.0,,,1999:1.00 2000:1.00 2001:1.00 2002:1.00 2003:1.00 2004:1.00 2005:1.00 2006:1.00 2007:1.00 2008:1.00 2009:1.00 2010:1.00 2011:1.00 2012:1.00 2013:1.00 2014:1.00 2015:1.00 2016:1.00 2017:1.00 2018:1.00 2019:1.00 2020:1.00 2021:1.00 2022:1.00 2023:1.00 2024:1.00 2025:1.00
stats_player_week,receiving_air_yards,healthy,2025,1.0,,,1999:1.00 2000:1.00 2001:1.00 2002:1.00 2003:1.00 2004:1.00 2005:1.00 2006:1.00 2007:1.00 2008:1.00 2009:1.00 2010:1.00 2011:1.00 2012:1.00 2013:1.00 2014:1.00 2015:1.00 2016:1.00 2017:1.00 2018:1.00 2019:1.00 2020:1.00 2021:1.00 2022:1.00 2023:1.00 2024:1.00 2025:1.00
stats_player_week,receiving_yards_after_catch,healthy,2025,1.0,,,1999:1.00 2000:1.00 2001:1.00 2002:1.00 2003:1.00 2004:1.00 2005:1.00 2006:1.00 2007:1.00 2008:1.00 2009:1.00 2010:1.00 2011:1.00 2012:1.00 2013:1.00 2014:1.00 2015:1.00 2016:1.00 2017:1.00 2018:1.00 2019:1.00 2020:1.00 2021:1.00 2022:1.00 2023:1.00 2024:1.00 2025:1.00
stats_player_week,receiving_first_downs,healthy,2025,1.0,,,1999:1.00 2000:1.00 2001:1.00 2002:1.00 2003:1.00 2004:1.00 2005:1.00 2006:1.00 2007:1.00 2008:1.00 2009:1.00 2010:1.00 2011:1.00 2012:1.00 2013:1.00 2014:1.00 2015:1.00 2016:1.00 2017:1.00 2018:1.00 2019:1.00 2020:1.00 2021:1.00 2022:1.00 2023:1.00 2024:1.00 2025:1.00
stats_player_week,receiving_epa,healthy,2025,0.234,,,1999:0.24 2000:0.23 2001:0.23 2002:0.24 2003:0.21 2004:0.21 2005:0.20 2006:0.21 2007:0.21 2008:0.21 2009:0.24 2010:0.24 2011:0.24 2012:0.25 2013:0.24 2014:0.24 2015:0.24 2016:0.25 2017:0.25 2018:0.25 2019:0.25 2020:0.25 2021:0.24 2022:0.24 2023:0.25 2024:0.24 2025:0.23
stats_player_week,receiving_2pt_conversions,healthy,2025,1.0,,,1999:1.00 2000:1.00 2001:1.00 2002:1.00 2003:1.00 2004:1.00 2005:1.00 2006:1.00 2007:1.00 2008:1.00 2009:1.00 2010:1.00 2011:1.00 2012:1.00 2013:1.00 2014:1.00 2015:1.00 2016:1.00 2017:1.00 2018:1.00 2019:1.00 2020:1.00 2021:1.00 2022:1.00 2023:1.00 2024:1.00 2025:1.00
stats_player_week,receiving_10,healthy,2025,1.0,,,1999:1.00 2000:1.00 2001:1.00 2002:1.00 2003:1.00 2004:1.00 2005:1.00 2006:1.00 2007:1.00 2008:1.00 2009:1.00 2010:1.00 2011:1.00 2012:1.00 2013:1.00 2014:1.00 2015:1.00 2016:1.00 2017:1.00 2018:1.00 2019:1.00 2020:1.00 2021:1.00 2022:1.00 2023:1.00 2024:1.00 2025:1.00
stats_player_week,receiving_16,healthy,2025,1.0,,,1999:1.00 2000:1.00 2001:1.00 2002:1.00 2003:1.00 2004:1.00 2005:1.00 2006:1.00 2007:1.00 2008:1.00 2009:1.00 2010:1.00 2011:1.00 2012:1.00 2013:1.00 2014:1.00 2015:1.00 2016:1.00 2017:1.00 2018:1.00 2019:1.00 2020:1.00 2021:1.00 2022:1.00 2023:1.00 2024:1.00 2025:1.00
stats_player_week,receiving_20,healthy,2025,1.0,,,1999:1.00 2000:1.00 2001:1.00 2002:1.00 2003:1.00 2004:1.00 2005:1.00 2006:1.00 2007:1.00 2008:1.00 2009:1.00 2010:1.00 2011:1.00 2012:1.00 2013:1.00 2014:1.00 2015:1.00 2016:1.00 2017:1.00 2018:1.00 2019:1.00 2020:1.00 2021:1.00 2022:1.00 2023:1.00 2024:1.00 2025:1.00
stats_player_week,receiving_40,healthy,2025,1.0,,,1999:1.00 2000:1.00 2001:1.00 2002:1.00 2003:1.00 2004:1.00 2005:1.00 2006:1.00 2007:1.00 2008:1.00 2009:1.00 2010:1.00 2011:1.00 2012:1.00 2013:1.00 2014:1.00 2015:1.00 2016:1.00 2017:1.00 2018:1.00 2019:1.00 2020:1.00 2021:1.00 2022:1.00 2023:1.00 2024:1.00 2025:1.00
stats_player_week,racr,healthy,2025,0.232,,,1999:0.21 2000:0.20 2001:0.21 2002:0.21 2003:0.21 2004:0.21 2005:0.20 2006:0.21 2007:0.21 2008:0.21 2009:0.23 2010:0.23 2011:0.24 2012:0.24 2013:0.24 2014:0.24 2015:0.24 2016:0.24 2017:0.25 2018:0.24 2019:0.24 2020:0.25 2021:0.24 2022:0.24 2023:0.25 2024:0.23 2025:0.23
stats_player_week,target_share,healthy,2025,1.0,,,1999:1.00 2000:1.00 2001:1.00 2002:1.00 2003:0.00 2004:0.01 2005:0.00 2006:0.00 2007:0.03 2008:0.03 2009:1.00 2010:1.00 2011:1.00 2012:1.00 2013:1.00 2014:1.00 2015:1.00 2016:1.00 2017:1.00 2018:1.00 2019:1.00 2020:1.00 2021:1.00 2022:1.00 2023:1.00 2024:1.00 2025:1.00
stats_player_week,air_yards_share,healthy,2025,1.0,,,1999:0.65 2000:0.63 2001:0.64 2002:0.63 2003:0.00 2004:0.00 2005:0.00 2006:1.00 2007:1.00 2008:1.00 2009:1.00 2010:1.00 2011:1.00 2012:1.00 2013:1.00 2014:1.00 2015:1.00 2016:1.00 2017:1.00 2018:1.00 2019:1.00 2020:1.00 2021:1.00 2022:1.00 2023:1.00 2024:1.00 2025:1.00
stats_player_week,wopr,healthy,2025,1.0,,,1999:0.65 2000:0.63 2001:0.64 2002:0.63 2003:0.00 2004:0.00 2005:0.00 2006:0.00 2007:0.03 2008:0.03 2009:1.00 2010:1.00 2011:1.00 2012:1.00 2013:1.00 2014:1.00 2015:1.00 2016:1.00 2017:1.00 2018:1.00 2019:1.00 2020:1.00 2021:1.00 2022:1.00 2023:1.00 2024:1.00 2025:1.00
stats_player_week,special_teams_tds,healthy,2025,1.0,,,1999:1.00 2000:1.00 2001:1.00 2002:1.00 2003:1.00 2004:1.00 2005:1.00 2006:1.00 2007:1.00 2008:1.00 2009:1.00 2010:1.00 2011:1.00 2012:1.00 2013:1.00 2014:1.00 2015:1.00 2016:1.00 2017:1.00 2018:1.00 2019:1.00 2020:1.00 2021:1.00 2022:1.00 2023:1.00 2024:1.00 2025:1.00
stats_player_week,def_tackles_solo,healthy,2025,1.0,,,1999:1.00 2000:1.00 2001:1.00 2002:1.00 2003:1.00 2004:1.00 2005:1.00 2006:1.00 2007:1.00 2008:1.00 2009:1.00 2010:1.00 2011:1.00 2012:1.00 2013:1.00 2014:1.00 2015:1.00 2016:1.00 2017:1.00 2018:1.00 2019:1.00 2020:1.00 2021:1.00 2022:1.00 2023:1.00 2024:1.00 2025:1.00
stats_player_week,def_tackles_with_assist,healthy,2025,1.0,,,1999:1.00 2000:1.00 2001:1.00 2002:1.00 2003:1.00 2004:1.00 2005:1.00 2006:1.00 2007:1.00 2008:1.00 2009:1.00 2010:1.00 2011:1.00 2012:1.00 2013:1.00 2014:1.00 2015:1.00 2016:1.00 2017:1.00 2018:1.00 2019:1.00 2020:1.00 2021:1.00 2022:1.00 2023:1.00 2024:1.00 2025:1.00
stats_player_week,def_tackle_assists,healthy,2025,1.0,,,1999:1.00 2000:1.00 2001:1.00 2002:1.00 2003:1.00 2004:1.00 2005:1.00 2006:1.00 2007:1.00 2008:1.00 2009:1.00 2010:1.00 2011:1.00 2012:1.00 2013:1.00 2014:1.00 2015:1.00 2016:1.00 2017:1.00 2018:1.00 2019:1.00 2020:1.00 2021:1.00 2022:1.00 2023:1.00 2024:1.00 2025:1.00
stats_player_week,def_tackles_for_loss,healthy,2025,1.0,,,1999:1.00 2000:1.00 2001:1.00 2002:1.00 2003:1.00 2004:1.00 2005:1.00 2006:1.00 2007:1.00 2008:1.00 2009:1.00 2010:1.00 2011:1.00 2012:1.00 2013:1.00 2014:1.00 2015:1.00 2016:1.00 2017:1.00 2018:1.00 2019:1.00 2020:1.00 2021:1.00 2022:1.00 2023:1.00 2024:1.00 2025:1.00
stats_player_week,def_tackles_for_loss_yards,healthy,2025,1.0,,,1999:1.00 2000:1.00 2001:1.00 2002:1.00 2003:1.00 2004:1.00 2005:1.00 2006:1.00 2007:1.00 2008:1.00 2009:1.00 2010:1.00 2011:1.00 2012:1.00 2013:1.00 2014:1.00 2015:1.00 2016:1.00 2017:1.00 2018:1.00 2019:1.00 2020:1.00 2021:1.00 2022:1.00 2023:1.00 2024:1.00 2025:1.00
stats_player_week,def_fumbles_forced,healthy,2025,1.0,,,1999:1.00 2000:1.00 2001:1.00 2002:1.00 2003:1.00 2004:1.00 2005:1.00 2006:1.00 2007:1.00 2008:1.00 2009:1.00 2010:1.00 2011:1.00 2012:1.00 2013:1.00 2014:1.00 2015:1.00 2016:1.00 2017:1.00 2018:1.00 2019:1.00 2020:1.00 2021:1.00 2022:1.00 2023:1.00 2024:1.00 2025:1.00
stats_player_week,def_sacks,healthy,2025,1.0,,,1999:1.00 2000:1.00 2001:1.00 2002:1.00 2003:1.00 2004:1.00 2005:1.00 2006:1.00 2007:1.00 2008:1.00 2009:1.00 2010:1.00 2011:1.00 2012:1.00 2013:1.00 2014:1.00 2015:1.00 2016:1.00 2017:1.00 2018:1.00 2019:1.00 2020:1.00 2021:1.00 2022:1.00 2023:1.00 2024:1.00 2025:1.00
stats_player_week,def_sack_yards,healthy,2025,1.0,,,1999:1.00 2000:1.00 2001:1.00 2002:1.00 2003:1.00 2004:1.00 2005:1.00 2006:1.00 2007:1.00 2008:1.00 2009:1.00 2010:1.00 2011:1.00 2012:1.00 2013:1.00 2014:1.00 2015:1.00 2016:1.00 2017:1.00 2018:1.00 2019:1.00 2020:1.00 2021:1.00 2022:1.00 2023:1.00 2024:1.00 2025:1.00
stats_player_week,def_qb_hits,healthy,2025,1.0,,,1999:1.00 2000:1.00 2001:1.00 2002:1.00 2003:1.00 2004:1.00 2005:1.00 2006:1.00 2007:1.00 2008:1.00 2009:1.00 2010:1.00 2011:1.00 2012:1.00 2013:1.00 2014:1.00 2015:1.00 2016:1.00 2017:1.00 2018:1.00 2019:1.00 2020:1.00 2021:1.00 2022:1.00 2023:1.00 2024:1.00 2025:1.00
stats_player_week,def_interceptions,healthy,2025,1.0,,,1999:1.00 2000:1.00 2001:1.00 2002:1.00 2003:1.00 2004:1.00 2005:1.00 2006:1.00 2007:1.00 2008:1.00 2009:1.00 2010:1.00 2011:1.00 2012:1.00 2013:1.00 2014:1.00 2015:1.00 2016:1.00 2017:1.00 2018:1.00 2019:1.00 2020:1.00 2021:1.00 2022:1.00 2023:1.00 2024:1.00 2025:1.00
stats_player_week,def_interception_yards,healthy,2025,1.0,,,1999:1.00 2000:1.00 2001:1.00 2002:1.00 2003:1.00 2004:1.00 2005:1.00 2006:1.00 2007:1.00 2008:1.00 2009:1.00 2010:1.00 2011:1.00 2012:1.00 2013:1.00 2014:1.00 2015:1.00 2016:1.00 2017:1.00 2018:1.00 2019:1.00 2020:1.00 2021:1.00 2022:1.00 2023:1.00 2024:1.00 2025:1.00
stats_player_week,def_pass_defended,healthy,2025,1.0,,,1999:1.00 2000:1.00 2001:1.00 2002:1.00 2003:1.00 2004:1.00 2005:1.00 2006:1.00 2007:1.00 2008:1.00 2009:1.00 2010:1.00 2011:1.00 2012:1.00 2013:1.00 2014:1.00 2015:1.00 2016:1.00 2017:1.00 2018:1.00 2019:1.00 2020:1.00 2021:1.00 2022:1.00 2023:1.00 2024:1.00 2025:1.00
stats_player_week,def_tds,healthy,2025,1.0,,,1999:1.00 2000:1.00 2001:1.00 2002:1.00 2003:1.00 2004:1.00 2005:1.00 2006:1.00 2007:1.00 2008:1.00 2009:1.00 2010:1.00 2011:1.00 2012:1.00 2013:1.00 2014:1.00 2015:1.00 2016:1.00 2017:1.00 2018:1.00 2019:1.00 2020:1.00 2021:1.00 2022:1.00 2023:1.00 2024:1.00 2025:1.00
stats_player_week,def_fumbles,healthy,2025,1.0,,,1999:1.00 2000:1.00 2001:1.00 2002:1.00 2003:1.00 2004:1.00 2005:1.00 2006:1.00 2007:1.00 2008:1.00 2009:1.00 2010:1.00 2011:1.00 2012:1.00 2013:1.00 2014:1.00 2015:1.00 2016:1.00 2017:1.00 2018:1.00 2019:1.00 2020:1.00 2021:1.00 2022:1.00 2023:1.00 2024:1.00 2025:1.00
stats_player_week,def_safeties,healthy,2025,1.0,,,1999:1.00 2000:1.00 2001:1.00 2002:1.00 2003:1.00 2004:1.00 2005:1.00 2006:1.00 2007:1.00 2008:1.00 2009:1.00 2010:1.00 2011:1.00 2012:1.00 2013:1.00 2014:1.00 2015:1.00 2016:1.00 2017:1.00 2018:1.00 2019:1.00 2020:1.00 2021:1.00 2022:1.00 2023:1.00 2024:1.00 2025:1.00
stats_player_week,misc_yards,healthy,2025,1.0,,,1999:1.00 2000:1.00 2001:1.00 2002:1.00 2003:1.00 2004:1.00 2005:1.00 2006:1.00 2007:1.00 2008:1.00 2009:1.00 2010:1.00 2011:1.00 2012:1.00 2013:1.00 2014:1.00 2015:1.00 2016:1.00 2017:1.00 2018:1.00 2019:1.00 2020:1.00 2021:1.00 2022:1.00 2023:1.00 2024:1.00 2025:1.00
stats_player_week,fumble_recovery_own,healthy,2025,1.0,,,1999:1.00 2000:1.00 2001:1.00 2002:1.00 2003:1.00 2004:1.00 2005:1.00 2006:1.00 2007:1.00 2008:1.00 2009:1.00 2010:1.00 2011:1.00 2012:1.00 2013:1.00 2014:1.00 2015:1.00 2016:1.00 2017:1.00 2018:1.00 2019:1.00 2020:1.00 2021:1.00 2022:1.00 2023:1.00 2024:1.00 2025:1.00
stats_player_week,fumble_recovery_yards_own,healthy,2025,1.0,,,1999:1.00 2000:1.00 2001:1.00 2002:1.00 2003:1.00 2004:1.00 2005:1.00 2006:1.00 2007:1.00 2008:1.00 2009:1.00 2010:1.00 2011:1.00 2012:1.00 2013:1.00 2014:1.00 2015:1.00 2016:1.00 2017:1.00 2018:1.00 2019:1.00 2020:1.00 2021:1.00 2022:1.00 2023:1.00 2024:1.00 2025:1.00
stats_player_week,fumble_recovery_opp,healthy,2025,1.0,,,1999:1.00 2000:1.00 2001:1.00 2002:1.00 2003:1.00 2004:1.00 2005:1.00 2006:1.00 2007:1.00 2008:1.00 2009:1.00 2010:1.00 2011:1.00 2012:1.00 2013:1.00 2014:1.00 2015:1.00 2016:1.00 2017:1.00 2018:1.00 2019:1.00 2020:1.00 2021:1.00 2022:1.00 2023:1.00 2024:1.00 2025:1.00
stats_player_week,fumble_recovery_yards_opp,healthy,2025,1.0,,,1999:1.00 2000:1.00 2001:1.00 2002:1.00 2003:1.00 2004:1.00 2005:1.00 2006:1.00 2007:1.00 2008:1.00 2009:1.00 2010:1.00 2011:1.00 2012:1.00 2013:1.00 2014:1.00 2015:1.00 2016:1.00 2017:1.00 2018:1.00 2019:1.00 2020:1.00 2021:1.00 2022:1.00 2023:1.00 2024:1.00 2025:1.00
stats_player_week,fumble_recovery_tds,healthy,2025,1.0,,,1999:1.00 2000:1.00 2001:1.00 2002:1.00 2003:1.00 2004:1.00 2005:1.00 2006:1.00 2007:1.00 2008:1.00 2009:1.00 2010:1.00 2011:1.00 2012:1.00 2013:1.00 2014:1.00 2015:1.00 2016:1.00 2017:1.00 2018:1.00 2019:1.00 2020:1.00 2021:1.00 2022:1.00 2023:1.00 2024:1.00 2025:1.00
stats_player_week,penalties,healthy,2025,1.0,,,1999:1.00 2000:1.00 2001:1.00 2002:1.00 2003:1.00 2004:1.00 2005:1.00 2006:1.00 2007:1.00 2008:1.00 2009:1.00 2010:1.00 2011:1.00 2012:1.00 2013:1.00 2014:1.00 2015:1.00 2016:1.00 2017:1.00 2018:1.00 2019:1.00 2020:1.00 2021:1.00 2022:1.00 2023:1.00 2024:1.00 2025:1.00
stats_player_week,penalty_yards,healthy,2025,1.0,,,1999:1.00 2000:1.00 2001:1.00 2002:1.00 2003:1.00 2004:1.00 2005:1.00 2006:1.00 2007:1.00 2008:1.00 2009:1.00 2010:1.00 2011:1.00 2012:1.00 2013:1.00 2014:1.00 2015:1.00 2016:1.00 2017:1.00 2018:1.00 2019:1.00 2020:1.00 2021:1.00 2022:1.00 2023:1.00 2024:1.00 2025:1.00
stats_player_week,fumbles_forced_by_opp,healthy,2025,1.0,,,1999:1.00 2000:1.00 2001:1.00 2002:1.00 2003:1.00 2004:1.00 2005:1.00 2006:1.00 2007:1.00 2008:1.00 2009:1.00 2010:1.00 2011:1.00 2012:1.00 2013:1.00 2014:1.00 2015:1.00 2016:1.00 2017:1.00 2018:1.00 2019:1.00 2020:1.00 2021:1.00 2022:1.00 2023:1.00 2024:1.00 2025:1.00
stats_player_week,fumbles_not_forced,healthy,2025,1.0,,,1999:1.00 2000:1.00 2001:1.00 2002:1.00 2003:1.00 2004:1.00 2005:1.00 2006:1.00 2007:1.00 2008:1.00 2009:1.00 2010:1.00 2011:1.00 2012:1.00 2013:1.00 2014:1.00 2015:1.00 2016:1.00 2017:1.00 2018:1.00 2019:1.00 2020:1.00 2021:1.00 2022:1.00 2023:1.00 2024:1.00 2025:1.00
stats_player_week,fumbles_out_of_bounds,healthy,2025,1.0,,,1999:1.00 2000:1.00 2001:1.00 2002:1.00 2003:1.00 2004:1.00 2005:1.00 2006:1.00 2007:1.00 2008:1.00 2009:1.00 2010:1.00 2011:1.00 2012:1.00 2013:1.00 2014:1.00 2015:1.00 2016:1.00 2017:1.00 2018:1.00 2019:1.00 2020:1.00 2021:1.00 2022:1.00 2023:1.00 2024:1.00 2025:1.00
stats_player_week,fumbles_total,healthy,2025,1.0,,,1999:1.00 2000:1.00 2001:1.00 2002:1.00 2003:1.00 2004:1.00 2005:1.00 2006:1.00 2007:1.00 2008:1.00 2009:1.00 2010:1.00 2011:1.00 2012:1.00 2013:1.00 2014:1.00 2015:1.00 2016:1.00 2017:1.00 2018:1.00 2019:1.00 2020:1.00 2021:1.00 2022:1.00 2023:1.00 2024:1.00 2025:1.00
stats_player_week,fumbles_lost_total,healthy,2025,1.0,,,1999:1.00 2000:1.00 2001:1.00 2002:1.00 2003:1.00 2004:1.00 2005:1.00 2006:1.00 2007:1.00 2008:1.00 2009:1.00 2010:1.00 2011:1.00 2012:1.00 2013:1.00 2014:1.00 2015:1.00 2016:1.00 2017:1.00 2018:1.00 2019:1.00 2020:1.00 2021:1.00 2022:1.00 2023:1.00 2024:1.00 2025:1.00
stats_player_week,punt_returns,healthy,2025,1.0,,,1999:1.00 2000:1.00 2001:1.00 2002:1.00 2003:1.00 2004:1.00 2005:1.00 2006:1.00 2007:1.00 2008:1.00 2009:1.00 2010:1.00 2011:1.00 2012:1.00 2013:1.00 2014:1.00 2015:1.00 2016:1.00 2017:1.00 2018:1.00 2019:1.00 2020:1.00 2021:1.00 2022:1.00 2023:1.00 2024:1.00 2025:1.00
stats_player_week,punt_return_yards,healthy,2025,1.0,,,1999:1.00 2000:1.00 2001:1.00 2002:1.00 2003:1.00 2004:1.00 2005:1.00 2006:1.00 2007:1.00 2008:1.00 2009:1.00 2010:1.00 2011:1.00 2012:1.00 2013:1.00 2014:1.00 2015:1.00 2016:1.00 2017:1.00 2018:1.00 2019:1.00 2020:1.00 2021:1.00 2022:1.00 2023:1.00 2024:1.00 2025:1.00
stats_player_week,kickoff_returns,healthy,2025,1.0,,,1999:1.00 2000:1.00 2001:1.00 2002:1.00 2003:1.00 2004:1.00 2005:1.00 2006:1.00 2007:1.00 2008:1.00 2009:1.00 2010:1.00 2011:1.00 2012:1.00 2013:1.00 2014:1.00 2015:1.00 2016:1.00 2017:1.00 2018:1.00 2019:1.00 2020:1.00 2021:1.00 2022:1.00 2023:1.00 2024:1.00 2025:1.00
stats_player_week,kickoff_return_yards,healthy,2025,1.0,,,1999:1.00 2000:1.00 2001:1.00 2002:1.00 2003:1.00 2004:1.00 2005:1.00 2006:1.00 2007:1.00 2008:1.00 2009:1.00 2010:1.00 2011:1.00 2012:1.00 2013:1.00 2014:1.00 2015:1.00 2016:1.00 2017:1.00 2018:1.00 2019:1.00 2020:1.00 2021:1.00 2022:1.00 2023:1.00 2024:1.00 2025:1.00
stats_player_week,fg_made,healthy,2025,1.0,,,1999:1.00 2000:1.00 2001:1.00 2002:1.00 2003:1.00 2004:1.00 2005:1.00 2006:1.00 2007:1.00 2008:1.00 2009:1.00 2010:1.00 2011:1.00 2012:1.00 2013:1.00 2014:1.00 2015:1.00 2016:1.00 2017:1.00 2018:1.00 2019:1.00 2020:1.00 2021:1.00 2022:1.00 2023:1.00 2024:1.00 2025:1.00
stats_player_week,fg_att,healthy,2025,1.0,,,1999:1.00 2000:1.00 2001:1.00 2002:1.00 2003:1.00 2004:1.00 2005:1.00 2006:1.00 2007:1.00 2008:1.00 2009:1.00 2010:1.00 2011:1.00 2012:1.00 2013:1.00 2014:1.00 2015:1.00 2016:1.00 2017:1.00 2018:1.00 2019:1.00 2020:1.00 2021:1.00 2022:1.00 2023:1.00 2024:1.00 2025:1.00
stats_player_week,fg_missed,healthy,2025,1.0,,,1999:1.00 2000:1.00 2001:1.00 2002:1.00 2003:1.00 2004:1.00 2005:1.00 2006:1.00 2007:1.00 2008:1.00 2009:1.00 2010:1.00 2011:1.00 2012:1.00 2013:1.00 2014:1.00 2015:1.00 2016:1.00 2017:1.00 2018:1.00 2019:1.00 2020:1.00 2021:1.00 2022:1.00 2023:1.00 2024:1.00 2025:1.00
stats_player_week,fg_blocked,healthy,2025,1.0,,,1999:1.00 2000:1.00 2001:1.00 2002:1.00 2003:1.00 2004:1.00 2005:1.00 2006:1.00 2007:1.00 2008:1.00 2009:1.00 2010:1.00 2011:1.00 2012:1.00 2013:1.00 2014:1.00 2015:1.00 2016:1.00 2017:1.00 2018:1.00 2019:1.00 2020:1.00 2021:1.00 2022:1.00 2023:1.00 2024:1.00 2025:1.00
stats_player_week,fg_long,healthy,2025,0.025,,,1999:0.02 2000:0.02 2001:0.02 2002:0.02 2003:0.02 2004:0.02 2005:0.02 2006:0.02 2007:0.02 2008:0.03 2009:0.02 2010:0.02 2011:0.03 2012:0.02 2013:0.03 2014:0.02 2015:0.02 2016:0.03 2017:0.02 2018:0.02 2019:0.03 2020:0.03 2021:0.02 2022:0.03 2023:0.03 2024:0.02 2025:0.02
stats_player_week,fg_pct,healthy,2025,0.026,,,1999:0.03 2000:0.03 2001:0.03 2002:0.03 2003:0.03 2004:0.03 2005:0.03 2006:0.03 2007:0.03 2008:0.03 2009:0.03 2010:0.03 2011:0.03 2012:0.03 2013:0.03 2014:0.03 2015:0.03 2016:0.03 2017:0.03 2018:0.03 2019:0.03 2020:0.03 2021:0.03 2022:0.03 2023:0.03 2024:0.03 2025:0.03
stats_player_week,fg_made_0_19,healthy,2025,1.0,,,1999:1.00 2000:1.00 2001:1.00 2002:1.00 2003:1.00 2004:1.00 2005:1.00 2006:1.00 2007:1.00 2008:1.00 2009:1.00 2010:1.00 2011:1.00 2012:1.00 2013:1.00 2014:1.00 2015:1.00 2016:1.00 2017:1.00 2018:1.00 2019:1.00 2020:1.00 2021:1.00 2022:1.00 2023:1.00 2024:1.00 2025:1.00
stats_player_week,fg_made_20_29,healthy,2025,1.0,,,1999:1.00 2000:1.00 2001:1.00 2002:1.00 2003:1.00 2004:1.00 2005:1.00 2006:1.00 2007:1.00 2008:1.00 2009:1.00 2010:1.00 2011:1.00 2012:1.00 2013:1.00 2014:1.00 2015:1.00 2016:1.00 2017:1.00 2018:1.00 2019:1.00 2020:1.00 2021:1.00 2022:1.00 2023:1.00 2024:1.00 2025:1.00
stats_player_week,fg_made_30_39,healthy,2025,1.0,,,1999:1.00 2000:1.00 2001:1.00 2002:1.00 2003:1.00 2004:1.00 2005:1.00 2006:1.00 2007:1.00 2008:1.00 2009:1.00 2010:1.00 2011:1.00 2012:1.00 2013:1.00 2014:1.00 2015:1.00 2016:1.00 2017:1.00 2018:1.00 2019:1.00 2020:1.00 2021:1.00 2022:1.00 2023:1.00 2024:1.00 2025:1.00
stats_player_week,fg_made_40_49,healthy,2025,1.0,,,1999:1.00 2000:1.00 2001:1.00 2002:1.00 2003:1.00 2004:1.00 2005:1.00 2006:1.00 2007:1.00 2008:1.00 2009:1.00 2010:1.00 2011:1.00 2012:1.00 2013:1.00 2014:1.00 2015:1.00 2016:1.00 2017:1.00 2018:1.00 2019:1.00 2020:1.00 2021:1.00 2022:1.00 2023:1.00 2024:1.00 2025:1.00
stats_player_week,fg_made_50_59,healthy,2025,1.0,,,1999:1.00 2000:1.00 2001:1.00 2002:1.00 2003:1.00 2004:1.00 2005:1.00 2006:1.00 2007:1.00 2008:1.00 2009:1.00 2010:1.00 2011:1.00 2012:1.00 2013:1.00 2014:1.00 2015:1.00 2016:1.00 2017:1.00 2018:1.00 2019:1.00 2020:1.00 2021:1.00 2022:1.00 2023:1.00 2024:1.00 2025:1.00
stats_player_week,fg_made_60_,healthy,2025,1.0,,,1999:1.00 2000:1.00 2001:1.00 2002:1.00 2003:1.00 2004:1.00 2005:1.00 2006:1.00 2007:1.00 2008:1.00 2009:1.00 2010:1.00 2011:1.00 2012:1.00 2013:1.00 2014:1.00 2015:1.00 2016:1.00 2017:1.00 2018:1.00 2019:1.00 2020:1.00 2021:1.00 2022:1.00 2023:1.00 2024:1.00 2025:1.00
stats_player_week,fg_missed_0_19,healthy,2025,1.0,,,1999:1.00 2000:1.00 2001:1.00 2002:1.00 2003:1.00 2004:1.00 2005:1.00 2006:1.00 2007:1.00 2008:1.00 2009:1.00 2010:1.00 2011:1.00 2012:1.00 2013:1.00 2014:1.00 2015:1.00 2016:1.00 2017:1.00 2018:1.00 2019:1.00 2020:1.00 2021:1.00 2022:1.00 2023:1.00 2024:1.00 2025:1.00
stats_player_week,fg_missed_20_29,healthy,2025,1.0,,,1999:1.00 2000:1.00 2001:1.00 2002:1.00 2003:1.00 2004:1.00 2005:1.00 2006:1.00 2007:1.00 2008:1.00 2009:1.00 2010:1.00 2011:1.00 2012:1.00 2013:1.00 2014:1.00 2015:1.00 2016:1.00 2017:1.00 2018:1.00 2019:1.00 2020:1.00 2021:1.00 2022:1.00 2023:1.00 2024:1.00 2025:1.00
stats_player_week,fg_missed_30_39,healthy,2025,1.0,,,1999:1.00 2000:1.00 2001:1.00 2002:1.00 2003:1.00 2004:1.00 2005:1.00 2006:1.00 2007:1.00 2008:1.00 2009:1.00 2010:1.00 2011:1.00 2012:1.00 2013:1.00 2014:1.00 2015:1.00 2016:1.00 2017:1.00 2018:1.00 2019:1.00 2020:1.00 2021:1.00 2022:1.00 2023:1.00 2024:1.00 2025:1.00
stats_player_week,fg_missed_40_49,healthy,2025,1.0,,,1999:1.00 2000:1.00 2001:1.00 2002:1.00 2003:1.00 2004:1.00 2005:1.00 2006:1.00 2007:1.00 2008:1.00 2009:1.00 2010:1.00 2011:1.00 2012:1.00 2013:1.00 2014:1.00 2015:1.00 2016:1.00 2017:1.00 2018:1.00 2019:1.00 2020:1.00 2021:1.00 2022:1.00 2023:1.00 2024:1.00 2025:1.00
stats_player_week,fg_missed_50_59,healthy,2025,1.0,,,1999:1.00 2000:1.00 2001:1.00 2002:1.00 2003:1.00 2004:1.00 2005:1.00 2006:1.00 2007:1.00 2008:1.00 2009:1.00 2010:1.00 2011:1.00 2012:1.00 2013:1.00 2014:1.00 2015:1.00 2016:1.00 2017:1.00 2018:1.00 2019:1.00 2020:1.00 2021:1.00 2022:1.00 2023:1.00 2024:1.00 2025:1.00
stats_player_week,fg_missed_60_,healthy,2025,1.0,,,1999:1.00 2000:1.00 2001:1.00 2002:1.00 2003:1.00 2004:1.00 2005:1.00 2006:1.00 2007:1.00 2008:1.00 2009:1.00 2010:1.00 2011:1.00 2012:1.00 2013:1.00 2014:1.00 2015:1.00 2016:1.00 2017:1.00 2018:1.00 2019:1.00 2020:1.00 2021:1.00 2022:1.00 2023:1.00 2024:1.00 2025:1.00
stats_player_week,fg_made_list,healthy,2025,0.025,,,1999:0.02 2000:0.02 2001:0.02 2002:0.02 2003:0.02 2004:0.02 2005:0.02 2006:0.02 2007:0.02 2008:0.03 2009:0.02 2010:0.02 2011:0.03 2012:0.02 2013:0.03 2014:0.02 2015:0.02 2016:0.03 2017:0.02 2018:0.02 2019:0.03 2020:0.03 2021:0.02 2022:0.03 2023:0.03 2024:0.02 2025:0.02
stats_player_week,fg_missed_list,healthy,2025,0.006,,,1999:0.01 2000:0.01 2001:0.01 2002:0.01 2003:0.01 2004:0.01 2005:0.01 2006:0.01 2007:0.01 2008:0.01 2009:0.01 2010:0.01 2011:0.01 2012:0.01 2013:0.01 2014:0.01 2015:0.01 2016:0.01 2017:0.01 2018:0.01 2019:0.01 2020:0.01 2021:0.01 2022:0.01 2023:0.01 2024:0.01 2025:0.01
stats_player_week,fg_blocked_list,healthy,2025,0.001,,,1999:0.00 2000:0.00 2001:0.00 2002:0.00 2003:0.00 2004:0.00 2005:0.00 2006:0.00 2007:0.00 2008:0.00 2009:0.00 2010:0.00 2011:0.00 2012:0.00 2013:0.00 2014:0.00 2015:0.00 2016:0.00 2017:0.00 2018:0.00 2019:0.00 2020:0.00 2021:0.00 2022:0.00 2023:0.00 2024:0.00 2025:0.00
stats_player_week,fg_made_distance,healthy,2025,1.0,,,1999:1.00 2000:1.00 2001:1.00 2002:1.00 2003:1.00 2004:1.00 2005:1.00 2006:1.00 2007:1.00 2008:1.00 2009:1.00 2010:1.00 2011:1.00 2012:1.00 2013:1.00 2014:1.00 2015:1.00 2016:1.00 2017:1.00 2018:1.00 2019:1.00 2020:1.00 2021:1.00 2022:1.00 2023:1.00 2024:1.00 2025:1.00
stats_player_week,fg_missed_distance,healthy,2025,1.0,,,1999:1.00 2000:1.00 2001:1.00 2002:1.00 2003:1.00 2004:1.00 2005:1.00 2006:1.00 2007:1.00 2008:1.00 2009:1.00 2010:1.00 2011:1.00 2012:1.00 2013:1.00 2014:1.00 2015:1.00 2016:1.00 2017:1.00 2018:1.00 2019:1.00 2020:1.00 2021:1.00 2022:1.00 2023:1.00 2024:1.00 2025:1.00
stats_player_week,fg_blocked_distance,healthy,2025,1.0,,,1999:1.00 2000:1.00 2001:1.00 2002:1.00 2003:1.00 2004:1.00 2005:1.00 2006:1.00 2007:1.00 2008:1.00 2009:1.00 2010:1.00 2011:1.00 2012:1.00 2013:1.00 2014:1.00 2015:1.00 2016:1.00 2017:1.00 2018:1.00 2019:1.00 2020:1.00 2021:1.00 2022:1.00 2023:1.00 2024:1.00 2025:1.00
stats_player_week,pat_made,healthy,2025,1.0,,,1999:1.00 2000:1.00 2001:1.00 2002:1.00 2003:1.00 2004:1.00 2005:1.00 2006:1.00 2007:1.00 2008:1.00 2009:1.00 2010:1.00 2011:1.00 2012:1.00 2013:1.00 2014:1.00 2015:1.00 2016:1.00 2017:1.00 2018:1.00 2019:1.00 2020:1.00 2021:1.00 2022:1.00 2023:1.00 2024:1.00 2025:1.00
stats_player_week,pat_att,healthy,2025,1.0,,,1999:1.00 2000:1.00 2001:1.00 2002:1.00 2003:1.00 2004:1.00 2005:1.00 2006:1.00 2007:1.00 2008:1.00 2009:1.00 2010:1.00 2011:1.00 2012:1.00 2013:1.00 2014:1.00 2015:1.00 2016:1.00 2017:1.00 2018:1.00 2019:1.00 2020:1.00 2021:1.00 2022:1.00 2023:1.00 2024:1.00 2025:1.00
stats_player_week,pat_missed,healthy,2025,1.0,,,1999:1.00 2000:1.00 2001:1.00 2002:1.00 2003:1.00 2004:1.00 2005:1.00 2006:1.00 2007:1.00 2008:1.00 2009:1.00 2010:1.00 2011:1.00 2012:1.00 2013:1.00 2014:1.00 2015:1.00 2016:1.00 2017:1.00 2018:1.00 2019:1.00 2020:1.00 2021:1.00 2022:1.00 2023:1.00 2024:1.00 2025:1.00
stats_player_week,pat_blocked,healthy,2025,1.0,,,1999:1.00 2000:1.00 2001:1.00 2002:1.00 2003:1.00 2004:1.00 2005:1.00 2006:1.00 2007:1.00 2008:1.00 2009:1.00 2010:1.00 2011:1.00 2012:1.00 2013:1.00 2014:1.00 2015:1.00 2016:1.00 2017:1.00 2018:1.00 2019:1.00 2020:1.00 2021:1.00 2022:1.00 2023:1.00 2024:1.00 2025:1.00
stats_player_week,pat_pct,healthy,2025,0.027,,,1999:0.03 2000:0.03 2001:0.03 2002:0.03 2003:0.03 2004:0.03 2005:0.03 2006:0.03 2007:0.03 2008:0.03 2009:0.03 2010:0.03 2011:0.03 2012:0.03 2013:0.03 2014:0.03 2015:0.03 2016:0.03 2017:0.03 2018:0.03 2019:0.03 2020:0.03 2021:0.03 2022:0.03 2023:0.03 2024:0.03 2025:0.03
stats_player_week,gwfg_made,healthy,2025,1.0,,,1999:1.00 2000:1.00 2001:1.00 2002:1.00 2003:1.00 2004:1.00 2005:1.00 2006:1.00 2007:1.00 2008:1.00 2009:1.00 2010:1.00 2011:1.00 2012:1.00 2013:1.00 2014:1.00 2015:1.00 2016:1.00 2017:1.00 2018:1.00 2019:1.00 2020:1.00 2021:1.00 2022:1.00 2023:1.00 2024:1.00 2025:1.00
stats_player_week,gwfg_att,healthy,2025,1.0,,,1999:1.00 2000:1.00 2001:1.00 2002:1.00 2003:1.00 2004:1.00 2005:1.00 2006:1.00 2007:1.00 2008:1.00 2009:1.00 2010:1.00 2011:1.00 2012:1.00 2013:1.00 2014:1.00 2015:1.00 2016:1.00 2017:1.00 2018:1.00 2019:1.00 2020:1.00 2021:1.00 2022:1.00 2023:1.00 2024:1.00 2025:1.00
stats_player_week,gwfg_missed,healthy,2025,1.0,,,1999:1.00 2000:1.00 2001:1.00 2002:1.00 2003:1.00 2004:1.00 2005:1.00 2006:1.00 2007:1.00 2008:1.00 2009:1.00 2010:1.00 2011:1.00 2012:1.00 2013:1.00 2014:1.00 2015:1.00 2016:1.00 2017:1.00 2018:1.00 2019:1.00 2020:1.00 2021:1.00 2022:1.00 2023:1.00 2024:1.00 2025:1.00
stats_player_week,gwfg_blocked,healthy,2025,1.0,,,1999:1.00 2000:1.00 2001:1.00 2002:1.00 2003:1.00 2004:1.00 2005:1.00 2006:1.00 2007:1.00 2008:1.00 2009:1.00 2010:1.00 2011:1.00 2012:1.00 2013:1.00 2014:1.00 2015:1.00 2016:1.00 2017:1.00 2018:1.00 2019:1.00 2020:1.00 2021:1.00 2022:1.00 2023:1.00 2024:1.00 2025:1.00
stats_player_week,gwfg_distance,healthy,2025,1.0,,,1999:1.00 2000:1.00 2001:1.00 2002:1.00 2003:1.00 2004:1.00 2005:1.00 2006:1.00 2007:1.00 2008:1.00 2009:1.00 2010:1.00 2011:1.00 2012:1.00 2013:1.00 2014:1.00 2015:1.00 2016:1.00 2017:1.00 2018:1.00 2019:1.00 2020:1.00 2021:1.00 2022:1.00 2023:1.00 2024:1.00 2025:1.00
stats_player_week,pt_att,healthy,2025,1.0,,,1999:1.00 2000:1.00 2001:1.00 2002:1.00 2003:1.00 2004:1.00 2005:1.00 2006:1.00 2007:1.00 2008:1.00 2009:1.00 2010:1.00 2011:1.00 2012:1.00 2013:1.00 2014:1.00 2015:1.00 2016:1.00 2017:1.00 2018:1.00 2019:1.00 2020:1.00 2021:1.00 2022:1.00 2023:1.00 2024:1.00 2025:1.00
stats_player_week,pt_blocked,healthy,2025,1.0,,,1999:1.00 2000:1.00 2001:1.00 2002:1.00 2003:1.00 2004:1.00 2005:1.00 2006:1.00 2007:1.00 2008:1.00 2009:1.00 2010:1.00 2011:1.00 2012:1.00 2013:1.00 2014:1.00 2015:1.00 2016:1.00 2017:1.00 2018:1.00 2019:1.00 2020:1.00 2021:1.00 2022:1.00 2023:1.00 2024:1.00 2025:1.00
stats_player_week,pt_long,healthy,2025,0.029,,,1999:0.03 2000:0.03 2001:0.03 2002:0.03 2003:0.03 2004:0.03 2005:0.03 2006:0.03 2007:0.03 2008:0.03 2009:0.03 2010:0.03 2011:0.03 2012:0.03 2013:0.03 2014:0.03 2015:0.03 2016:0.03 2017:0.03 2018:0.03 2019:0.03 2020:0.03 2021:0.03 2022:0.03 2023:0.03 2024:0.03 2025:0.03
stats_player_week,pt_yards,healthy,2025,1.0,,,1999:1.00 2000:1.00 2001:1.00 2002:1.00 2003:1.00 2004:1.00 2005:1.00 2006:1.00 2007:1.00 2008:1.00 2009:1.00 2010:1.00 2011:1.00 2012:1.00 2013:1.00 2014:1.00 2015:1.00 2016:1.00 2017:1.00 2018:1.00 2019:1.00 2020:1.00 2021:1.00 2022:1.00 2023:1.00 2024:1.00 2025:1.00
stats_player_week,pt_inside_20,healthy,2025,1.0,,,1999:1.00 2000:1.00 2001:1.00 2002:1.00 2003:1.00 2004:1.00 2005:1.00 2006:1.00 2007:1.00 2008:1.00 2009:1.00 2010:1.00 2011:1.00 2012:1.00 2013:1.00 2014:1.00 2015:1.00 2016:1.00 2017:1.00 2018:1.00 2019:1.00 2020:1.00 2021:1.00 2022:1.00 2023:1.00 2024:1.00 2025:1.00
stats_player_week,pt_out_of_bounds,healthy,2025,1.0,,,1999:1.00 2000:1.00 2001:1.00 2002:1.00 2003:1.00 2004:1.00 2005:1.00 2006:1.00 2007:1.00 2008:1.00 2009:1.00 2010:1.00 2011:1.00 2012:1.00 2013:1.00 2014:1.00 2015:1.00 2016:1.00 2017:1.00 2018:1.00 2019:1.00 2020:1.00 2021:1.00 2022:1.00 2023:1.00 2024:1.00 2025:1.00
stats_player_week,pt_downed,healthy,2025,1.0,,,1999:1.00 2000:1.00 2001:1.00 2002:1.00 2003:1.00 2004:1.00 2005:1.00 2006:1.00 2007:1.00 2008:1.00 2009:1.00 2010:1.00 2011:1.00 2012:1.00 2013:1.00 2014:1.00 2015:1.00 2016:1.00 2017:1.00 2018:1.00 2019:1.00 2020:1.00 2021:1.00 2022:1.00 2023:1.00 2024:1.00 2025:1.00
stats_player_week,pt_touchback,healthy,2025,1.0,,,1999:1.00 2000:1.00 2001:1.00 2002:1.00 2003:1.00 2004:1.00 2005:1.00 2006:1.00 2007:1.00 2008:1.00 2009:1.00 2010:1.00 2011:1.00 2012:1.00 2013:1.00 2014:1.00 2015:1.00 2016:1.00 2017:1.00 2018:1.00 2019:1.00 2020:1.00 2021:1.00 2022:1.00 2023:1.00 2024:1.00 2025:1.00
stats_player_week,pt_fair_caught,healthy,2025,1.0,,,1999:1.00 2000:1.00 2001:1.00 2002:1.00 2003:1.00 2004:1.00 2005:1.00 2006:1.00 2007:1.00 2008:1.00 2009:1.00 2010:1.00 2011:1.00 2012:1.00 2013:1.00 2014:1.00 2015:1.00 2016:1.00 2017:1.00 2018:1.00 2019:1.00 2020:1.00 2021:1.00 2022:1.00 2023:1.00 2024:1.00 2025:1.00
stats_player_week,pt_returned,healthy,2025,1.0,,,1999:1.00 2000:1.00 2001:1.00 2002:1.00 2003:1.00 2004:1.00 2005:1.00 2006:1.00 2007:1.00 2008:1.00 2009:1.00 2010:1.00 2011:1.00 2012:1.00 2013:1.00 2014:1.00 2015:1.00 2016:1.00 2017:1.00 2018:1.00 2019:1.00 2020:1.00 2021:1.00 2022:1.00 2023:1.00 2024:1.00 2025:1.00
stats_player_week,pt_return_yards,healthy,2025,1.0,,,1999:1.00 2000:1.00 2001:1.00 2002:1.00 2003:1.00 2004:1.00 2005:1.00 2006:1.00 2007:1.00 2008:1.00 2009:1.00 2010:1.00 2011:1.00 2012:1.00 2013:1.00 2014:1.00 2015:1.00 2016:1.00 2017:1.00 2018:1.00 2019:1.00 2020:1.00 2021:1.00 2022:1.00 2023:1.00 2024:1.00 2025:1.00
stats_player_week,pt_return_tds,healthy,2025,1.0,,,1999:1.00 2000:1.00 2001:1.00 2002:1.00 2003:1.00 2004:1.00 2005:1.00 2006:1.00 2007:1.00 2008:1.00 2009:1.00 2010:1.00 2011:1.00 2012:1.00 2013:1.00 2014:1.00 2015:1.00 2016:1.00 2017:1.00 2018:1.00 2019:1.00 2020:1.00 2021:1.00 2022:1.00 2023:1.00 2024:1.00 2025:1.00
stats_player_week,pt_net_yards,healthy,2025,1.0,,,1999:1.00 2000:1.00 2001:1.00 2002:1.00 2003:1.00 2004:1.00 2005:1.00 2006:1.00 2007:1.00 2008:1.00 2009:1.00 2010:1.00 2011:1.00 2012:1.00 2013:1.00 2014:1.00 2015:1.00 2016:1.00 2017:1.00 2018:1.00 2019:1.00 2020:1.00 2021:1.00 2022:1.00 2023:1.00 2024:1.00 2025:1.00
stats_player_week,fantasy_points,healthy,2025,1.0,,,1999:1.00 2000:1.00 2001:1.00 2002:1.00 2003:1.00 2004:1.00 2005:1.00 2006:1.00 2007:1.00 2008:1.00 2009:1.00 2010:1.00 2011:1.00 2012:1.00 2013:1.00 2014:1.00 2015:1.00 2016:1.00 2017:1.00 2018:1.00 2019:1.00 2020:1.00 2021:1.00 2022:1.00 2023:1.00 2024:1.00 2025:1.00
stats_player_week,fantasy_points_ppr,healthy,2025,1.0,,,1999:1.00 2000:1.00 2001:1.00 2002:1.00 2003:1.00 2004:1.00 2005:1.00 2006:1.00 2007:1.00 2008:1.00 2009:1.00 2010:1.00 2011:1.00 2012:1.00 2013:1.00 2014:1.00 2015:1.00 2016:1.00 2017:1.00 2018:1.00 2019:1.00 2020:1.00 2021:1.00 2022:1.00 2023:1.00 2024:1.00 2025:1.00
stats_team_week,week,healthy,2025,1.0,,,1999:1.00 2000:1.00 2001:1.00 2002:1.00 2003:1.00 2004:1.00 2005:1.00 2006:1.00 2007:1.00 2008:1.00 2009:1.00 2010:1.00 2011:1.00 2012:1.00 2013:1.00 2014:1.00 2015:1.00 2016:1.00 2017:1.00 2018:1.00 2019:1.00 2020:1.00 2021:1.00 2022:1.00 2023:1.00 2024:1.00 2025:1.00
stats_team_week,team,healthy,2025,1.0,,,1999:1.00 2000:1.00 2001:1.00 2002:1.00 2003:1.00 2004:1.00 2005:1.00 2006:1.00 2007:1.00 2008:1.00 2009:1.00 2010:1.00 2011:1.00 2012:1.00 2013:1.00 2014:1.00 2015:1.00 2016:1.00 2017:1.00 2018:1.00 2019:1.00 2020:1.00 2021:1.00 2022:1.00 2023:1.00 2024:1.00 2025:1.00
stats_team_week,season_type,healthy,2025,1.0,,,1999:1.00 2000:1.00 2001:1.00 2002:1.00 2003:1.00 2004:1.00 2005:1.00 2006:1.00 2007:1.00 2008:1.00 2009:1.00 2010:1.00 2011:1.00 2012:1.00 2013:1.00 2014:1.00 2015:1.00 2016:1.00 2017:1.00 2018:1.00 2019:1.00 2020:1.00 2021:1.00 2022:1.00 2023:1.00 2024:1.00 2025:1.00
stats_team_week,game_id,healthy,2025,1.0,,,1999:1.00 2000:1.00 2001:1.00 2002:1.00 2003:1.00 2004:1.00 2005:1.00 2006:1.00 2007:1.00 2008:1.00 2009:1.00 2010:1.00 2011:1.00 2012:1.00 2013:1.00 2014:1.00 2015:1.00 2016:1.00 2017:1.00 2018:1.00 2019:1.00 2020:1.00 2021:1.00 2022:1.00 2023:1.00 2024:1.00 2025:1.00
stats_team_week,opponent_team,healthy,2025,1.0,,,1999:1.00 2000:1.00 2001:1.00 2002:1.00 2003:1.00 2004:1.00 2005:1.00 2006:1.00 2007:1.00 2008:1.00 2009:1.00 2010:1.00 2011:1.00 2012:1.00 2013:1.00 2014:1.00 2015:1.00 2016:1.00 2017:1.00 2018:1.00 2019:1.00 2020:1.00 2021:1.00 2022:1.00 2023:1.00 2024:1.00 2025:1.00
stats_team_week,completions,healthy,2025,1.0,,,1999:1.00 2000:1.00 2001:1.00 2002:1.00 2003:1.00 2004:1.00 2005:1.00 2006:1.00 2007:1.00 2008:1.00 2009:1.00 2010:1.00 2011:1.00 2012:1.00 2013:1.00 2014:1.00 2015:1.00 2016:1.00 2017:1.00 2018:1.00 2019:1.00 2020:1.00 2021:1.00 2022:1.00 2023:1.00 2024:1.00 2025:1.00
stats_team_week,attempts,healthy,2025,1.0,,,1999:1.00 2000:1.00 2001:1.00 2002:1.00 2003:1.00 2004:1.00 2005:1.00 2006:1.00 2007:1.00 2008:1.00 2009:1.00 2010:1.00 2011:1.00 2012:1.00 2013:1.00 2014:1.00 2015:1.00 2016:1.00 2017:1.00 2018:1.00 2019:1.00 2020:1.00 2021:1.00 2022:1.00 2023:1.00 2024:1.00 2025:1.00
stats_team_week,passing_yards,healthy,2025,1.0,,,1999:1.00 2000:1.00 2001:1.00 2002:1.00 2003:1.00 2004:1.00 2005:1.00 2006:1.00 2007:1.00 2008:1.00 2009:1.00 2010:1.00 2011:1.00 2012:1.00 2013:1.00 2014:1.00 2015:1.00 2016:1.00 2017:1.00 2018:1.00 2019:1.00 2020:1.00 2021:1.00 2022:1.00 2023:1.00 2024:1.00 2025:1.00
stats_team_week,passing_tds,healthy,2025,1.0,,,1999:1.00 2000:1.00 2001:1.00 2002:1.00 2003:1.00 2004:1.00 2005:1.00 2006:1.00 2007:1.00 2008:1.00 2009:1.00 2010:1.00 2011:1.00 2012:1.00 2013:1.00 2014:1.00 2015:1.00 2016:1.00 2017:1.00 2018:1.00 2019:1.00 2020:1.00 2021:1.00 2022:1.00 2023:1.00 2024:1.00 2025:1.00
stats_team_week,passing_interceptions,healthy,2025,1.0,,,1999:1.00 2000:1.00 2001:1.00 2002:1.00 2003:1.00 2004:1.00 2005:1.00 2006:1.00 2007:1.00 2008:1.00 2009:1.00 2010:1.00 2011:1.00 2012:1.00 2013:1.00 2014:1.00 2015:1.00 2016:1.00 2017:1.00 2018:1.00 2019:1.00 2020:1.00 2021:1.00 2022:1.00 2023:1.00 2024:1.00 2025:1.00
stats_team_week,sacks_suffered,healthy,2025,1.0,,,1999:1.00 2000:1.00 2001:1.00 2002:1.00 2003:1.00 2004:1.00 2005:1.00 2006:1.00 2007:1.00 2008:1.00 2009:1.00 2010:1.00 2011:1.00 2012:1.00 2013:1.00 2014:1.00 2015:1.00 2016:1.00 2017:1.00 2018:1.00 2019:1.00 2020:1.00 2021:1.00 2022:1.00 2023:1.00 2024:1.00 2025:1.00
stats_team_week,sack_yards_lost,healthy,2025,1.0,,,1999:1.00 2000:1.00 2001:1.00 2002:1.00 2003:1.00 2004:1.00 2005:1.00 2006:1.00 2007:1.00 2008:1.00 2009:1.00 2010:1.00 2011:1.00 2012:1.00 2013:1.00 2014:1.00 2015:1.00 2016:1.00 2017:1.00 2018:1.00 2019:1.00 2020:1.00 2021:1.00 2022:1.00 2023:1.00 2024:1.00 2025:1.00
stats_team_week,sack_fumbles,healthy,2025,1.0,,,1999:1.00 2000:1.00 2001:1.00 2002:1.00 2003:1.00 2004:1.00 2005:1.00 2006:1.00 2007:1.00 2008:1.00 2009:1.00 2010:1.00 2011:1.00 2012:1.00 2013:1.00 2014:1.00 2015:1.00 2016:1.00 2017:1.00 2018:1.00 2019:1.00 2020:1.00 2021:1.00 2022:1.00 2023:1.00 2024:1.00 2025:1.00
stats_team_week,sack_fumbles_lost,healthy,2025,1.0,,,1999:1.00 2000:1.00 2001:1.00 2002:1.00 2003:1.00 2004:1.00 2005:1.00 2006:1.00 2007:1.00 2008:1.00 2009:1.00 2010:1.00 2011:1.00 2012:1.00 2013:1.00 2014:1.00 2015:1.00 2016:1.00 2017:1.00 2018:1.00 2019:1.00 2020:1.00 2021:1.00 2022:1.00 2023:1.00 2024:1.00 2025:1.00
stats_team_week,passing_air_yards,healthy,2025,1.0,,,1999:1.00 2000:1.00 2001:1.00 2002:1.00 2003:1.00 2004:1.00 2005:1.00 2006:1.00 2007:1.00 2008:1.00 2009:1.00 2010:1.00 2011:1.00 2012:1.00 2013:1.00 2014:1.00 2015:1.00 2016:1.00 2017:1.00 2018:1.00 2019:1.00 2020:1.00 2021:1.00 2022:1.00 2023:1.00 2024:1.00 2025:1.00
stats_team_week,passing_yards_after_catch,healthy,2025,1.0,,,1999:1.00 2000:1.00 2001:1.00 2002:1.00 2003:1.00 2004:1.00 2005:1.00 2006:1.00 2007:1.00 2008:1.00 2009:1.00 2010:1.00 2011:1.00 2012:1.00 2013:1.00 2014:1.00 2015:1.00 2016:1.00 2017:1.00 2018:1.00 2019:1.00 2020:1.00 2021:1.00 2022:1.00 2023:1.00 2024:1.00 2025:1.00
stats_team_week,passing_first_downs,healthy,2025,1.0,,,1999:1.00 2000:1.00 2001:1.00 2002:1.00 2003:1.00 2004:1.00 2005:1.00 2006:1.00 2007:1.00 2008:1.00 2009:1.00 2010:1.00 2011:1.00 2012:1.00 2013:1.00 2014:1.00 2015:1.00 2016:1.00 2017:1.00 2018:1.00 2019:1.00 2020:1.00 2021:1.00 2022:1.00 2023:1.00 2024:1.00 2025:1.00
stats_team_week,passing_epa,healthy,2025,1.0,,,1999:0.90 2000:0.90 2001:0.88 2002:0.89 2003:1.00 2004:1.00 2005:1.00 2006:1.00 2007:1.00 2008:1.00 2009:1.00 2010:1.00 2011:1.00 2012:1.00 2013:1.00 2014:1.00 2015:1.00 2016:1.00 2017:1.00 2018:1.00 2019:1.00 2020:1.00 2021:1.00 2022:1.00 2023:1.00 2024:1.00 2025:1.00
stats_team_week,passing_cpoe,healthy,2025,1.0,,,1999:0.00 2000:0.00 2001:0.00 2002:0.00 2003:0.00 2004:0.00 2005:0.00 2006:0.98 2007:1.00 2008:1.00 2009:1.00 2010:1.00 2011:1.00 2012:1.00 2013:1.00 2014:1.00 2015:1.00 2016:1.00 2017:1.00 2018:1.00 2019:1.00 2020:1.00 2021:1.00 2022:1.00 2023:1.00 2024:1.00 2025:1.00
stats_team_week,passing_2pt_conversions,healthy,2025,1.0,,,1999:1.00 2000:1.00 2001:1.00 2002:1.00 2003:1.00 2004:1.00 2005:1.00 2006:1.00 2007:1.00 2008:1.00 2009:1.00 2010:1.00 2011:1.00 2012:1.00 2013:1.00 2014:1.00 2015:1.00 2016:1.00 2017:1.00 2018:1.00 2019:1.00 2020:1.00 2021:1.00 2022:1.00 2023:1.00 2024:1.00 2025:1.00
stats_team_week,passing_10,healthy,2025,1.0,,,1999:1.00 2000:1.00 2001:1.00 2002:1.00 2003:1.00 2004:1.00 2005:1.00 2006:1.00 2007:1.00 2008:1.00 2009:1.00 2010:1.00 2011:1.00 2012:1.00 2013:1.00 2014:1.00 2015:1.00 2016:1.00 2017:1.00 2018:1.00 2019:1.00 2020:1.00 2021:1.00 2022:1.00 2023:1.00 2024:1.00 2025:1.00
stats_team_week,passing_16,healthy,2025,1.0,,,1999:1.00 2000:1.00 2001:1.00 2002:1.00 2003:1.00 2004:1.00 2005:1.00 2006:1.00 2007:1.00 2008:1.00 2009:1.00 2010:1.00 2011:1.00 2012:1.00 2013:1.00 2014:1.00 2015:1.00 2016:1.00 2017:1.00 2018:1.00 2019:1.00 2020:1.00 2021:1.00 2022:1.00 2023:1.00 2024:1.00 2025:1.00
stats_team_week,passing_20,healthy,2025,1.0,,,1999:1.00 2000:1.00 2001:1.00 2002:1.00 2003:1.00 2004:1.00 2005:1.00 2006:1.00 2007:1.00 2008:1.00 2009:1.00 2010:1.00 2011:1.00 2012:1.00 2013:1.00 2014:1.00 2015:1.00 2016:1.00 2017:1.00 2018:1.00 2019:1.00 2020:1.00 2021:1.00 2022:1.00 2023:1.00 2024:1.00 2025:1.00
stats_team_week,passing_40,healthy,2025,1.0,,,1999:1.00 2000:1.00 2001:1.00 2002:1.00 2003:1.00 2004:1.00 2005:1.00 2006:1.00 2007:1.00 2008:1.00 2009:1.00 2010:1.00 2011:1.00 2012:1.00 2013:1.00 2014:1.00 2015:1.00 2016:1.00 2017:1.00 2018:1.00 2019:1.00 2020:1.00 2021:1.00 2022:1.00 2023:1.00 2024:1.00 2025:1.00
stats_team_week,carries,healthy,2025,1.0,,,1999:1.00 2000:1.00 2001:1.00 2002:1.00 2003:1.00 2004:1.00 2005:1.00 2006:1.00 2007:1.00 2008:1.00 2009:1.00 2010:1.00 2011:1.00 2012:1.00 2013:1.00 2014:1.00 2015:1.00 2016:1.00 2017:1.00 2018:1.00 2019:1.00 2020:1.00 2021:1.00 2022:1.00 2023:1.00 2024:1.00 2025:1.00
stats_team_week,rushing_yards,healthy,2025,1.0,,,1999:1.00 2000:1.00 2001:1.00 2002:1.00 2003:1.00 2004:1.00 2005:1.00 2006:1.00 2007:1.00 2008:1.00 2009:1.00 2010:1.00 2011:1.00 2012:1.00 2013:1.00 2014:1.00 2015:1.00 2016:1.00 2017:1.00 2018:1.00 2019:1.00 2020:1.00 2021:1.00 2022:1.00 2023:1.00 2024:1.00 2025:1.00
stats_team_week,rushing_tds,healthy,2025,1.0,,,1999:1.00 2000:1.00 2001:1.00 2002:1.00 2003:1.00 2004:1.00 2005:1.00 2006:1.00 2007:1.00 2008:1.00 2009:1.00 2010:1.00 2011:1.00 2012:1.00 2013:1.00 2014:1.00 2015:1.00 2016:1.00 2017:1.00 2018:1.00 2019:1.00 2020:1.00 2021:1.00 2022:1.00 2023:1.00 2024:1.00 2025:1.00
stats_team_week,rushing_fumbles,healthy,2025,1.0,,,1999:1.00 2000:1.00 2001:1.00 2002:1.00 2003:1.00 2004:1.00 2005:1.00 2006:1.00 2007:1.00 2008:1.00 2009:1.00 2010:1.00 2011:1.00 2012:1.00 2013:1.00 2014:1.00 2015:1.00 2016:1.00 2017:1.00 2018:1.00 2019:1.00 2020:1.00 2021:1.00 2022:1.00 2023:1.00 2024:1.00 2025:1.00
stats_team_week,rushing_fumbles_lost,healthy,2025,1.0,,,1999:1.00 2000:1.00 2001:1.00 2002:1.00 2003:1.00 2004:1.00 2005:1.00 2006:1.00 2007:1.00 2008:1.00 2009:1.00 2010:1.00 2011:1.00 2012:1.00 2013:1.00 2014:1.00 2015:1.00 2016:1.00 2017:1.00 2018:1.00 2019:1.00 2020:1.00 2021:1.00 2022:1.00 2023:1.00 2024:1.00 2025:1.00
stats_team_week,rushing_first_downs,healthy,2025,1.0,,,1999:1.00 2000:1.00 2001:1.00 2002:1.00 2003:1.00 2004:1.00 2005:1.00 2006:1.00 2007:1.00 2008:1.00 2009:1.00 2010:1.00 2011:1.00 2012:1.00 2013:1.00 2014:1.00 2015:1.00 2016:1.00 2017:1.00 2018:1.00 2019:1.00 2020:1.00 2021:1.00 2022:1.00 2023:1.00 2024:1.00 2025:1.00
stats_team_week,rushing_epa,healthy,2025,1.0,,,1999:0.90 2000:0.90 2001:0.88 2002:0.89 2003:1.00 2004:1.00 2005:1.00 2006:1.00 2007:1.00 2008:1.00 2009:1.00 2010:1.00 2011:1.00 2012:1.00 2013:1.00 2014:1.00 2015:1.00 2016:1.00 2017:1.00 2018:1.00 2019:1.00 2020:1.00 2021:1.00 2022:1.00 2023:1.00 2024:1.00 2025:1.00
stats_team_week,rushing_2pt_conversions,healthy,2025,1.0,,,1999:1.00 2000:1.00 2001:1.00 2002:1.00 2003:1.00 2004:1.00 2005:1.00 2006:1.00 2007:1.00 2008:1.00 2009:1.00 2010:1.00 2011:1.00 2012:1.00 2013:1.00 2014:1.00 2015:1.00 2016:1.00 2017:1.00 2018:1.00 2019:1.00 2020:1.00 2021:1.00 2022:1.00 2023:1.00 2024:1.00 2025:1.00
stats_team_week,rushing_10,healthy,2025,1.0,,,1999:1.00 2000:1.00 2001:1.00 2002:1.00 2003:1.00 2004:1.00 2005:1.00 2006:1.00 2007:1.00 2008:1.00 2009:1.00 2010:1.00 2011:1.00 2012:1.00 2013:1.00 2014:1.00 2015:1.00 2016:1.00 2017:1.00 2018:1.00 2019:1.00 2020:1.00 2021:1.00 2022:1.00 2023:1.00 2024:1.00 2025:1.00
stats_team_week,rushing_12,healthy,2025,1.0,,,1999:1.00 2000:1.00 2001:1.00 2002:1.00 2003:1.00 2004:1.00 2005:1.00 2006:1.00 2007:1.00 2008:1.00 2009:1.00 2010:1.00 2011:1.00 2012:1.00 2013:1.00 2014:1.00 2015:1.00 2016:1.00 2017:1.00 2018:1.00 2019:1.00 2020:1.00 2021:1.00 2022:1.00 2023:1.00 2024:1.00 2025:1.00
stats_team_week,rushing_20,healthy,2025,1.0,,,1999:1.00 2000:1.00 2001:1.00 2002:1.00 2003:1.00 2004:1.00 2005:1.00 2006:1.00 2007:1.00 2008:1.00 2009:1.00 2010:1.00 2011:1.00 2012:1.00 2013:1.00 2014:1.00 2015:1.00 2016:1.00 2017:1.00 2018:1.00 2019:1.00 2020:1.00 2021:1.00 2022:1.00 2023:1.00 2024:1.00 2025:1.00
stats_team_week,rushing_40,healthy,2025,1.0,,,1999:1.00 2000:1.00 2001:1.00 2002:1.00 2003:1.00 2004:1.00 2005:1.00 2006:1.00 2007:1.00 2008:1.00 2009:1.00 2010:1.00 2011:1.00 2012:1.00 2013:1.00 2014:1.00 2015:1.00 2016:1.00 2017:1.00 2018:1.00 2019:1.00 2020:1.00 2021:1.00 2022:1.00 2023:1.00 2024:1.00 2025:1.00
stats_team_week,receptions,healthy,2025,1.0,,,1999:1.00 2000:1.00 2001:1.00 2002:1.00 2003:1.00 2004:1.00 2005:1.00 2006:1.00 2007:1.00 2008:1.00 2009:1.00 2010:1.00 2011:1.00 2012:1.00 2013:1.00 2014:1.00 2015:1.00 2016:1.00 2017:1.00 2018:1.00 2019:1.00 2020:1.00 2021:1.00 2022:1.00 2023:1.00 2024:1.00 2025:1.00
stats_team_week,targets,healthy,2025,1.0,,,1999:1.00 2000:1.00 2001:1.00 2002:1.00 2003:1.00 2004:1.00 2005:1.00 2006:1.00 2007:1.00 2008:1.00 2009:1.00 2010:1.00 2011:1.00 2012:1.00 2013:1.00 2014:1.00 2015:1.00 2016:1.00 2017:1.00 2018:1.00 2019:1.00 2020:1.00 2021:1.00 2022:1.00 2023:1.00 2024:1.00 2025:1.00
stats_team_week,receiving_yards,healthy,2025,1.0,,,1999:1.00 2000:1.00 2001:1.00 2002:1.00 2003:1.00 2004:1.00 2005:1.00 2006:1.00 2007:1.00 2008:1.00 2009:1.00 2010:1.00 2011:1.00 2012:1.00 2013:1.00 2014:1.00 2015:1.00 2016:1.00 2017:1.00 2018:1.00 2019:1.00 2020:1.00 2021:1.00 2022:1.00 2023:1.00 2024:1.00 2025:1.00
stats_team_week,receiving_tds,healthy,2025,1.0,,,1999:1.00 2000:1.00 2001:1.00 2002:1.00 2003:1.00 2004:1.00 2005:1.00 2006:1.00 2007:1.00 2008:1.00 2009:1.00 2010:1.00 2011:1.00 2012:1.00 2013:1.00 2014:1.00 2015:1.00 2016:1.00 2017:1.00 2018:1.00 2019:1.00 2020:1.00 2021:1.00 2022:1.00 2023:1.00 2024:1.00 2025:1.00
stats_team_week,receiving_fumbles,healthy,2025,1.0,,,1999:1.00 2000:1.00 2001:1.00 2002:1.00 2003:1.00 2004:1.00 2005:1.00 2006:1.00 2007:1.00 2008:1.00 2009:1.00 2010:1.00 2011:1.00 2012:1.00 2013:1.00 2014:1.00 2015:1.00 2016:1.00 2017:1.00 2018:1.00 2019:1.00 2020:1.00 2021:1.00 2022:1.00 2023:1.00 2024:1.00 2025:1.00
stats_team_week,receiving_fumbles_lost,healthy,2025,1.0,,,1999:1.00 2000:1.00 2001:1.00 2002:1.00 2003:1.00 2004:1.00 2005:1.00 2006:1.00 2007:1.00 2008:1.00 2009:1.00 2010:1.00 2011:1.00 2012:1.00 2013:1.00 2014:1.00 2015:1.00 2016:1.00 2017:1.00 2018:1.00 2019:1.00 2020:1.00 2021:1.00 2022:1.00 2023:1.00 2024:1.00 2025:1.00
stats_team_week,receiving_air_yards,healthy,2025,1.0,,,1999:1.00 2000:1.00 2001:1.00 2002:1.00 2003:1.00 2004:1.00 2005:1.00 2006:1.00 2007:1.00 2008:1.00 2009:1.00 2010:1.00 2011:1.00 2012:1.00 2013:1.00 2014:1.00 2015:1.00 2016:1.00 2017:1.00 2018:1.00 2019:1.00 2020:1.00 2021:1.00 2022:1.00 2023:1.00 2024:1.00 2025:1.00
stats_team_week,receiving_yards_after_catch,healthy,2025,1.0,,,1999:1.00 2000:1.00 2001:1.00 2002:1.00 2003:1.00 2004:1.00 2005:1.00 2006:1.00 2007:1.00 2008:1.00 2009:1.00 2010:1.00 2011:1.00 2012:1.00 2013:1.00 2014:1.00 2015:1.00 2016:1.00 2017:1.00 2018:1.00 2019:1.00 2020:1.00 2021:1.00 2022:1.00 2023:1.00 2024:1.00 2025:1.00
stats_team_week,receiving_first_downs,healthy,2025,1.0,,,1999:1.00 2000:1.00 2001:1.00 2002:1.00 2003:1.00 2004:1.00 2005:1.00 2006:1.00 2007:1.00 2008:1.00 2009:1.00 2010:1.00 2011:1.00 2012:1.00 2013:1.00 2014:1.00 2015:1.00 2016:1.00 2017:1.00 2018:1.00 2019:1.00 2020:1.00 2021:1.00 2022:1.00 2023:1.00 2024:1.00 2025:1.00
stats_team_week,receiving_epa,healthy,2025,1.0,,,1999:0.90 2000:0.90 2001:0.88 2002:0.89 2003:1.00 2004:1.00 2005:1.00 2006:1.00 2007:1.00 2008:1.00 2009:1.00 2010:1.00 2011:1.00 2012:1.00 2013:1.00 2014:1.00 2015:1.00 2016:1.00 2017:1.00 2018:1.00 2019:1.00 2020:1.00 2021:1.00 2022:1.00 2023:1.00 2024:1.00 2025:1.00
stats_team_week,receiving_2pt_conversions,healthy,2025,1.0,,,1999:1.00 2000:1.00 2001:1.00 2002:1.00 2003:1.00 2004:1.00 2005:1.00 2006:1.00 2007:1.00 2008:1.00 2009:1.00 2010:1.00 2011:1.00 2012:1.00 2013:1.00 2014:1.00 2015:1.00 2016:1.00 2017:1.00 2018:1.00 2019:1.00 2020:1.00 2021:1.00 2022:1.00 2023:1.00 2024:1.00 2025:1.00
stats_team_week,receiving_10,healthy,2025,1.0,,,1999:1.00 2000:1.00 2001:1.00 2002:1.00 2003:1.00 2004:1.00 2005:1.00 2006:1.00 2007:1.00 2008:1.00 2009:1.00 2010:1.00 2011:1.00 2012:1.00 2013:1.00 2014:1.00 2015:1.00 2016:1.00 2017:1.00 2018:1.00 2019:1.00 2020:1.00 2021:1.00 2022:1.00 2023:1.00 2024:1.00 2025:1.00
stats_team_week,receiving_16,healthy,2025,1.0,,,1999:1.00 2000:1.00 2001:1.00 2002:1.00 2003:1.00 2004:1.00 2005:1.00 2006:1.00 2007:1.00 2008:1.00 2009:1.00 2010:1.00 2011:1.00 2012:1.00 2013:1.00 2014:1.00 2015:1.00 2016:1.00 2017:1.00 2018:1.00 2019:1.00 2020:1.00 2021:1.00 2022:1.00 2023:1.00 2024:1.00 2025:1.00
stats_team_week,receiving_20,healthy,2025,1.0,,,1999:1.00 2000:1.00 2001:1.00 2002:1.00 2003:1.00 2004:1.00 2005:1.00 2006:1.00 2007:1.00 2008:1.00 2009:1.00 2010:1.00 2011:1.00 2012:1.00 2013:1.00 2014:1.00 2015:1.00 2016:1.00 2017:1.00 2018:1.00 2019:1.00 2020:1.00 2021:1.00 2022:1.00 2023:1.00 2024:1.00 2025:1.00
stats_team_week,receiving_40,healthy,2025,1.0,,,1999:1.00 2000:1.00 2001:1.00 2002:1.00 2003:1.00 2004:1.00 2005:1.00 2006:1.00 2007:1.00 2008:1.00 2009:1.00 2010:1.00 2011:1.00 2012:1.00 2013:1.00 2014:1.00 2015:1.00 2016:1.00 2017:1.00 2018:1.00 2019:1.00 2020:1.00 2021:1.00 2022:1.00 2023:1.00 2024:1.00 2025:1.00
stats_team_week,special_teams_tds,healthy,2025,1.0,,,1999:1.00 2000:1.00 2001:1.00 2002:1.00 2003:1.00 2004:1.00 2005:1.00 2006:1.00 2007:1.00 2008:1.00 2009:1.00 2010:1.00 2011:1.00 2012:1.00 2013:1.00 2014:1.00 2015:1.00 2016:1.00 2017:1.00 2018:1.00 2019:1.00 2020:1.00 2021:1.00 2022:1.00 2023:1.00 2024:1.00 2025:1.00
stats_team_week,def_tackles_solo,healthy,2025,1.0,,,1999:1.00 2000:1.00 2001:1.00 2002:1.00 2003:1.00 2004:1.00 2005:1.00 2006:1.00 2007:1.00 2008:1.00 2009:1.00 2010:1.00 2011:1.00 2012:1.00 2013:1.00 2014:1.00 2015:1.00 2016:1.00 2017:1.00 2018:1.00 2019:1.00 2020:1.00 2021:1.00 2022:1.00 2023:1.00 2024:1.00 2025:1.00
stats_team_week,def_tackles_with_assist,healthy,2025,1.0,,,1999:1.00 2000:1.00 2001:1.00 2002:1.00 2003:1.00 2004:1.00 2005:1.00 2006:1.00 2007:1.00 2008:1.00 2009:1.00 2010:1.00 2011:1.00 2012:1.00 2013:1.00 2014:1.00 2015:1.00 2016:1.00 2017:1.00 2018:1.00 2019:1.00 2020:1.00 2021:1.00 2022:1.00 2023:1.00 2024:1.00 2025:1.00
stats_team_week,def_tackle_assists,healthy,2025,1.0,,,1999:1.00 2000:1.00 2001:1.00 2002:1.00 2003:1.00 2004:1.00 2005:1.00 2006:1.00 2007:1.00 2008:1.00 2009:1.00 2010:1.00 2011:1.00 2012:1.00 2013:1.00 2014:1.00 2015:1.00 2016:1.00 2017:1.00 2018:1.00 2019:1.00 2020:1.00 2021:1.00 2022:1.00 2023:1.00 2024:1.00 2025:1.00
stats_team_week,def_tackles_for_loss,healthy,2025,1.0,,,1999:1.00 2000:1.00 2001:1.00 2002:1.00 2003:1.00 2004:1.00 2005:1.00 2006:1.00 2007:1.00 2008:1.00 2009:1.00 2010:1.00 2011:1.00 2012:1.00 2013:1.00 2014:1.00 2015:1.00 2016:1.00 2017:1.00 2018:1.00 2019:1.00 2020:1.00 2021:1.00 2022:1.00 2023:1.00 2024:1.00 2025:1.00
stats_team_week,def_tackles_for_loss_yards,healthy,2025,1.0,,,1999:1.00 2000:1.00 2001:1.00 2002:1.00 2003:1.00 2004:1.00 2005:1.00 2006:1.00 2007:1.00 2008:1.00 2009:1.00 2010:1.00 2011:1.00 2012:1.00 2013:1.00 2014:1.00 2015:1.00 2016:1.00 2017:1.00 2018:1.00 2019:1.00 2020:1.00 2021:1.00 2022:1.00 2023:1.00 2024:1.00 2025:1.00
stats_team_week,def_fumbles_forced,healthy,2025,1.0,,,1999:1.00 2000:1.00 2001:1.00 2002:1.00 2003:1.00 2004:1.00 2005:1.00 2006:1.00 2007:1.00 2008:1.00 2009:1.00 2010:1.00 2011:1.00 2012:1.00 2013:1.00 2014:1.00 2015:1.00 2016:1.00 2017:1.00 2018:1.00 2019:1.00 2020:1.00 2021:1.00 2022:1.00 2023:1.00 2024:1.00 2025:1.00
stats_team_week,def_sacks,healthy,2025,1.0,,,1999:1.00 2000:1.00 2001:1.00 2002:1.00 2003:1.00 2004:1.00 2005:1.00 2006:1.00 2007:1.00 2008:1.00 2009:1.00 2010:1.00 2011:1.00 2012:1.00 2013:1.00 2014:1.00 2015:1.00 2016:1.00 2017:1.00 2018:1.00 2019:1.00 2020:1.00 2021:1.00 2022:1.00 2023:1.00 2024:1.00 2025:1.00
stats_team_week,def_sack_yards,healthy,2025,1.0,,,1999:1.00 2000:1.00 2001:1.00 2002:1.00 2003:1.00 2004:1.00 2005:1.00 2006:1.00 2007:1.00 2008:1.00 2009:1.00 2010:1.00 2011:1.00 2012:1.00 2013:1.00 2014:1.00 2015:1.00 2016:1.00 2017:1.00 2018:1.00 2019:1.00 2020:1.00 2021:1.00 2022:1.00 2023:1.00 2024:1.00 2025:1.00
stats_team_week,def_qb_hits,healthy,2025,1.0,,,1999:1.00 2000:1.00 2001:1.00 2002:1.00 2003:1.00 2004:1.00 2005:1.00 2006:1.00 2007:1.00 2008:1.00 2009:1.00 2010:1.00 2011:1.00 2012:1.00 2013:1.00 2014:1.00 2015:1.00 2016:1.00 2017:1.00 2018:1.00 2019:1.00 2020:1.00 2021:1.00 2022:1.00 2023:1.00 2024:1.00 2025:1.00
stats_team_week,def_interceptions,healthy,2025,1.0,,,1999:1.00 2000:1.00 2001:1.00 2002:1.00 2003:1.00 2004:1.00 2005:1.00 2006:1.00 2007:1.00 2008:1.00 2009:1.00 2010:1.00 2011:1.00 2012:1.00 2013:1.00 2014:1.00 2015:1.00 2016:1.00 2017:1.00 2018:1.00 2019:1.00 2020:1.00 2021:1.00 2022:1.00 2023:1.00 2024:1.00 2025:1.00
stats_team_week,def_interception_yards,healthy,2025,1.0,,,1999:1.00 2000:1.00 2001:1.00 2002:1.00 2003:1.00 2004:1.00 2005:1.00 2006:1.00 2007:1.00 2008:1.00 2009:1.00 2010:1.00 2011:1.00 2012:1.00 2013:1.00 2014:1.00 2015:1.00 2016:1.00 2017:1.00 2018:1.00 2019:1.00 2020:1.00 2021:1.00 2022:1.00 2023:1.00 2024:1.00 2025:1.00
stats_team_week,def_pass_defended,healthy,2025,1.0,,,1999:1.00 2000:1.00 2001:1.00 2002:1.00 2003:1.00 2004:1.00 2005:1.00 2006:1.00 2007:1.00 2008:1.00 2009:1.00 2010:1.00 2011:1.00 2012:1.00 2013:1.00 2014:1.00 2015:1.00 2016:1.00 2017:1.00 2018:1.00 2019:1.00 2020:1.00 2021:1.00 2022:1.00 2023:1.00 2024:1.00 2025:1.00
stats_team_week,def_tds,healthy,2025,1.0,,,1999:1.00 2000:1.00 2001:1.00 2002:1.00 2003:1.00 2004:1.00 2005:1.00 2006:1.00 2007:1.00 2008:1.00 2009:1.00 2010:1.00 2011:1.00 2012:1.00 2013:1.00 2014:1.00 2015:1.00 2016:1.00 2017:1.00 2018:1.00 2019:1.00 2020:1.00 2021:1.00 2022:1.00 2023:1.00 2024:1.00 2025:1.00
stats_team_week,def_fumbles,healthy,2025,1.0,,,1999:1.00 2000:1.00 2001:1.00 2002:1.00 2003:1.00 2004:1.00 2005:1.00 2006:1.00 2007:1.00 2008:1.00 2009:1.00 2010:1.00 2011:1.00 2012:1.00 2013:1.00 2014:1.00 2015:1.00 2016:1.00 2017:1.00 2018:1.00 2019:1.00 2020:1.00 2021:1.00 2022:1.00 2023:1.00 2024:1.00 2025:1.00
stats_team_week,def_safeties,healthy,2025,1.0,,,1999:1.00 2000:1.00 2001:1.00 2002:1.00 2003:1.00 2004:1.00 2005:1.00 2006:1.00 2007:1.00 2008:1.00 2009:1.00 2010:1.00 2011:1.00 2012:1.00 2013:1.00 2014:1.00 2015:1.00 2016:1.00 2017:1.00 2018:1.00 2019:1.00 2020:1.00 2021:1.00 2022:1.00 2023:1.00 2024:1.00 2025:1.00
stats_team_week,misc_yards,healthy,2025,1.0,,,1999:1.00 2000:1.00 2001:1.00 2002:1.00 2003:1.00 2004:1.00 2005:1.00 2006:1.00 2007:1.00 2008:1.00 2009:1.00 2010:1.00 2011:1.00 2012:1.00 2013:1.00 2014:1.00 2015:1.00 2016:1.00 2017:1.00 2018:1.00 2019:1.00 2020:1.00 2021:1.00 2022:1.00 2023:1.00 2024:1.00 2025:1.00
stats_team_week,fumble_recovery_own,healthy,2025,1.0,,,1999:1.00 2000:1.00 2001:1.00 2002:1.00 2003:1.00 2004:1.00 2005:1.00 2006:1.00 2007:1.00 2008:1.00 2009:1.00 2010:1.00 2011:1.00 2012:1.00 2013:1.00 2014:1.00 2015:1.00 2016:1.00 2017:1.00 2018:1.00 2019:1.00 2020:1.00 2021:1.00 2022:1.00 2023:1.00 2024:1.00 2025:1.00
stats_team_week,fumble_recovery_yards_own,healthy,2025,1.0,,,1999:1.00 2000:1.00 2001:1.00 2002:1.00 2003:1.00 2004:1.00 2005:1.00 2006:1.00 2007:1.00 2008:1.00 2009:1.00 2010:1.00 2011:1.00 2012:1.00 2013:1.00 2014:1.00 2015:1.00 2016:1.00 2017:1.00 2018:1.00 2019:1.00 2020:1.00 2021:1.00 2022:1.00 2023:1.00 2024:1.00 2025:1.00
stats_team_week,fumble_recovery_opp,healthy,2025,1.0,,,1999:1.00 2000:1.00 2001:1.00 2002:1.00 2003:1.00 2004:1.00 2005:1.00 2006:1.00 2007:1.00 2008:1.00 2009:1.00 2010:1.00 2011:1.00 2012:1.00 2013:1.00 2014:1.00 2015:1.00 2016:1.00 2017:1.00 2018:1.00 2019:1.00 2020:1.00 2021:1.00 2022:1.00 2023:1.00 2024:1.00 2025:1.00
stats_team_week,fumble_recovery_yards_opp,healthy,2025,1.0,,,1999:1.00 2000:1.00 2001:1.00 2002:1.00 2003:1.00 2004:1.00 2005:1.00 2006:1.00 2007:1.00 2008:1.00 2009:1.00 2010:1.00 2011:1.00 2012:1.00 2013:1.00 2014:1.00 2015:1.00 2016:1.00 2017:1.00 2018:1.00 2019:1.00 2020:1.00 2021:1.00 2022:1.00 2023:1.00 2024:1.00 2025:1.00
stats_team_week,fumble_recovery_tds,healthy,2025,1.0,,,1999:1.00 2000:1.00 2001:1.00 2002:1.00 2003:1.00 2004:1.00 2005:1.00 2006:1.00 2007:1.00 2008:1.00 2009:1.00 2010:1.00 2011:1.00 2012:1.00 2013:1.00 2014:1.00 2015:1.00 2016:1.00 2017:1.00 2018:1.00 2019:1.00 2020:1.00 2021:1.00 2022:1.00 2023:1.00 2024:1.00 2025:1.00
stats_team_week,penalties,healthy,2025,1.0,,,1999:1.00 2000:1.00 2001:1.00 2002:1.00 2003:1.00 2004:1.00 2005:1.00 2006:1.00 2007:1.00 2008:1.00 2009:1.00 2010:1.00 2011:1.00 2012:1.00 2013:1.00 2014:1.00 2015:1.00 2016:1.00 2017:1.00 2018:1.00 2019:1.00 2020:1.00 2021:1.00 2022:1.00 2023:1.00 2024:1.00 2025:1.00
stats_team_week,penalty_yards,healthy,2025,1.0,,,1999:1.00 2000:1.00 2001:1.00 2002:1.00 2003:1.00 2004:1.00 2005:1.00 2006:1.00 2007:1.00 2008:1.00 2009:1.00 2010:1.00 2011:1.00 2012:1.00 2013:1.00 2014:1.00 2015:1.00 2016:1.00 2017:1.00 2018:1.00 2019:1.00 2020:1.00 2021:1.00 2022:1.00 2023:1.00 2024:1.00 2025:1.00
stats_team_week,timeouts,healthy,2025,1.0,,,1999:1.00 2000:1.00 2001:1.00 2002:1.00 2003:1.00 2004:1.00 2005:1.00 2006:1.00 2007:1.00 2008:1.00 2009:1.00 2010:1.00 2011:1.00 2012:1.00 2013:1.00 2014:1.00 2015:1.00 2016:1.00 2017:1.00 2018:1.00 2019:1.00 2020:1.00 2021:1.00 2022:1.00 2023:1.00 2024:1.00 2025:1.00
stats_team_week,fumbles_forced_by_opp,healthy,2025,1.0,,,1999:1.00 2000:1.00 2001:1.00 2002:1.00 2003:1.00 2004:1.00 2005:1.00 2006:1.00 2007:1.00 2008:1.00 2009:1.00 2010:1.00 2011:1.00 2012:1.00 2013:1.00 2014:1.00 2015:1.00 2016:1.00 2017:1.00 2018:1.00 2019:1.00 2020:1.00 2021:1.00 2022:1.00 2023:1.00 2024:1.00 2025:1.00
stats_team_week,fumbles_not_forced,healthy,2025,1.0,,,1999:1.00 2000:1.00 2001:1.00 2002:1.00 2003:1.00 2004:1.00 2005:1.00 2006:1.00 2007:1.00 2008:1.00 2009:1.00 2010:1.00 2011:1.00 2012:1.00 2013:1.00 2014:1.00 2015:1.00 2016:1.00 2017:1.00 2018:1.00 2019:1.00 2020:1.00 2021:1.00 2022:1.00 2023:1.00 2024:1.00 2025:1.00
stats_team_week,fumbles_out_of_bounds,healthy,2025,1.0,,,1999:1.00 2000:1.00 2001:1.00 2002:1.00 2003:1.00 2004:1.00 2005:1.00 2006:1.00 2007:1.00 2008:1.00 2009:1.00 2010:1.00 2011:1.00 2012:1.00 2013:1.00 2014:1.00 2015:1.00 2016:1.00 2017:1.00 2018:1.00 2019:1.00 2020:1.00 2021:1.00 2022:1.00 2023:1.00 2024:1.00 2025:1.00
stats_team_week,fumbles_total,healthy,2025,1.0,,,1999:1.00 2000:1.00 2001:1.00 2002:1.00 2003:1.00 2004:1.00 2005:1.00 2006:1.00 2007:1.00 2008:1.00 2009:1.00 2010:1.00 2011:1.00 2012:1.00 2013:1.00 2014:1.00 2015:1.00 2016:1.00 2017:1.00 2018:1.00 2019:1.00 2020:1.00 2021:1.00 2022:1.00 2023:1.00 2024:1.00 2025:1.00
stats_team_week,fumbles_lost_total,healthy,2025,1.0,,,1999:1.00 2000:1.00 2001:1.00 2002:1.00 2003:1.00 2004:1.00 2005:1.00 2006:1.00 2007:1.00 2008:1.00 2009:1.00 2010:1.00 2011:1.00 2012:1.00 2013:1.00 2014:1.00 2015:1.00 2016:1.00 2017:1.00 2018:1.00 2019:1.00 2020:1.00 2021:1.00 2022:1.00 2023:1.00 2024:1.00 2025:1.00
stats_team_week,punt_returns,healthy,2025,1.0,,,1999:1.00 2000:1.00 2001:1.00 2002:1.00 2003:1.00 2004:1.00 2005:1.00 2006:1.00 2007:1.00 2008:1.00 2009:1.00 2010:1.00 2011:1.00 2012:1.00 2013:1.00 2014:1.00 2015:1.00 2016:1.00 2017:1.00 2018:1.00 2019:1.00 2020:1.00 2021:1.00 2022:1.00 2023:1.00 2024:1.00 2025:1.00
stats_team_week,punt_return_yards,healthy,2025,1.0,,,1999:1.00 2000:1.00 2001:1.00 2002:1.00 2003:1.00 2004:1.00 2005:1.00 2006:1.00 2007:1.00 2008:1.00 2009:1.00 2010:1.00 2011:1.00 2012:1.00 2013:1.00 2014:1.00 2015:1.00 2016:1.00 2017:1.00 2018:1.00 2019:1.00 2020:1.00 2021:1.00 2022:1.00 2023:1.00 2024:1.00 2025:1.00
stats_team_week,kickoff_returns,healthy,2025,1.0,,,1999:1.00 2000:1.00 2001:1.00 2002:1.00 2003:1.00 2004:1.00 2005:1.00 2006:1.00 2007:1.00 2008:1.00 2009:1.00 2010:1.00 2011:1.00 2012:1.00 2013:1.00 2014:1.00 2015:1.00 2016:1.00 2017:1.00 2018:1.00 2019:1.00 2020:1.00 2021:1.00 2022:1.00 2023:1.00 2024:1.00 2025:1.00
stats_team_week,kickoff_return_yards,healthy,2025,1.0,,,1999:1.00 2000:1.00 2001:1.00 2002:1.00 2003:1.00 2004:1.00 2005:1.00 2006:1.00 2007:1.00 2008:1.00 2009:1.00 2010:1.00 2011:1.00 2012:1.00 2013:1.00 2014:1.00 2015:1.00 2016:1.00 2017:1.00 2018:1.00 2019:1.00 2020:1.00 2021:1.00 2022:1.00 2023:1.00 2024:1.00 2025:1.00
stats_team_week,fg_made,healthy,2025,1.0,,,1999:1.00 2000:1.00 2001:1.00 2002:1.00 2003:1.00 2004:1.00 2005:1.00 2006:1.00 2007:1.00 2008:1.00 2009:1.00 2010:1.00 2011:1.00 2012:1.00 2013:1.00 2014:1.00 2015:1.00 2016:1.00 2017:1.00 2018:1.00 2019:1.00 2020:1.00 2021:1.00 2022:1.00 2023:1.00 2024:1.00 2025:1.00
stats_team_week,fg_att,healthy,2025,1.0,,,1999:1.00 2000:1.00 2001:1.00 2002:1.00 2003:1.00 2004:1.00 2005:1.00 2006:1.00 2007:1.00 2008:1.00 2009:1.00 2010:1.00 2011:1.00 2012:1.00 2013:1.00 2014:1.00 2015:1.00 2016:1.00 2017:1.00 2018:1.00 2019:1.00 2020:1.00 2021:1.00 2022:1.00 2023:1.00 2024:1.00 2025:1.00
stats_team_week,fg_missed,healthy,2025,1.0,,,1999:1.00 2000:1.00 2001:1.00 2002:1.00 2003:1.00 2004:1.00 2005:1.00 2006:1.00 2007:1.00 2008:1.00 2009:1.00 2010:1.00 2011:1.00 2012:1.00 2013:1.00 2014:1.00 2015:1.00 2016:1.00 2017:1.00 2018:1.00 2019:1.00 2020:1.00 2021:1.00 2022:1.00 2023:1.00 2024:1.00 2025:1.00
stats_team_week,fg_blocked,healthy,2025,1.0,,,1999:1.00 2000:1.00 2001:1.00 2002:1.00 2003:1.00 2004:1.00 2005:1.00 2006:1.00 2007:1.00 2008:1.00 2009:1.00 2010:1.00 2011:1.00 2012:1.00 2013:1.00 2014:1.00 2015:1.00 2016:1.00 2017:1.00 2018:1.00 2019:1.00 2020:1.00 2021:1.00 2022:1.00 2023:1.00 2024:1.00 2025:1.00
stats_team_week,fg_long,healthy,2025,0.835,,,1999:0.79 2000:0.77 2001:0.79 2002:0.77 2003:0.78 2004:0.76 2005:0.80 2006:0.79 2007:0.78 2008:0.83 2009:0.80 2010:0.80 2011:0.84 2012:0.81 2013:0.83 2014:0.80 2015:0.81 2016:0.83 2017:0.82 2018:0.81 2019:0.82 2020:0.82 2021:0.81 2022:0.85 2023:0.83 2024:0.83 2025:0.84
stats_team_week,fg_pct,healthy,2025,0.882,,,1999:0.86 2000:0.85 2001:0.88 2002:0.86 2003:0.85 2004:0.84 2005:0.86 2006:0.85 2007:0.85 2008:0.88 2009:0.86 2010:0.86 2011:0.89 2012:0.87 2013:0.88 2014:0.86 2015:0.85 2016:0.88 2017:0.88 2018:0.88 2019:0.88 2020:0.88 2021:0.87 2022:0.89 2023:0.87 2024:0.89 2025:0.88
stats_team_week,fg_made_0_19,healthy,2025,1.0,,,1999:1.00 2000:1.00 2001:1.00 2002:1.00 2003:1.00 2004:1.00 2005:1.00 2006:1.00 2007:1.00 2008:1.00 2009:1.00 2010:1.00 2011:1.00 2012:1.00 2013:1.00 2014:1.00 2015:1.00 2016:1.00 2017:1.00 2018:1.00 2019:1.00 2020:1.00 2021:1.00 2022:1.00 2023:1.00 2024:1.00 2025:1.00
stats_team_week,fg_made_20_29,healthy,2025,1.0,,,1999:1.00 2000:1.00 2001:1.00 2002:1.00 2003:1.00 2004:1.00 2005:1.00 2006:1.00 2007:1.00 2008:1.00 2009:1.00 2010:1.00 2011:1.00 2012:1.00 2013:1.00 2014:1.00 2015:1.00 2016:1.00 2017:1.00 2018:1.00 2019:1.00 2020:1.00 2021:1.00 2022:1.00 2023:1.00 2024:1.00 2025:1.00
stats_team_week,fg_made_30_39,healthy,2025,1.0,,,1999:1.00 2000:1.00 2001:1.00 2002:1.00 2003:1.00 2004:1.00 2005:1.00 2006:1.00 2007:1.00 2008:1.00 2009:1.00 2010:1.00 2011:1.00 2012:1.00 2013:1.00 2014:1.00 2015:1.00 2016:1.00 2017:1.00 2018:1.00 2019:1.00 2020:1.00 2021:1.00 2022:1.00 2023:1.00 2024:1.00 2025:1.00
stats_team_week,fg_made_40_49,healthy,2025,1.0,,,1999:1.00 2000:1.00 2001:1.00 2002:1.00 2003:1.00 2004:1.00 2005:1.00 2006:1.00 2007:1.00 2008:1.00 2009:1.00 2010:1.00 2011:1.00 2012:1.00 2013:1.00 2014:1.00 2015:1.00 2016:1.00 2017:1.00 2018:1.00 2019:1.00 2020:1.00 2021:1.00 2022:1.00 2023:1.00 2024:1.00 2025:1.00
stats_team_week,fg_made_50_59,healthy,2025,1.0,,,1999:1.00 2000:1.00 2001:1.00 2002:1.00 2003:1.00 2004:1.00 2005:1.00 2006:1.00 2007:1.00 2008:1.00 2009:1.00 2010:1.00 2011:1.00 2012:1.00 2013:1.00 2014:1.00 2015:1.00 2016:1.00 2017:1.00 2018:1.00 2019:1.00 2020:1.00 2021:1.00 2022:1.00 2023:1.00 2024:1.00 2025:1.00
stats_team_week,fg_made_60_,healthy,2025,1.0,,,1999:1.00 2000:1.00 2001:1.00 2002:1.00 2003:1.00 2004:1.00 2005:1.00 2006:1.00 2007:1.00 2008:1.00 2009:1.00 2010:1.00 2011:1.00 2012:1.00 2013:1.00 2014:1.00 2015:1.00 2016:1.00 2017:1.00 2018:1.00 2019:1.00 2020:1.00 2021:1.00 2022:1.00 2023:1.00 2024:1.00 2025:1.00
stats_team_week,fg_missed_0_19,healthy,2025,1.0,,,1999:1.00 2000:1.00 2001:1.00 2002:1.00 2003:1.00 2004:1.00 2005:1.00 2006:1.00 2007:1.00 2008:1.00 2009:1.00 2010:1.00 2011:1.00 2012:1.00 2013:1.00 2014:1.00 2015:1.00 2016:1.00 2017:1.00 2018:1.00 2019:1.00 2020:1.00 2021:1.00 2022:1.00 2023:1.00 2024:1.00 2025:1.00
stats_team_week,fg_missed_20_29,healthy,2025,1.0,,,1999:1.00 2000:1.00 2001:1.00 2002:1.00 2003:1.00 2004:1.00 2005:1.00 2006:1.00 2007:1.00 2008:1.00 2009:1.00 2010:1.00 2011:1.00 2012:1.00 2013:1.00 2014:1.00 2015:1.00 2016:1.00 2017:1.00 2018:1.00 2019:1.00 2020:1.00 2021:1.00 2022:1.00 2023:1.00 2024:1.00 2025:1.00
stats_team_week,fg_missed_30_39,healthy,2025,1.0,,,1999:1.00 2000:1.00 2001:1.00 2002:1.00 2003:1.00 2004:1.00 2005:1.00 2006:1.00 2007:1.00 2008:1.00 2009:1.00 2010:1.00 2011:1.00 2012:1.00 2013:1.00 2014:1.00 2015:1.00 2016:1.00 2017:1.00 2018:1.00 2019:1.00 2020:1.00 2021:1.00 2022:1.00 2023:1.00 2024:1.00 2025:1.00
stats_team_week,fg_missed_40_49,healthy,2025,1.0,,,1999:1.00 2000:1.00 2001:1.00 2002:1.00 2003:1.00 2004:1.00 2005:1.00 2006:1.00 2007:1.00 2008:1.00 2009:1.00 2010:1.00 2011:1.00 2012:1.00 2013:1.00 2014:1.00 2015:1.00 2016:1.00 2017:1.00 2018:1.00 2019:1.00 2020:1.00 2021:1.00 2022:1.00 2023:1.00 2024:1.00 2025:1.00
stats_team_week,fg_missed_50_59,healthy,2025,1.0,,,1999:1.00 2000:1.00 2001:1.00 2002:1.00 2003:1.00 2004:1.00 2005:1.00 2006:1.00 2007:1.00 2008:1.00 2009:1.00 2010:1.00 2011:1.00 2012:1.00 2013:1.00 2014:1.00 2015:1.00 2016:1.00 2017:1.00 2018:1.00 2019:1.00 2020:1.00 2021:1.00 2022:1.00 2023:1.00 2024:1.00 2025:1.00
stats_team_week,fg_missed_60_,healthy,2025,1.0,,,1999:1.00 2000:1.00 2001:1.00 2002:1.00 2003:1.00 2004:1.00 2005:1.00 2006:1.00 2007:1.00 2008:1.00 2009:1.00 2010:1.00 2011:1.00 2012:1.00 2013:1.00 2014:1.00 2015:1.00 2016:1.00 2017:1.00 2018:1.00 2019:1.00 2020:1.00 2021:1.00 2022:1.00 2023:1.00 2024:1.00 2025:1.00
stats_team_week,fg_made_list,healthy,2025,0.835,,,1999:0.79 2000:0.77 2001:0.79 2002:0.77 2003:0.78 2004:0.76 2005:0.80 2006:0.79 2007:0.78 2008:0.83 2009:0.80 2010:0.80 2011:0.84 2012:0.81 2013:0.83 2014:0.80 2015:0.81 2016:0.83 2017:0.82 2018:0.81 2019:0.82 2020:0.82 2021:0.81 2022:0.85 2023:0.83 2024:0.83 2025:0.84
stats_team_week,fg_missed_list,healthy,2025,0.219,,,1999:0.31 2000:0.29 2001:0.34 2002:0.32 2003:0.29 2004:0.27 2005:0.27 2006:0.27 2007:0.25 2008:0.24 2009:0.28 2010:0.25 2011:0.25 2012:0.23 2013:0.20 2014:0.21 2015:0.22 2016:0.23 2017:0.24 2018:0.23 2019:0.27 2020:0.23 2021:0.23 2022:0.21 2023:0.22 2024:0.25 2025:0.22
stats_team_week,fg_blocked_list,healthy,2025,0.04,,,1999:0.05 2000:0.04 2001:0.04 2002:0.06 2003:0.04 2004:0.03 2005:0.04 2006:0.04 2007:0.03 2008:0.04 2009:0.04 2010:0.03 2011:0.05 2012:0.04 2013:0.03 2014:0.06 2015:0.04 2016:0.04 2017:0.04 2018:0.02 2019:0.03 2020:0.02 2021:0.03 2022:0.05 2023:0.03 2024:0.03 2025:0.04
stats_team_week,fg_made_distance,healthy,2025,1.0,,,1999:1.00 2000:1.00 2001:1.00 2002:1.00 2003:1.00 2004:1.00 2005:1.00 2006:1.00 2007:1.00 2008:1.00 2009:1.00 2010:1.00 2011:1.00 2012:1.00 2013:1.00 2014:1.00 2015:1.00 2016:1.00 2017:1.00 2018:1.00 2019:1.00 2020:1.00 2021:1.00 2022:1.00 2023:1.00 2024:1.00 2025:1.00
stats_team_week,fg_missed_distance,healthy,2025,1.0,,,1999:1.00 2000:1.00 2001:1.00 2002:1.00 2003:1.00 2004:1.00 2005:1.00 2006:1.00 2007:1.00 2008:1.00 2009:1.00 2010:1.00 2011:1.00 2012:1.00 2013:1.00 2014:1.00 2015:1.00 2016:1.00 2017:1.00 2018:1.00 2019:1.00 2020:1.00 2021:1.00 2022:1.00 2023:1.00 2024:1.00 2025:1.00
stats_team_week,fg_blocked_distance,healthy,2025,1.0,,,1999:1.00 2000:1.00 2001:1.00 2002:1.00 2003:1.00 2004:1.00 2005:1.00 2006:1.00 2007:1.00 2008:1.00 2009:1.00 2010:1.00 2011:1.00 2012:1.00 2013:1.00 2014:1.00 2015:1.00 2016:1.00 2017:1.00 2018:1.00 2019:1.00 2020:1.00 2021:1.00 2022:1.00 2023:1.00 2024:1.00 2025:1.00
stats_team_week,pat_made,healthy,2025,1.0,,,1999:1.00 2000:1.00 2001:1.00 2002:1.00 2003:1.00 2004:1.00 2005:1.00 2006:1.00 2007:1.00 2008:1.00 2009:1.00 2010:1.00 2011:1.00 2012:1.00 2013:1.00 2014:1.00 2015:1.00 2016:1.00 2017:1.00 2018:1.00 2019:1.00 2020:1.00 2021:1.00 2022:1.00 2023:1.00 2024:1.00 2025:1.00
stats_team_week,pat_att,healthy,2025,1.0,,,1999:1.00 2000:1.00 2001:1.00 2002:1.00 2003:1.00 2004:1.00 2005:1.00 2006:1.00 2007:1.00 2008:1.00 2009:1.00 2010:1.00 2011:1.00 2012:1.00 2013:1.00 2014:1.00 2015:1.00 2016:1.00 2017:1.00 2018:1.00 2019:1.00 2020:1.00 2021:1.00 2022:1.00 2023:1.00 2024:1.00 2025:1.00
stats_team_week,pat_missed,healthy,2025,1.0,,,1999:1.00 2000:1.00 2001:1.00 2002:1.00 2003:1.00 2004:1.00 2005:1.00 2006:1.00 2007:1.00 2008:1.00 2009:1.00 2010:1.00 2011:1.00 2012:1.00 2013:1.00 2014:1.00 2015:1.00 2016:1.00 2017:1.00 2018:1.00 2019:1.00 2020:1.00 2021:1.00 2022:1.00 2023:1.00 2024:1.00 2025:1.00
stats_team_week,pat_blocked,healthy,2025,1.0,,,1999:1.00 2000:1.00 2001:1.00 2002:1.00 2003:1.00 2004:1.00 2005:1.00 2006:1.00 2007:1.00 2008:1.00 2009:1.00 2010:1.00 2011:1.00 2012:1.00 2013:1.00 2014:1.00 2015:1.00 2016:1.00 2017:1.00 2018:1.00 2019:1.00 2020:1.00 2021:1.00 2022:1.00 2023:1.00 2024:1.00 2025:1.00
stats_team_week,pat_pct,healthy,2025,0.909,,,1999:0.88 2000:0.86 2001:0.88 2002:0.90 2003:0.90 2004:0.91 2005:0.90 2006:0.89 2007:0.91 2008:0.91 2009:0.89 2010:0.92 2011:0.93 2012:0.91 2013:0.92 2014:0.93 2015:0.92 2016:0.93 2017:0.91 2018:0.89 2019:0.89 2020:0.93 2021:0.89 2022:0.92 2023:0.87 2024:0.91 2025:0.91
stats_team_week,gwfg_made,healthy,2025,1.0,,,1999:1.00 2000:1.00 2001:1.00 2002:1.00 2003:1.00 2004:1.00 2005:1.00 2006:1.00 2007:1.00 2008:1.00 2009:1.00 2010:1.00 2011:1.00 2012:1.00 2013:1.00 2014:1.00 2015:1.00 2016:1.00 2017:1.00 2018:1.00 2019:1.00 2020:1.00 2021:1.00 2022:1.00 2023:1.00 2024:1.00 2025:1.00
stats_team_week,gwfg_att,healthy,2025,1.0,,,1999:1.00 2000:1.00 2001:1.00 2002:1.00 2003:1.00 2004:1.00 2005:1.00 2006:1.00 2007:1.00 2008:1.00 2009:1.00 2010:1.00 2011:1.00 2012:1.00 2013:1.00 2014:1.00 2015:1.00 2016:1.00 2017:1.00 2018:1.00 2019:1.00 2020:1.00 2021:1.00 2022:1.00 2023:1.00 2024:1.00 2025:1.00
stats_team_week,gwfg_missed,healthy,2025,1.0,,,1999:1.00 2000:1.00 2001:1.00 2002:1.00 2003:1.00 2004:1.00 2005:1.00 2006:1.00 2007:1.00 2008:1.00 2009:1.00 2010:1.00 2011:1.00 2012:1.00 2013:1.00 2014:1.00 2015:1.00 2016:1.00 2017:1.00 2018:1.00 2019:1.00 2020:1.00 2021:1.00 2022:1.00 2023:1.00 2024:1.00 2025:1.00
stats_team_week,gwfg_blocked,healthy,2025,1.0,,,1999:1.00 2000:1.00 2001:1.00 2002:1.00 2003:1.00 2004:1.00 2005:1.00 2006:1.00 2007:1.00 2008:1.00 2009:1.00 2010:1.00 2011:1.00 2012:1.00 2013:1.00 2014:1.00 2015:1.00 2016:1.00 2017:1.00 2018:1.00 2019:1.00 2020:1.00 2021:1.00 2022:1.00 2023:1.00 2024:1.00 2025:1.00
stats_team_week,gwfg_distance,healthy,2025,1.0,,,1999:1.00 2000:1.00 2001:1.00 2002:1.00 2003:1.00 2004:1.00 2005:1.00 2006:1.00 2007:1.00 2008:1.00 2009:1.00 2010:1.00 2011:1.00 2012:1.00 2013:1.00 2014:1.00 2015:1.00 2016:1.00 2017:1.00 2018:1.00 2019:1.00 2020:1.00 2021:1.00 2022:1.00 2023:1.00 2024:1.00 2025:1.00
stats_team_week,pt_att,healthy,2025,1.0,,,1999:1.00 2000:1.00 2001:1.00 2002:1.00 2003:1.00 2004:1.00 2005:1.00 2006:1.00 2007:1.00 2008:1.00 2009:1.00 2010:1.00 2011:1.00 2012:1.00 2013:1.00 2014:1.00 2015:1.00 2016:1.00 2017:1.00 2018:1.00 2019:1.00 2020:1.00 2021:1.00 2022:1.00 2023:1.00 2024:1.00 2025:1.00
stats_team_week,pt_blocked,healthy,2025,1.0,,,1999:1.00 2000:1.00 2001:1.00 2002:1.00 2003:1.00 2004:1.00 2005:1.00 2006:1.00 2007:1.00 2008:1.00 2009:1.00 2010:1.00 2011:1.00 2012:1.00 2013:1.00 2014:1.00 2015:1.00 2016:1.00 2017:1.00 2018:1.00 2019:1.00 2020:1.00 2021:1.00 2022:1.00 2023:1.00 2024:1.00 2025:1.00
stats_team_week,pt_long,healthy,2025,0.972,,,1999:0.99 2000:0.99 2001:1.00 2002:1.00 2003:0.99 2004:0.99 2005:1.00 2006:1.00 2007:0.99 2008:0.99 2009:1.00 2010:0.99 2011:0.99 2012:1.00 2013:0.99 2014:0.99 2015:1.00 2016:1.00 2017:0.99 2018:0.99 2019:0.99 2020:0.98 2021:0.98 2022:0.99 2023:0.99 2024:0.98 2025:0.97
stats_team_week,pt_yards,healthy,2025,1.0,,,1999:1.00 2000:1.00 2001:1.00 2002:1.00 2003:1.00 2004:1.00 2005:1.00 2006:1.00 2007:1.00 2008:1.00 2009:1.00 2010:1.00 2011:1.00 2012:1.00 2013:1.00 2014:1.00 2015:1.00 2016:1.00 2017:1.00 2018:1.00 2019:1.00 2020:1.00 2021:1.00 2022:1.00 2023:1.00 2024:1.00 2025:1.00
stats_team_week,pt_inside_20,healthy,2025,1.0,,,1999:1.00 2000:1.00 2001:1.00 2002:1.00 2003:1.00 2004:1.00 2005:1.00 2006:1.00 2007:1.00 2008:1.00 2009:1.00 2010:1.00 2011:1.00 2012:1.00 2013:1.00 2014:1.00 2015:1.00 2016:1.00 2017:1.00 2018:1.00 2019:1.00 2020:1.00 2021:1.00 2022:1.00 2023:1.00 2024:1.00 2025:1.00
stats_team_week,pt_out_of_bounds,healthy,2025,1.0,,,1999:1.00 2000:1.00 2001:1.00 2002:1.00 2003:1.00 2004:1.00 2005:1.00 2006:1.00 2007:1.00 2008:1.00 2009:1.00 2010:1.00 2011:1.00 2012:1.00 2013:1.00 2014:1.00 2015:1.00 2016:1.00 2017:1.00 2018:1.00 2019:1.00 2020:1.00 2021:1.00 2022:1.00 2023:1.00 2024:1.00 2025:1.00
stats_team_week,pt_downed,healthy,2025,1.0,,,1999:1.00 2000:1.00 2001:1.00 2002:1.00 2003:1.00 2004:1.00 2005:1.00 2006:1.00 2007:1.00 2008:1.00 2009:1.00 2010:1.00 2011:1.00 2012:1.00 2013:1.00 2014:1.00 2015:1.00 2016:1.00 2017:1.00 2018:1.00 2019:1.00 2020:1.00 2021:1.00 2022:1.00 2023:1.00 2024:1.00 2025:1.00
stats_team_week,pt_touchback,healthy,2025,1.0,,,1999:1.00 2000:1.00 2001:1.00 2002:1.00 2003:1.00 2004:1.00 2005:1.00 2006:1.00 2007:1.00 2008:1.00 2009:1.00 2010:1.00 2011:1.00 2012:1.00 2013:1.00 2014:1.00 2015:1.00 2016:1.00 2017:1.00 2018:1.00 2019:1.00 2020:1.00 2021:1.00 2022:1.00 2023:1.00 2024:1.00 2025:1.00
stats_team_week,pt_fair_caught,healthy,2025,1.0,,,1999:1.00 2000:1.00 2001:1.00 2002:1.00 2003:1.00 2004:1.00 2005:1.00 2006:1.00 2007:1.00 2008:1.00 2009:1.00 2010:1.00 2011:1.00 2012:1.00 2013:1.00 2014:1.00 2015:1.00 2016:1.00 2017:1.00 2018:1.00 2019:1.00 2020:1.00 2021:1.00 2022:1.00 2023:1.00 2024:1.00 2025:1.00
stats_team_week,pt_returned,healthy,2025,1.0,,,1999:1.00 2000:1.00 2001:1.00 2002:1.00 2003:1.00 2004:1.00 2005:1.00 2006:1.00 2007:1.00 2008:1.00 2009:1.00 2010:1.00 2011:1.00 2012:1.00 2013:1.00 2014:1.00 2015:1.00 2016:1.00 2017:1.00 2018:1.00 2019:1.00 2020:1.00 2021:1.00 2022:1.00 2023:1.00 2024:1.00 2025:1.00
stats_team_week,pt_return_yards,healthy,2025,1.0,,,1999:1.00 2000:1.00 2001:1.00 2002:1.00 2003:1.00 2004:1.00 2005:1.00 2006:1.00 2007:1.00 2008:1.00 2009:1.00 2010:1.00 2011:1.00 2012:1.00 2013:1.00 2014:1.00 2015:1.00 2016:1.00 2017:1.00 2018:1.00 2019:1.00 2020:1.00 2021:1.00 2022:1.00 2023:1.00 2024:1.00 2025:1.00
stats_team_week,pt_return_tds,healthy,2025,1.0,,,1999:1.00 2000:1.00 2001:1.00 2002:1.00 2003:1.00 2004:1.00 2005:1.00 2006:1.00 2007:1.00 2008:1.00 2009:1.00 2010:1.00 2011:1.00 2012:1.00 2013:1.00 2014:1.00 2015:1.00 2016:1.00 2017:1.00 2018:1.00 2019:1.00 2020:1.00 2021:1.00 2022:1.00 2023:1.00 2024:1.00 2025:1.00
stats_team_week,pt_net_yards,healthy,2025,1.0,,,1999:1.00 2000:1.00 2001:1.00 2002:1.00 2003:1.00 2004:1.00 2005:1.00 2006:1.00 2007:1.00 2008:1.00 2009:1.00 2010:1.00 2011:1.00 2012:1.00 2013:1.00 2014:1.00 2015:1.00 2016:1.00 2017:1.00 2018:1.00 2019:1.00 2020:1.00 2021:1.00 2022:1.00 2023:1.00 2024:1.00 2025:1.00
weekly_rosters,team,healthy,2025,1.0,,1.0,2002:1.00 2003:1.00 2004:1.00 2005:1.00 2006:1.00 2007:1.00 2008:1.00 2009:1.00 2010:1.00 2011:1.00 2012:1.00 2013:1.00 2014:1.00 2015:1.00 2016:1.00 2017:1.00 2018:1.00 2019:1.00 2020:1.00 2021:1.00 2022:1.00 2023:1.00 2024:1.00 2025:1.00 2026:1.00
weekly_rosters,position,healthy,2025,1.0,,1.0,2002:1.00 2003:1.00 2004:1.00 2005:1.00 2006:1.00 2007:1.00 2008:1.00 2009:1.00 2010:1.00 2011:1.00 2012:1.00 2013:1.00 2014:1.00 2015:1.00 2016:1.00 2017:1.00 2018:1.00 2019:1.00 2020:1.00 2021:1.00 2022:1.00 2023:1.00 2024:1.00 2025:1.00 2026:1.00
weekly_rosters,depth_chart_position,healthy,2025,1.0,,1.0,2002:0.00 2003:0.00 2004:0.00 2005:0.00 2006:0.00 2007:0.00 2008:0.00 2009:0.00 2010:0.00 2011:0.00 2012:0.00 2013:0.00 2014:0.00 2015:0.00 2016:1.00 2017:1.00 2018:1.00 2019:1.00 2020:1.00 2021:1.00 2022:1.00 2023:1.00 2024:1.00 2025:1.00 2026:1.00
weekly_rosters,status,healthy,2025,1.0,,1.0,2002:1.00 2003:1.00 2004:1.00 2005:1.00 2006:1.00 2007:1.00 2008:1.00 2009:1.00 2010:1.00 2011:1.00 2012:1.00 2013:1.00 2014:1.00 2015:1.00 2016:1.00 2017:1.00 2018:1.00 2019:1.00 2020:1.00 2021:1.00 2022:1.00 2023:1.00 2024:1.00 2025:1.00 2026:1.00
weekly_rosters,full_name,healthy,2025,1.0,,1.0,2002:1.00 2003:1.00 2004:1.00 2005:1.00 2006:1.00 2007:1.00 2008:1.00 2009:1.00 2010:1.00 2011:1.00 2012:1.00 2013:1.00 2014:1.00 2015:1.00 2016:1.00 2017:1.00 2018:1.00 2019:1.00 2020:1.00 2021:1.00 2022:1.00 2023:1.00 2024:1.00 2025:1.00 2026:1.00
weekly_rosters,first_name,healthy,2025,1.0,,1.0,2002:1.00 2003:1.00 2004:1.00 2005:1.00 2006:1.00 2007:1.00 2008:1.00 2009:1.00 2010:1.00 2011:1.00 2012:1.00 2013:1.00 2014:1.00 2015:1.00 2016:1.00 2017:1.00 2018:1.00 2019:1.00 2020:1.00 2021:1.00 2022:1.00 2023:1.00 2024:1.00 2025:1.00 2026:1.00
weekly_rosters,last_name,healthy,2025,1.0,,1.0,2002:1.00 2003:1.00 2004:1.00 2005:1.00 2006:1.00 2007:1.00 2008:1.00 2009:1.00 2010:1.00 2011:1.00 2012:1.00 2013:1.00 2014:1.00 2015:1.00 2016:1.00 2017:1.00 2018:1.00 2019:1.00 2020:1.00 2021:1.00 2022:1.00 2023:1.00 2024:1.00 2025:1.00 2026:1.00
weekly_rosters,birth_date,healthy,2025,0.996,,0.983,2002:1.00 2003:1.00 2004:1.00 2005:1.00 2006:1.00 2007:1.00 2008:1.00 2009:1.00 2010:1.00 2011:1.00 2012:1.00 2013:1.00 2014:1.00 2015:1.00 2016:0.97 2017:0.85 2018:0.83 2019:0.86 2020:1.00 2021:1.00 2022:0.99 2023:0.99 2024:1.00 2025:1.00 2026:0.98
weekly_rosters,height,healthy,2025,0.996,,0.983,2002:1.00 2003:1.00 2004:1.00 2005:1.00 2006:1.00 2007:1.00 2008:1.00 2009:1.00 2010:1.00 2011:1.00 2012:1.00 2013:1.00 2014:1.00 2015:1.00 2016:1.00 2017:1.00 2018:1.00 2019:1.00 2020:1.00 2021:1.00 2022:1.00 2023:1.00 2024:1.00 2025:1.00 2026:0.98
weekly_rosters,weight,healthy,2025,1.0,,1.0,2002:1.00 2003:1.00 2004:1.00 2005:1.00 2006:1.00 2007:1.00 2008:1.00 2009:1.00 2010:1.00 2011:1.00 2012:1.00 2013:1.00 2014:1.00 2015:1.00 2016:1.00 2017:1.00 2018:1.00 2019:1.00 2020:1.00 2021:1.00 2022:1.00 2023:1.00 2024:1.00 2025:1.00 2026:1.00
weekly_rosters,college,healthy,2025,0.996,,0.983,2002:0.01 2003:0.02 2004:0.03 2005:0.06 2006:0.09 2007:0.12 2008:0.17 2009:0.23 2010:0.31 2011:0.40 2012:0.52 2013:0.66 2014:0.80 2015:0.93 2016:0.94 2017:1.00 2018:1.00 2019:1.00 2020:1.00 2021:1.00 2022:1.00 2023:1.00 2024:1.00 2025:1.00 2026:0.98
weekly_rosters,gsis_id,healthy,2025,1.0,,0.998,2002:1.00 2003:1.00 2004:1.00 2005:1.00 2006:1.00 2007:1.00 2008:1.00 2009:1.00 2010:1.00 2011:1.00 2012:1.00 2013:1.00 2014:1.00 2015:1.00 2016:1.00 2017:1.00 2018:1.00 2019:1.00 2020:1.00 2021:1.00 2022:1.00 2023:1.00 2024:1.00 2025:1.00 2026:1.00
weekly_rosters,espn_id,healthy,2025,0.753,,0.664,2002:0.02 2003:0.03 2004:0.04 2005:0.06 2006:0.09 2007:0.11 2008:0.15 2009:0.19 2010:0.25 2011:0.30 2012:0.38 2013:0.43 2014:0.50 2015:0.59 2016:0.62 2017:0.58 2018:0.67 2019:0.72 2020:0.79 2021:0.75 2022:0.65 2023:0.57 2024:0.70 2025:0.75 2026:0.66
weekly_rosters,sportradar_id,healthy,2025,0.729,,0.619,2002:0.02 2003:0.03 2004:0.04 2005:0.06 2006:0.08 2007:0.11 2008:0.14 2009:0.18 2010:0.24 2011:0.30 2012:0.38 2013:0.43 2014:0.50 2015:0.59 2016:0.62 2017:0.58 2018:0.67 2019:0.72 2020:0.79 2021:0.79 2022:0.70 2023:0.73 2024:0.70 2025:0.73 2026:0.62
weekly_rosters,yahoo_id,healthy,2025,0.532,,0.386,2002:0.01 2003:0.01 2004:0.02 2005:0.03 2006:0.05 2007:0.07 2008:0.09 2009:0.12 2010:0.16 2011:0.22 2012:0.30 2013:0.39 2014:0.49 2015:0.59 2016:0.62 2017:0.58 2018:0.67 2019:0.71 2020:0.79 2021:0.71 2022:0.57 2023:0.70 2024:0.62 2025:0.53 2026:0.39
weekly_rosters,rotowire_id,healthy,2025,0.753,,0.664,2002:0.02 2003:0.03 2004:0.04 2005:0.06 2006:0.09 2007:0.11 2008:0.15 2009:0.19 2010:0.25 2011:0.30 2012:0.38 2013:0.43 2014:0.50 2015:0.59 2016:0.62 2017:0.58 2018:0.67 2019:0.72 2020:0.79 2021:0.79 2022:0.70 2023:0.73 2024:0.70 2025:0.75 2026:0.66
weekly_rosters,pff_id,healthy,2025,0.753,,0.58,2002:0.02 2003:0.04 2004:0.04 2005:0.06 2006:0.09 2007:0.11 2008:0.15 2009:0.19 2010:0.25 2011:0.30 2012:0.37 2013:0.42 2014:0.50 2015:0.59 2016:0.62 2017:0.57 2018:0.66 2019:0.70 2020:0.76 2021:0.75 2022:0.61 2023:0.49 2024:0.39 2025:0.75 2026:0.58
weekly_rosters,pfr_id,healthy,2025,0.749,,0.655,2002:0.02 2003:0.03 2004:0.04 2005:0.05 2006:0.07 2007:0.09 2008:0.12 2009:0.15 2010:0.20 2011:0.24 2012:0.29 2013:0.33 2014:0.37 2015:0.43 2016:0.45 2017:0.40 2018:0.44 2019:0.47 2020:0.54 2021:0.55 2022:0.47 2023:0.64 2024:0.61 2025:0.75 2026:0.65
weekly_rosters,fantasy_data_id,healthy,2025,0.725,,0.619,2002:0.01 2003:0.02 2004:0.02 2005:0.04 2006:0.06 2007:0.07 2008:0.10 2009:0.13 2010:0.18 2011:0.24 2012:0.32 2013:0.41 2014:0.50 2015:0.59 2016:0.62 2017:0.58 2018:0.67 2019:0.72 2020:0.79 2021:0.67 2022:0.53 2023:0.42 2024:0.33 2025:0.73 2026:0.62
weekly_rosters,sleeper_id,healthy,2025,0.729,,0.619,2002:0.01 2003:0.02 2004:0.02 2005:0.04 2006:0.06 2007:0.07 2008:0.10 2009:0.13 2010:0.18 2011:0.24 2012:0.32 2013:0.41 2014:0.50 2015:0.59 2016:0.62 2017:0.58 2018:0.67 2019:0.72 2020:0.79 2021:0.79 2022:0.70 2023:0.73 2024:0.70 2025:0.73 2026:0.62
weekly_rosters,years_exp,healthy,2025,1.0,,1.0,2002:1.00 2003:1.00 2004:1.00 2005:1.00 2006:1.00 2007:1.00 2008:1.00 2009:1.00 2010:1.00 2011:1.00 2012:1.00 2013:1.00 2014:1.00 2015:1.00 2016:0.93 2017:1.00 2018:1.00 2019:1.00 2020:1.00 2021:1.00 2022:1.00 2023:1.00 2024:1.00 2025:1.00 2026:1.00
weekly_rosters,headshot_url,healthy,2025,0.988,,0.95,2002:1.00 2003:1.00 2004:1.00 2005:1.00 2006:1.00 2007:1.00 2008:1.00 2009:1.00 2010:1.00 2011:1.00 2012:1.00 2013:1.00 2014:1.00 2015:1.00 2016:0.94 2017:1.00 2018:1.00 2019:1.00 2020:0.93 2021:0.96 2022:0.97 2023:0.96 2024:0.99 2025:0.99 2026:0.95
weekly_rosters,ngs_position,healthy,2025,0.46,,0.0,2002:0.00 2003:0.00 2004:0.00 2005:0.00 2006:0.00 2007:0.00 2008:0.00 2009:0.00 2010:0.00 2011:0.00 2012:0.00 2013:0.00 2014:0.00 2015:0.00 2016:0.56 2017:0.39 2018:0.38 2019:0.38 2020:0.46 2021:0.46 2022:0.46 2023:0.47 2024:0.46 2025:0.46 2026:0.00
weekly_rosters,week,healthy,2025,1.0,,1.0,2002:1.00 2003:1.00 2004:1.00 2005:1.00 2006:1.00 2007:1.00 2008:1.00 2009:1.00 2010:1.00 2011:1.00 2012:1.00 2013:1.00 2014:1.00 2015:1.00 2016:1.00 2017:1.00 2018:1.00 2019:1.00 2020:1.00 2021:1.00 2022:1.00 2023:1.00 2024:1.00 2025:1.00 2026:1.00
weekly_rosters,game_type,healthy,2025,1.0,,1.0,2002:1.00 2003:1.00 2004:1.00 2005:1.00 2006:1.00 2007:1.00 2008:1.00 2009:1.00 2010:1.00 2011:1.00 2012:1.00 2013:1.00 2014:1.00 2015:1.00 2016:1.00 2017:1.00 2018:1.00 2019:1.00 2020:1.00 2021:1.00 2022:1.00 2023:1.00 2024:1.00 2025:1.00 2026:1.00
weekly_rosters,status_description_abbr,healthy,2025,1.0,,1.0,2002:1.00 2003:1.00 2004:1.00 2005:1.00 2006:1.00 2007:1.00 2008:1.00 2009:1.00 2010:1.00 2011:1.00 2012:1.00 2013:1.00 2014:1.00 2015:1.00 2016:0.48 2017:0.56 2018:0.55 2019:0.55 2020:0.89 2021:1.00 2022:1.00 2023:1.00 2024:1.00 2025:1.00 2026:1.00
weekly_rosters,football_name,healthy,2025,1.0,,1.0,2002:1.00 2003:1.00 2004:1.00 2005:1.00 2006:1.00 2007:1.00 2008:1.00 2009:1.00 2010:1.00 2011:1.00 2012:1.00 2013:1.00 2014:1.00 2015:1.00 2016:1.00 2017:1.00 2018:1.00 2019:1.00 2020:1.00 2021:1.00 2022:1.00 2023:1.00 2024:1.00 2025:1.00 2026:1.00
weekly_rosters,esb_id,healthy,2025,1.0,,0.984,2002:1.00 2003:1.00 2004:1.00 2005:1.00 2006:1.00 2007:1.00 2008:1.00 2009:1.00 2010:1.00 2011:1.00 2012:1.00 2013:1.00 2014:1.00 2015:1.00 2016:1.00 2017:1.00 2018:1.00 2019:1.00 2020:1.00 2021:1.00 2022:1.00 2023:1.00 2024:1.00 2025:1.00 2026:0.98
weekly_rosters,gsis_it_id,healthy,2025,1.0,,1.0,2002:0.01 2003:0.02 2004:0.03 2005:0.06 2006:0.09 2007:0.12 2008:0.17 2009:0.23 2010:0.31 2011:0.41 2012:0.52 2013:0.66 2014:0.80 2015:0.93 2016:0.96 2017:1.00 2018:1.00 2019:1.00 2020:1.00 2021:1.00 2022:1.00 2023:1.00 2024:1.00 2025:1.00 2026:1.00
weekly_rosters,smart_id,healthy,2025,1.0,,0.983,2002:1.00 2003:1.00 2004:1.00 2005:1.00 2006:1.00 2007:1.00 2008:1.00 2009:1.00 2010:1.00 2011:1.00 2012:1.00 2013:1.00 2014:1.00 2015:1.00 2016:1.00 2017:1.00 2018:1.00 2019:1.00 2020:1.00 2021:1.00 2022:1.00 2023:1.00 2024:1.00 2025:1.00 2026:0.98
weekly_rosters,entry_year,healthy,2025,1.0,,1.0,2002:1.00 2003:1.00 2004:1.00 2005:1.00 2006:1.00 2007:1.00 2008:1.00 2009:1.00 2010:1.00 2011:1.00 2012:1.00 2013:1.00 2014:1.00 2015:1.00 2016:0.93 2017:1.00 2018:1.00 2019:1.00 2020:1.00 2021:1.00 2022:1.00 2023:1.00 2024:1.00 2025:1.00 2026:1.00
weekly_rosters,rookie_year,healthy,2025,1.0,,1.0,2002:1.00 2003:1.00 2004:1.00 2005:1.00 2006:1.00 2007:1.00 2008:1.00 2009:1.00 2010:1.00 2011:1.00 2012:1.00 2013:1.00 2014:1.00 2015:1.00 2016:0.93 2017:1.00 2018:1.00 2019:1.00 2020:1.00 2021:1.00 2022:1.00 2023:1.00 2024:1.00 2025:1.00 2026:1.00
weekly_rosters,draft_club,healthy,2025,0.654,,0.593,2002:0.74 2003:0.74 2004:0.75 2005:0.75 2006:0.75 2007:0.75 2008:0.76 2009:0.75 2010:0.75 2011:0.74 2012:0.72 2013:0.71 2014:0.70 2015:0.69 2016:0.63 2017:0.52 2018:0.52 2019:0.53 2020:0.61 2021:0.63 2022:0.64 2023:0.65 2024:0.65 2025:0.65 2026:0.59
weekly_rosters,jersey_number,healthy,2025,1.0,,0.948,2002:1.00 2003:1.00 2004:1.00 2005:1.00 2006:1.00 2007:1.00 2008:1.00 2009:1.00 2010:1.00 2011:1.00 2012:1.00 2013:1.00 2014:1.00 2015:1.00 2016:0.99 2017:1.00 2018:1.00 2019:1.00 2020:1.00 2021:1.00 2022:1.00 2023:1.00 2024:1.00 2025:1.00 2026:0.95
weekly_rosters,draft_number,healthy,2025,0.653,,0.592,2002:0.74 2003:0.74 2004:0.75 2005:0.75 2006:0.75 2007:0.75 2008:0.76 2009:0.75 2010:0.75 2011:0.74 2012:0.72 2013:0.71 2014:0.70 2015:0.69 2016:0.37 2017:0.38 2018:0.38 2019:0.39 2020:0.57 2021:0.63 2022:0.64 2023:0.65 2024:0.65 2025:0.65 2026:0.59
