{
  "h2h": {
    "market": "h2h",
    "n_games": 8769,
    "n_configs": 7,
    "pooled_mae": {
      "microstructure": 0.022398281155678344,
      "micro+anchor": 0.022406050972760366,
      "micro+sharp": 0.022403878696267584,
      "full": 0.02242195660617834,
      "full_lowLR": 0.022164631756594753,
      "no_move": 0.020922972788602362,
      "drift": 0.020842176557018408
    },
    "best_overall_config": "drift",
    "best_model_config": "full_lowLR",
    "model_wins_mae": false,
    "dir_acc": 0.5954849113107579,
    "drift_base_rate": 0.5595484911310757,
    "dir_lift": 0.03593642017968213,
    "pbo": 0.22727272727272727,
    "n_combos": 924,
    "dsr_excess": 0.6108005262929518,
    "dsr_excess_sr": 0.039226802796261714,
    "dsr_excess_sr0": 0.034548977261117726,
    "dsr_raw_contaminated": 0.9999999999775272,
    "n_trials": 50,
    "edge": false,
    "n_moved": 4341
  },
  "totals": {
    "market": "totals",
    "n_games": 7682,
    "n_configs": 7,
    "pooled_mae": {
      "microstructure": 0.32547394767393745,
      "micro+anchor": 0.3248421779683599,
      "micro+sharp": 0.32507302592453247,
      "full": 0.32467653111684525,
      "full_lowLR": 0.32416193381290936,
      "no_move": 0.2898599066044029,
      "drift": 0.3037420890234485
    },
    "best_overall_config": "no_move",
    "best_model_config": "full_lowLR",
    "model_wins_mae": false,
    "dir_acc": 0.5546946216955333,
    "drift_base_rate": 0.5628988149498633,
    "dir_lift": -0.008204193254329972,
    "pbo": 0.0,
    "n_combos": 924,
    "dsr_excess": 0.00765830046771176,
    "dsr_excess_sr": -0.003089829741084263,
    "dsr_excess_sr0": 0.04859725925097987,
    "dsr_raw_contaminated": 0.9424954945484847,
    "n_trials": 50,
    "edge": false,
    "n_moved": 2194
  }
}