{
  "nuts_settings": {
    "draws": 4000,
    "tune": 2000,
    "chains": 4,
    "target_accept": 0.9
  },
  "calibration_window": {
    "n_calib_obs": 866,
    "n_calib_games": 433,
    "months": [
      3,
      4
    ]
  },
  "diagnostics": {
    "divergences": 0,
    "max_rhat": 1.0,
    "min_ess_bulk": 1562.0,
    "rhat_ok": true
  },
  "mu_log_league_implied_per_side": 4.360429709240381,
  "coefficients": {
    "beta_run_env": {
      "mean": 0.049709558627879784,
      "sign_ok": true
    },
    "beta_offense": {
      "mean": 0.03083588518285684,
      "sign_ok": true
    },
    "beta_bullpen": {
      "mean": 0.1723270952972742,
      "sign_ok": true
    },
    "beta_starter": {
      "mean": 0.04713617899841542,
      "sign_ok": true
    }
  },
  "kill_criterion": {
    "n_games": 380,
    "ppm": 9.302297861842105,
    "actual_mean": 8.68421052631579,
    "bias": 0.6180873355263152,
    "threshold": 8.81,
    "passed": false,
    "delta_2026_mean": -0.002404506138235729,
    "delta_2026_hdi_low": -0.10223265636498806,
    "delta_2026_hdi_high": 0.09479877866318429,
    "delta_2026_hdi_excludes_zero": false,
    "season_run_shift_total": -0.02094416971911528
  }
}